feature_row_id,dataset_id,seed,site_id,scope_type,scope_id_hash,window_start,window_end,window_length_seconds,episode_id,latent_workload_class,label_0_to_4,label_confidence,label_reason,label_source,capacity_possible,policy_compute_ratio,o1_normalized_h100e_capacity,o1_largest_contiguous_domain_gpus,o1_homogeneous_high_end_fraction,o1_non_partitioned_fraction,o1_inventory_delta_rate,o17_external_capacity_conflict_score,o2_max_concurrent_normalized_gpus,o2_allocation_duration_hours,o2_gpu_hours_policy_ratio,o2_concurrency_fraction_domain,o2_topology_contiguity_score,o2_declared_workload_class,o2_reservation_exclusive_flag,o3_batch_provisioned_gpus,o3_capacity_reservation_duration_hours,o3_training_sku_fraction,o3_billing_continuity_score,o3_egress_tb,o4_gpu_util_p50,o4_gpu_util_p95,o4_gpu_util_duty_gt_70,o4_sm_tensor_active_p95,o4_hbm_used_fraction_p50,o4_hbm_bandwidth_active_p95,o4_gpu_power_fraction_p95,o4_error_spike_score,o5_kernel_training_motif_score,o5_tensor_throughput_ratio,o5_profiler_available,o6_nvlink_util_p95,o6_nvlink_periodicity_score,o6_link_error_spike_score,o7_scaleout_port_util_p95,o7_synchronized_fabric_footprint,o7_collective_periodicity_score,o7_burst_duty_cycle,o7_rdma_congestion_score,o7_job_to_port_mapping_coverage,o8_rack_power_fraction_p95,o8_facility_it_power_mw,o8_baseline_subtracted_energy_kwh,o8_power_continuity_days,o8_power_cv,o8_power_to_gpu_residual,o9_gpu_hbm_temp_score,o9_thermal_delta_t_score,o9_cooling_flow_duty,o10_world_size,o10_runtime_framework_class,o10_rank_stability_score,o10_same_image_gpu_count,o10_rendezvous_present,o11_data_staging_tb,o11_checkpoint_write_tb_per_event,o11_checkpoint_periodicity_score,o11_read_write_training_pattern_score,o12_signed_ml_logs_present,o12_declared_parameter_count_b,o12_training_tokens_b,o12_step_count,o12_loss_curve_present,o12_optimizer_state_present,o13_attestation_valid_fraction,o13_confidential_compute_mode_fraction,o13_collector_measurement_valid,o14_min_critical_coverage,o14_gap_fraction_critical,o14_clock_drift_max_ms,o14_counter_reset_count,o15_unapproved_physical_change_near_window,o15_firmware_bmc_change_near_window,o16_probe_throughput_ratio_min,o16_probe_latency_inflation_max,o16_vram_residency_conflict_score,o1_coverage_fraction,o1_missing_reason,o2_coverage_fraction,o2_missing_reason,o3_coverage_fraction,o3_missing_reason,o4_coverage_fraction,o4_missing_reason,o5_coverage_fraction,o5_missing_reason,o6_coverage_fraction,o6_missing_reason,o7_coverage_fraction,o7_missing_reason,o8_coverage_fraction,o8_missing_reason,o9_coverage_fraction,o9_missing_reason,o10_coverage_fraction,o10_missing_reason,o11_coverage_fraction,o11_missing_reason,o12_coverage_fraction,o12_missing_reason,o13_coverage_fraction,o13_missing_reason,o14_coverage_fraction,o14_missing_reason,o15_coverage_fraction,o15_missing_reason,o16_coverage_fraction,o16_missing_reason,o17_coverage_fraction,o17_missing_reason,scheduler_signature_status,gpu_telemetry_trust_level,fabric_telemetry_trust_level,power_meter_trust_level,feature_pipeline_version,policy_threshold_version,hardware_normalization_version,raw_input_manifest_hash,capacity_evidence_only,integrity_evidence_only,physical_evidence_only,synthetic_evidence_profile
feat_56e1c1ec67487eb38b0a547c,synthetic_v0_seed_20260510,20260510,site_a,topology_domain,fabricdom_hmac_e583d3d368,2026-05-10T03:07:49Z,2026-05-11T03:07:49Z,86400,episode_idle_00122,idle,0,0.94,idle window has strong critical-layer coverage,synthetic_latent_truth_plus_composite_rules,true,0.0,4096.0,3522,0.83,0.94,0.0,0.0,0.0,0.0,0.0,0.0,0.0,none,false,,,,,,0.0,0.0,0.0,0.0,0.0,0.0,0.18,0.0,,,false,0.0,0.0,0.0,0.0,0,0.0,0.0,0.0,0.96,0.2448,4.4398,138.068,0.7317,0.1889,0.0,0.08,0.1,0.12,0,none,0.0,0,false,0.0,0.0,0.0,0.0,false,,,,false,false,0.98,0.0,true,0.98,0.01,72,0,false,false,,,,1.0,observed,1.0,observed,0.0,not_applicable,1.0,observed,0.0,routine_profiler_disabled,1.0,observed,1.0,observed,1.0,observed,1.0,observed,1.0,observed,1.0,observed,0.0,privacy_redacted,1.0,observed,1.0,observed,1.0,observed,0.0,not_scheduled,1.0,observed,valid,operator_signed,operator_signed,bms_meter,features-v0.1.0,policy-thresholds-v0.1.0,h100e-normalization-v0.1.0,sha256:a7408f6598b3174f285c70a52eaaa623d20ca150beacedb84d8c5868b11d6c6c,false,false,false,none
feat_b2652b3882dec05aea51a084,synthetic_v0_seed_20260510,20260510,site_a,linked_job_group,jobgrp_hmac_a60314b5d69a,2026-05-10T05:22:58Z,2026-05-11T05:22:58Z,86400,episode_underclocked_long_duration_training_00017,underclocked_long_duration_training,3,0.86,one strong primary layer plus semantic/supportive corroboration supports likely training,synthetic_latent_truth_plus_composite_rules,true,16.05,4096.0,3522,0.83,0.94,0.0,0.0,513.42,384.13,16.05,0.1253,0.86,unknown,true,,,,,,58.0,76.0,0.62,72.0,0.7,0.823,0.8309,0.0,,,false,0.4675,0.644,0.0,0.55,413,0.7,0.325,0.2888,0.96,0.38,4.4398,14544.4608,16.0054,0.1208,-0.0349,0.7482,0.4164,0.446,513,pytorch_distributed_training,0.852,513,true,0.0,0.481,0.6069,0.0,false,,,,false,false,0.98,0.0,true,0.98,0.01,65,0,false,false,,,,1.0,observed,1.0,observed,0.0,not_applicable,1.0,observed,0.0,routine_profiler_disabled,1.0,observed,1.0,observed,1.0,observed,1.0,observed,1.0,observed,1.0,observed,0.0,privacy_redacted,1.0,observed,1.0,observed,1.0,observed,0.0,not_scheduled,1.0,observed,valid,operator_signed,operator_signed,bms_meter,features-v0.1.0,policy-thresholds-v0.1.0,h100e-normalization-v0.1.0,sha256:3da4ce196aa703b85dd371c785d7c6a97832ac0b8a492016071aebcaa8a27303,false,false,false,training_primary_semantic
feat_a29fd65fe57f5d7e58b7fb99,synthetic_v0_seed_20260510,20260510,site_c,topology_domain,fabricdom_hmac_75ba8c7f1964,2026-05-10T06:57:40Z,2026-05-11T06:57:40Z,86400,episode_large_batch_inference_00064,large_batch_inference,0,0.95,capacity below policy threshold with strong coverage,synthetic_latent_truth_plus_composite_rules,false,0.0316,384.0,276,0.9,0.66,0.0,0.0,187.88,2.07,0.0316,0.4893,0.78,inference,false,,,,,,68.0,88.0,0.62,72.0,0.62,0.803,0.9352,0.0,,,false,0.187,0.138,0.0,0.22,32,0.15,0.1325,0.0248,0.96,0.5558,0.5794,1380.6789,0.0862,0.1208,0.0982,0.8233,0.5535,0.5691,187,large_batch_inference,0.796,187,false,11.56,0.0,0.0,0.0,false,,,,false,false,0.98,0.0,true,0.98,0.01,36,0,false,false,,,,1.0,observed,1.0,observed,1.0,observed,1.0,observed,0.0,routine_profiler_disabled,1.0,observed,1.0,observed,1.0,observed,1.0,observed,1.0,observed,1.0,observed,0.0,privacy_redacted,1.0,observed,1.0,observed,1.0,observed,0.0,not_scheduled,1.0,observed,valid,auditor_reconciled,auditor_reconciled,bms_meter,features-v0.1.0,policy-thresholds-v0.1.0,h100e-normalization-v0.1.0,sha256:b25eb04fca6cc89d3f0eb86aedf8d03869b4dd2abf1ff27e60de4050159432ac,false,false,false,false_positive_primary
feat_ef3e64f1705eebe7d431de63,synthetic_v0_seed_20260510,20260510,site_a,linked_job_group,jobgrp_hmac_9338de959dc7,2026-05-10T08:29:30Z,2026-05-11T08:29:30Z,86400,episode_counter_suppressed_candidate_window_00003,counter_suppressed_candidate_window,2,0.74,one primary layer is materially elevated,synthetic_latent_truth_plus_composite_rules,true,3.7271,4096.0,3522,0.83,0.94,0.0,0.0,893.84,51.24,3.7271,0.2182,0.88,unknown,true,,,,,,,,,,,,,0.0,,,false,0.578,0.6624,0.0,0.68,740,0.72,0.332,0.3672,0.96,0.8393,4.4398,63485.7051,2.135,0.22,0.2221,0.2724,0.2916,0.334,893,unknown_cc_mode,0.866,893,true,0.0,0.0,0.0,0.0,false,,,,false,false,0.98,0.8594,true,0.1333,0.8667,34,0,false,false,0.6108,1.3361,0.4678,1.0,observed,1.0,observed,0.0,not_applicable,0.1333,counter_disabled_by_cc_mode,0.0,routine_profiler_disabled,1.0,observed,1.0,observed,1.0,observed,1.0,observed,1.0,observed,1.0,observed,0.0,privacy_redacted,1.0,observed,1.0,observed,1.0,observed,1.0,observed,1.0,observed,valid,operator_signed,operator_signed,bms_meter,features-v0.1.0,policy-thresholds-v0.1.0,h100e-normalization-v0.1.0,sha256:002cb35b99239782610c1846c6e21d2cb03cc5aa625528a7a07b4ca572a1b080,false,false,false,training_suppressed_counters
feat_b2612cd768ef3acae1106829,synthetic_v0_seed_20260510,20260510,site_a,topology_domain,fabricdom_hmac_e583d3d368,2026-05-10T11:40:29Z,2026-05-11T11:40:29Z,86400,episode_idle_00121,idle,0,0.94,idle window has strong critical-layer coverage,synthetic_latent_truth_plus_composite_rules,true,0.0,4096.0,3522,0.83,0.94,0.0,0.0,0.0,0.0,0.0,0.0,0.0,none,false,,,,,,0.0,0.0,0.0,0.0,0.0,0.0,0.18,0.0,,,false,0.0,0.0,0.0,0.0,0,0.0,0.0,0.0,0.96,0.1359,4.4398,0.0,1.2008,0.1476,0.0,0.08,0.1,0.12,0,none,0.0,0,false,0.0,0.0,0.0,0.0,false,,,,false,false,0.98,0.0,true,0.98,0.01,46,0,false,false,,,,1.0,observed,1.0,observed,0.0,not_applicable,1.0,observed,0.0,routine_profiler_disabled,1.0,observed,1.0,observed,1.0,observed,1.0,observed,1.0,observed,1.0,observed,0.0,privacy_redacted,1.0,observed,1.0,observed,1.0,observed,0.0,not_scheduled,1.0,observed,valid,operator_signed,operator_signed,bms_meter,features-v0.1.0,policy-thresholds-v0.1.0,h100e-normalization-v0.1.0,sha256:3ca5203a03f1e9573472a2fc307dadcc0d2a2e0020d8895db6bcd74203807f14,false,false,false,none
feat_019bc9f8f631a29d9855178a,synthetic_v0_seed_20260510,20260510,site_b,topology_domain,fabricdom_hmac_91e1474b6e,2026-05-10T16:24:01Z,2026-05-11T16:24:01Z,86400,episode_idle_00181,idle,0,0.94,idle window has strong critical-layer coverage,synthetic_latent_truth_plus_composite_rules,true,0.0,2048.0,1761,0.865,0.94,0.0,0.0,0.0,0.0,0.0,0.0,0.0,none,false,,,,,,0.0,0.0,0.0,0.0,0.0,0.0,0.18,0.0,,,false,0.0,0.0,0.0,0.0,0,0.0,0.0,0.0,0.96,0.1881,2.3099,0.0,1.6821,0.132,0.0,0.08,0.1,0.12,0,none,0.0,0,false,0.0,0.0,0.0,0.0,false,,,,false,false,0.98,0.0,true,0.98,0.01,14,0,false,false,,,,1.0,observed,1.0,observed,1.0,observed,1.0,observed,0.0,routine_profiler_disabled,1.0,observed,1.0,observed,1.0,observed,1.0,observed,1.0,observed,1.0,observed,0.0,privacy_redacted,1.0,observed,1.0,observed,1.0,observed,0.0,not_scheduled,1.0,observed,valid,operator_signed,operator_signed,bms_meter,features-v0.1.0,policy-thresholds-v0.1.0,h100e-normalization-v0.1.0,sha256:65a431e957a9f6869a294e6be819c192067d7ea08f5bd5feec6d7a38a9761e3b,false,false,false,none
feat_eac3528e4b962752db7e5ce6,synthetic_v0_seed_20260510,20260510,site_c,topology_domain,fabricdom_hmac_1cef9a87a6a5,2026-05-10T18:35:46Z,2026-05-11T18:35:46Z,86400,episode_large_etl_data_movement_00044,large_etl_data_movement,0,0.95,capacity below policy threshold with strong coverage,synthetic_latent_truth_plus_composite_rules,false,0.0114,384.0,276,0.9,0.66,0.0,0.0,1.95,71.97,0.0114,0.0051,0.25,data,false,,,,,295.07,22.0,48.0,0.08,12.0,0.28,0.178,0.5874,0.0,,,false,0.153,0.046,0.0,0.18,0,0.05,0.0975,0.0067,0.96,0.2219,0.5794,0.0,2.9987,0.2072,0.2189,0.5729,0.2931,0.3353,1,etl_data_pipeline,0.425,1,false,1092.22,0.0,0.0,0.0,false,,,,false,false,0.98,0.0,true,0.98,0.01,18,0,false,false,,,,1.0,observed,1.0,observed,1.0,observed,1.0,observed,0.0,routine_profiler_disabled,1.0,observed,1.0,observed,1.0,observed,1.0,observed,1.0,observed,1.0,observed,0.0,privacy_redacted,1.0,observed,1.0,observed,1.0,observed,0.0,not_scheduled,1.0,observed,valid,auditor_reconciled,auditor_reconciled,bms_meter,features-v0.1.0,policy-thresholds-v0.1.0,h100e-normalization-v0.1.0,sha256:893a807826ecbdfafce43218e47e719449a5333794a429cb2897cd78eee6e6b0,false,false,true,physical_only
feat_b81e690ec9528deb6665b936,synthetic_v0_seed_20260510,20260510,site_b,topology_domain,fabricdom_hmac_ab97f8ee65a3,2026-05-10T20:15:50Z,2026-05-11T20:15:50Z,86400,episode_large_batch_inference_00099,large_batch_inference,2,0.78,large_batch_inference is a high-load false-positive class requiring cross-checks,synthetic_latent_truth_plus_composite_rules,true,0.1457,2048.0,1761,0.865,0.94,0.0,0.0,962.87,1.86,0.1457,0.4701,0.78,inference,false,,,,,,68.0,88.0,0.62,72.0,0.62,0.803,0.9352,0.0,,,false,0.187,0.138,0.0,0.22,166,0.15,0.1325,0.0248,0.96,0.5427,2.3099,14952.806,0.0775,0.1208,0.1031,0.8233,0.5433,0.5599,962,large_batch_inference,0.796,962,false,42.07,0.0,0.0,0.0,false,,,,false,false,0.98,0.0,true,0.98,0.01,75,0,false,false,,,,1.0,observed,1.0,observed,1.0,observed,1.0,observed,0.0,routine_profiler_disabled,1.0,observed,1.0,observed,1.0,observed,1.0,observed,1.0,observed,1.0,observed,0.0,privacy_redacted,1.0,observed,1.0,observed,1.0,observed,0.0,not_scheduled,1.0,observed,valid,operator_signed,operator_signed,bms_meter,features-v0.1.0,policy-thresholds-v0.1.0,h100e-normalization-v0.1.0,sha256:feeb6afe48edd85f8cfd656bdcb1fa25c774202ae1a10b0bbd440b92f4eb0839,false,false,false,false_positive_primary
feat_2d2fe2f8416392a6f1473e9e,synthetic_v0_seed_20260510,20260510,site_a,topology_domain,fabricdom_hmac_159d6f787b62,2026-05-10T21:52:24Z,2026-05-11T21:52:24Z,86400,episode_large_etl_data_movement_00185,large_etl_data_movement,1,0.72,physical activity alone is weak and non-semantic,synthetic_latent_truth_plus_composite_rules,true,0.1315,4096.0,3522,0.83,0.94,0.0,0.0,75.67,21.36,0.1315,0.0185,0.25,data,false,,,,,149.44,22.0,48.0,0.08,12.0,0.28,0.178,0.5874,0.0,,,false,0.153,0.046,0.0,0.18,4,0.05,0.0975,0.0067,0.96,0.2269,4.4398,0.0,0.89,0.2072,0.216,0.5729,0.297,0.3388,75,etl_data_pipeline,0.425,75,false,3103.17,0.0,0.0,0.0,false,,,,false,false,0.98,0.0,true,0.98,0.01,37,0,false,false,,,,1.0,observed,1.0,observed,0.0,not_applicable,1.0,observed,0.0,routine_profiler_disabled,1.0,observed,1.0,observed,1.0,observed,1.0,observed,1.0,observed,1.0,observed,0.0,privacy_redacted,1.0,observed,1.0,observed,1.0,observed,0.0,not_scheduled,1.0,observed,valid,operator_signed,operator_signed,bms_meter,features-v0.1.0,policy-thresholds-v0.1.0,h100e-normalization-v0.1.0,sha256:3b378b4e9c74c946de11313b719c9863b57b074827a25aee98e7ca0b9da92530,false,false,true,physical_only
feat_6292d19d5c7aec4fc4864776,synthetic_v0_seed_20260510,20260510,site_b,topology_domain,fabricdom_hmac_91e1474b6e,2026-05-11T04:41:23Z,2026-05-12T04:41:23Z,86400,episode_idle_00198,idle,0,0.94,idle window has strong critical-layer coverage,synthetic_latent_truth_plus_composite_rules,true,0.0,2048.0,1761,0.865,0.94,0.0,0.0,0.0,0.0,0.0,0.0,0.0,none,false,,,,,,0.0,0.0,0.0,0.0,0.0,0.0,0.18,0.0,,,false,0.0,0.0,0.0,0.0,0,0.0,0.0,0.0,0.96,0.2629,2.3099,0.0,0.7125,0.1686,0.0,0.08,0.1,0.12,0,none,0.0,0,false,0.0,0.0,0.0,0.0,false,,,,false,false,0.98,0.0,true,0.98,0.01,34,0,false,false,,,,1.0,observed,1.0,observed,1.0,observed,1.0,observed,0.0,routine_profiler_disabled,1.0,observed,1.0,observed,1.0,observed,1.0,observed,1.0,observed,1.0,observed,0.0,privacy_redacted,1.0,observed,1.0,observed,1.0,observed,0.0,not_scheduled,1.0,observed,valid,operator_signed,operator_signed,bms_meter,features-v0.1.0,policy-thresholds-v0.1.0,h100e-normalization-v0.1.0,sha256:ec57fce0860bb9b99614f887f3ddea533f49c23a2864b9dd6424107300ad60d4,false,false,false,none
feat_b5f19d74a8c871c291c1791c,synthetic_v0_seed_20260510,20260510,site_a,topology_domain,fabricdom_hmac_9aa426eeb572,2026-05-11T06:54:25Z,2026-05-12T06:54:25Z,86400,episode_nccl_benchmark_00007,nccl_benchmark,2,0.78,nccl_benchmark is a high-load false-positive class requiring cross-checks,synthetic_latent_truth_plus_composite_rules,true,0.016,4096.0,3522,0.83,0.94,0.0,0.0,419.63,0.47,0.016,0.1024,0.92,benchmark,false,,,,,,58.0,96.0,0.52,84.0,0.4,0.856,1.0,0.0,,,false,0.782,0.7912,0.0,0.92,377,0.86,0.381,0.5934,0.96,0.45,4.4398,22003.392,0.0196,0.1368,0.3476,0.87,0.471,0.495,419,nccl_benchmark,0.894,419,true,0.0,0.0,0.0,0.0,false,,,,false,false,0.98,0.0,true,0.98,0.01,73,0,false,false,,,,1.0,observed,1.0,observed,0.0,not_applicable,1.0,observed,0.0,routine_profiler_disabled,1.0,observed,1.0,observed,1.0,observed,1.0,observed,1.0,observed,1.0,observed,0.0,privacy_redacted,1.0,observed,1.0,observed,1.0,observed,0.0,not_scheduled,1.0,observed,valid,operator_signed,operator_signed,bms_meter,features-v0.1.0,policy-thresholds-v0.1.0,h100e-normalization-v0.1.0,sha256:e858217dd964c40f4469998b7db5a0890b9150dc424aeb204aa97cb805b56349,false,false,false,false_positive_primary
feat_794660c56eaa3458693cce2d,synthetic_v0_seed_20260510,20260510,site_a,topology_domain,fabricdom_hmac_e583d3d368,2026-05-11T08:21:00Z,2026-05-12T08:21:00Z,86400,episode_idle_00129,idle,0,0.94,idle window has strong critical-layer coverage,synthetic_latent_truth_plus_composite_rules,true,0.0,4096.0,3522,0.83,0.94,0.0,0.0,0.0,0.0,0.0,0.0,0.0,none,false,,,,,,0.0,0.0,0.0,0.0,0.0,0.0,0.18,0.0,,,false,0.0,0.0,0.0,0.0,0,0.0,0.0,0.0,0.96,0.2639,4.4398,2173.2906,2.6067,0.1642,0.0,0.08,0.1,0.12,0,none,0.0,0,false,0.0,0.0,0.0,0.0,false,,,,false,false,0.98,0.0,true,0.98,0.01,46,0,false,false,,,,1.0,observed,1.0,observed,0.0,not_applicable,1.0,observed,0.0,routine_profiler_disabled,1.0,observed,1.0,observed,1.0,observed,1.0,observed,1.0,observed,1.0,observed,0.0,privacy_redacted,1.0,observed,1.0,observed,1.0,observed,0.0,not_scheduled,1.0,observed,valid,operator_signed,operator_signed,bms_meter,features-v0.1.0,policy-thresholds-v0.1.0,h100e-normalization-v0.1.0,sha256:729c44aef61f19888a12f59b0e971f52c63781cdedf2c9aeb13ed508d1a9421a,false,false,false,none
feat_2046af10c7627af1d04d3866,synthetic_v0_seed_20260510,20260510,site_a,linked_job_group,jobgrp_hmac_9338de959dc7,2026-05-11T08:29:30Z,2026-05-12T08:29:30Z,86400,episode_counter_suppressed_candidate_window_00003,counter_suppressed_candidate_window,2,0.74,one primary layer is materially elevated,synthetic_latent_truth_plus_composite_rules,true,3.7271,4096.0,3522,0.83,0.94,0.0,0.0,893.84,51.24,3.7271,0.2182,0.88,unknown,true,,,,,,,,,,,,,0.0,,,false,0.578,0.6624,0.0,0.68,740,0.72,0.332,0.3672,0.96,0.8393,4.4398,63485.7051,2.135,0.22,0.2221,0.2724,0.2916,0.334,893,unknown_cc_mode,0.866,893,true,0.0,0.0,0.0,0.0,false,,,,false,false,0.98,0.8594,true,0.1333,0.8667,34,0,false,false,0.6108,1.3361,0.4678,1.0,observed,1.0,observed,0.0,not_applicable,0.1333,counter_disabled_by_cc_mode,0.0,routine_profiler_disabled,1.0,observed,1.0,observed,1.0,observed,1.0,observed,1.0,observed,1.0,observed,0.0,privacy_redacted,1.0,observed,1.0,observed,1.0,observed,1.0,observed,1.0,observed,valid,operator_signed,operator_signed,bms_meter,features-v0.1.0,policy-thresholds-v0.1.0,h100e-normalization-v0.1.0,sha256:5c3893645c9c8e2bf3213f28f8297d7bdba90c50f6cedf98abfd235f53309f17,false,false,false,training_suppressed_counters
feat_cb85024b52fbdbb4d4f87879,synthetic_v0_seed_20260510,20260510,site_b,topology_domain,fabricdom_hmac_91e1474b6e,2026-05-11T10:35:36Z,2026-05-12T10:35:36Z,86400,episode_maintenance_window_00169,maintenance_window,1,0.64,integrity anomaly without primary activity is not direct training evidence,synthetic_latent_truth_plus_composite_rules,true,0.0,2048.0,1761,0.865,0.94,0.0,0.0,0.0,2.2405,0.0,0.0,0.0,none,false,,,,,,0.0,0.0,0.0,0.0,0.0,0.0,0.18,0.0,,,false,0.0,0.0,0.0,0.0,0,0.0,0.0,0.0,0.96,0.2,2.3099,0.0,0.0934,0.18,0.0,0.08,0.1,0.12,0,none,0.0,0,false,0.0,0.0,0.0,0.0,false,,,,false,false,0.98,0.0,true,0.6218,0.3782,55,2,false,true,,,,1.0,observed,1.0,observed,1.0,observed,0.6218,collector_gap,0.0,routine_profiler_disabled,1.0,observed,0.6218,collector_gap,1.0,observed,1.0,observed,1.0,observed,1.0,observed,0.0,privacy_redacted,1.0,observed,0.6218,collector_gap,1.0,observed,0.0,not_scheduled,1.0,observed,valid,operator_signed,operator_signed,bms_meter,features-v0.1.0,policy-thresholds-v0.1.0,h100e-normalization-v0.1.0,sha256:847fba8b233ea146162b39982fde6c63700ffa83579421efce12cf2288615574,false,true,false,integrity_only
feat_e91967778e7ae00adc14d2a3,synthetic_v0_seed_20260510,20260510,site_a,topology_domain,fabricdom_hmac_e583d3d368,2026-05-11T10:52:38Z,2026-05-12T10:52:38Z,86400,episode_idle_00035,idle,0,0.94,idle window has strong critical-layer coverage,synthetic_latent_truth_plus_composite_rules,true,0.0,4096.0,3522,0.83,0.94,0.0,0.0,0.0,0.0,0.0,0.0,0.0,none,false,,,,,,0.0,0.0,0.0,0.0,0.0,0.0,0.18,0.0,,,false,0.0,0.0,0.0,0.0,0,0.0,0.0,0.0,0.96,0.1998,4.4398,0.0,2.4025,0.2351,0.0,0.08,0.1,0.12,0,none,0.0,0,false,0.0,0.0,0.0,0.0,false,,,,false,false,0.98,0.0,true,0.98,0.01,62,0,false,false,,,,1.0,observed,1.0,observed,0.0,not_applicable,1.0,observed,0.0,routine_profiler_disabled,1.0,observed,1.0,observed,1.0,observed,1.0,observed,1.0,observed,1.0,observed,0.0,privacy_redacted,1.0,observed,1.0,observed,1.0,observed,0.0,not_scheduled,1.0,observed,valid,operator_signed,operator_signed,bms_meter,features-v0.1.0,policy-thresholds-v0.1.0,h100e-normalization-v0.1.0,sha256:5f51df07811a853db8480f548379aa9726e3c22f0862565d61b5a8c7529162a3,false,false,false,none
feat_937cabcb4cc881b6587396ac,synthetic_v0_seed_20260510,20260510,site_b,linked_job_group,jobgrp_hmac_7e8e7c7d3a1c,2026-05-11T16:29:39Z,2026-05-12T16:29:39Z,86400,episode_pretraining_00041,pretraining,4,0.96,authenticated ML evidence crosses the policy compute threshold,synthetic_latent_truth_plus_composite_rules,true,36.1527,2048.0,1761,0.865,0.94,0.0,0.0,1738.26,255.57,36.1527,0.8488,0.8258,train,true,,,,,,87.83,96.83,0.7875,91.82,0.8727,1.0,1.0,0.0,0.7035,0.7874,true,0.699,0.6977,0.0,0.8223,1515,0.7584,0.3454,0.4677,0.96,0.8611,2.3099,32604.2907,10.6487,0.094,0.0123,0.87,0.7917,0.7828,1738,pytorch_distributed_training,0.8281,1738,true,571.68,1.299,0.8738,0.8734,true,213.47,1132.26,204967,true,true,0.98,0.0,true,0.98,0.01,35,0,false,false,,,,1.0,observed,1.0,observed,1.0,observed,1.0,observed,0.4993,privacy_redacted,1.0,observed,1.0,observed,1.0,observed,1.0,observed,1.0,observed,1.0,observed,0.8863,delayed_log_delivery,1.0,observed,1.0,observed,1.0,observed,0.0,not_scheduled,1.0,observed,valid,operator_signed,operator_signed,bms_meter,features-v0.1.0,policy-thresholds-v0.1.0,h100e-normalization-v0.1.0,sha256:1a22a8e458df1e8f4f2183ae7572f9cac6a60d82939e75e96fd22e2c9d19e0c4,false,false,false,training_primary_semantic
feat_9effc68ebde7f9edee127fb6,synthetic_v0_seed_20260510,20260510,site_c,topology_domain,fabricdom_hmac_1cef9a87a6a5,2026-05-11T18:35:46Z,2026-05-12T18:35:46Z,86400,episode_large_etl_data_movement_00044,large_etl_data_movement,0,0.95,capacity below policy threshold with strong coverage,synthetic_latent_truth_plus_composite_rules,false,0.0114,384.0,276,0.9,0.66,0.0,0.0,1.95,71.97,0.0114,0.0051,0.25,data,false,,,,,295.07,22.0,48.0,0.08,12.0,0.28,0.178,0.5874,0.0,,,false,0.153,0.046,0.0,0.18,0,0.05,0.0975,0.0067,0.96,0.2219,0.5794,0.0,2.9987,0.2072,0.2189,0.5729,0.2931,0.3353,1,etl_data_pipeline,0.425,1,false,1092.22,0.0,0.0,0.0,false,,,,false,false,0.98,0.0,true,0.98,0.01,18,0,false,false,,,,1.0,observed,1.0,observed,1.0,observed,1.0,observed,0.0,routine_profiler_disabled,1.0,observed,1.0,observed,1.0,observed,1.0,observed,1.0,observed,1.0,observed,0.0,privacy_redacted,1.0,observed,1.0,observed,1.0,observed,0.0,not_scheduled,1.0,observed,valid,auditor_reconciled,auditor_reconciled,bms_meter,features-v0.1.0,policy-thresholds-v0.1.0,h100e-normalization-v0.1.0,sha256:d04bca674629a00d37016ccc6ab0cd614d88baeb2d3354d4976965dcb481db8a,false,false,true,physical_only
feat_326969336895fa6635f00cb6,synthetic_v0_seed_20260510,20260510,site_b,topology_domain,fabricdom_hmac_a04af5810fd1,2026-05-11T19:35:38Z,2026-05-12T19:35:38Z,86400,episode_large_etl_data_movement_00125,large_etl_data_movement,1,0.72,physical activity alone is weak and non-semantic,synthetic_latent_truth_plus_composite_rules,true,0.0137,2048.0,1761,0.865,0.94,0.0,0.0,29.05,5.8,0.0137,0.0142,0.25,data,false,,,,,443.82,22.0,48.0,0.08,12.0,0.28,0.178,0.5874,0.0,,,false,0.153,0.046,0.0,0.18,1,0.05,0.0975,0.0067,0.96,0.2253,2.3099,0.0,0.2417,0.2072,0.217,0.5729,0.2957,0.3377,29,etl_data_pipeline,0.425,29,false,3163.49,0.0,0.0,0.0,false,,,,false,false,0.98,0.0,true,0.98,0.01,79,0,false,false,,,,1.0,observed,1.0,observed,1.0,observed,1.0,observed,0.0,routine_profiler_disabled,1.0,observed,1.0,observed,1.0,observed,1.0,observed,1.0,observed,1.0,observed,0.0,privacy_redacted,1.0,observed,1.0,observed,1.0,observed,0.0,not_scheduled,1.0,observed,valid,operator_signed,operator_signed,bms_meter,features-v0.1.0,policy-thresholds-v0.1.0,h100e-normalization-v0.1.0,sha256:4310db0982bcc854374621f799fe27ad74e4914e43773d213706eefea65ea265,false,false,true,physical_only
feat_9322d473b4e449ee4eda994a,synthetic_v0_seed_20260510,20260510,site_a,topology_domain,fabricdom_hmac_f8d80b0cb497,2026-05-12T00:02:08Z,2026-05-13T00:02:08Z,86400,episode_hardware_burn_in_00000,hardware_burn_in,2,0.78,hardware_burn_in is a high-load false-positive class requiring cross-checks,synthetic_latent_truth_plus_composite_rules,true,2.2423,4096.0,3522,0.83,0.94,0.0,0.0,677.96,40.64,2.2423,0.1655,0.55,burn_in,true,,,,,,82.0,98.0,0.9,50.0,0.35,0.5375,1.0,0.3166,,,false,0.085,0.046,0.0,0.1,38,0.05,0.0975,0.0038,0.96,0.45,4.4398,22003.392,1.6933,0.076,0.2845,0.87,0.471,0.495,677,hardware_burn_in,0.635,677,false,0.0,0.0,0.0,0.0,false,,,,false,false,0.98,0.0,true,0.98,0.01,19,0,false,false,,,,1.0,observed,1.0,observed,0.0,not_applicable,1.0,observed,0.0,routine_profiler_disabled,1.0,observed,1.0,observed,1.0,observed,1.0,observed,1.0,observed,1.0,observed,0.0,privacy_redacted,1.0,observed,1.0,observed,1.0,observed,0.0,not_scheduled,1.0,observed,valid,operator_signed,operator_signed,bms_meter,features-v0.1.0,policy-thresholds-v0.1.0,h100e-normalization-v0.1.0,sha256:6cbbcf0b103d0e2013af88b7f16518ad2274a9d39788a332c4955dce6a8c490f,false,false,false,false_positive_primary
feat_e799034f166ff5e6b9ef2eca,synthetic_v0_seed_20260510,20260510,site_b,linked_job_group,jobgrp_hmac_31d0e2f6236f,2026-05-12T01:52:28Z,2026-05-13T01:52:28Z,86400,episode_adversarial_fragmented_training_00015,adversarial_fragmented_training,2,0.78,fragmented sub-threshold activity is elevated until jobs/accounts are linked,synthetic_latent_truth_plus_composite_rules,true,11.2758,2048.0,1761,0.865,0.94,0.0,0.3453,836.75,165.59,11.2758,0.4086,0.42,unknown,true,,,,,,76.0,91.0,0.78,86.0,0.74,0.959,0.9613,0.0,,,false,0.408,0.506,0.0,0.48,529,0.55,0.2725,0.198,0.96,0.51,2.3099,13139.9808,6.8996,0.0952,0.1172,0.8421,0.5178,0.537,836,pytorch_distributed_training,0.544,836,true,0.0,0.651,0.5528,0.0,false,,,,false,false,0.98,0.0,true,0.98,0.01,15,0,false,false,,,,1.0,observed,1.0,observed,1.0,observed,1.0,observed,0.0,routine_profiler_disabled,1.0,observed,1.0,observed,1.0,observed,1.0,observed,1.0,observed,1.0,observed,0.0,privacy_redacted,1.0,observed,1.0,observed,1.0,observed,0.0,not_scheduled,1.0,observed,valid,operator_signed,operator_signed,bms_meter,features-v0.1.0,policy-thresholds-v0.1.0,h100e-normalization-v0.1.0,sha256:9f9ce09efce35a07f64bc74a41de80601b7c4f1d40887bf2be4d51aa161f73d6,false,false,false,training_fragmented
feat_edc7386d99cfb31697eedba6,synthetic_v0_seed_20260510,20260510,site_a,topology_domain,fabricdom_hmac_e583d3d368,2026-05-12T08:21:00Z,2026-05-13T08:21:00Z,86400,episode_idle_00129,idle,0,0.94,idle window has strong critical-layer coverage,synthetic_latent_truth_plus_composite_rules,true,0.0,4096.0,3522,0.83,0.94,0.0,0.0,0.0,0.0,0.0,0.0,0.0,none,false,,,,,,0.0,0.0,0.0,0.0,0.0,0.0,0.18,0.0,,,false,0.0,0.0,0.0,0.0,0,0.0,0.0,0.0,0.96,0.2639,4.4398,2173.2906,2.6067,0.1642,0.0,0.08,0.1,0.12,0,none,0.0,0,false,0.0,0.0,0.0,0.0,false,,,,false,false,0.98,0.0,true,0.98,0.01,46,0,false,false,,,,1.0,observed,1.0,observed,0.0,not_applicable,1.0,observed,0.0,routine_profiler_disabled,1.0,observed,1.0,observed,1.0,observed,1.0,observed,1.0,observed,1.0,observed,0.0,privacy_redacted,1.0,observed,1.0,observed,1.0,observed,0.0,not_scheduled,1.0,observed,valid,operator_signed,operator_signed,bms_meter,features-v0.1.0,policy-thresholds-v0.1.0,h100e-normalization-v0.1.0,sha256:fd526cabeb9bfd07a1e9b25a2cbcee28f61215cfbdc159ce06a8dc3862403358,false,false,false,none
feat_cfeb2e34dc78e2bef5dc8ba8,synthetic_v0_seed_20260510,20260510,site_a,linked_job_group,jobgrp_hmac_a60314b5d69a,2026-05-12T08:49:48Z,2026-05-13T08:49:48Z,86400,episode_underclocked_long_duration_training_00017,underclocked_long_duration_training,3,0.86,one strong primary layer plus semantic/supportive corroboration supports likely training,synthetic_latent_truth_plus_composite_rules,true,16.05,4096.0,3522,0.83,0.94,0.0,0.0,513.42,384.13,16.05,0.1253,0.86,unknown,true,,,,,,58.0,76.0,0.62,72.0,0.7,0.823,0.8309,0.0,,,false,0.4675,0.644,0.0,0.55,413,0.7,0.325,0.2888,0.96,0.38,4.4398,14544.4608,16.0054,0.1208,-0.0349,0.7482,0.4164,0.446,513,pytorch_distributed_training,0.852,513,true,0.0,0.481,0.6069,0.0,false,,,,false,false,0.98,0.0,true,0.98,0.01,65,0,false,false,,,,1.0,observed,1.0,observed,0.0,not_applicable,1.0,observed,0.0,routine_profiler_disabled,1.0,observed,1.0,observed,1.0,observed,1.0,observed,1.0,observed,1.0,observed,0.0,privacy_redacted,1.0,observed,1.0,observed,1.0,observed,0.0,not_scheduled,1.0,observed,valid,operator_signed,operator_signed,bms_meter,features-v0.1.0,policy-thresholds-v0.1.0,h100e-normalization-v0.1.0,sha256:7dc8a65e160e356ebc84c809a015c6094aca82f37617f3b4ea748b16e81f4e7b,false,false,false,training_primary_semantic
feat_d9413c94f53dee827715af2b,synthetic_v0_seed_20260510,20260510,site_a,topology_domain,fabricdom_hmac_e583d3d368,2026-05-12T10:52:38Z,2026-05-13T10:52:38Z,86400,episode_idle_00035,idle,0,0.94,idle window has strong critical-layer coverage,synthetic_latent_truth_plus_composite_rules,true,0.0,4096.0,3522,0.83,0.94,0.0,0.0,0.0,0.0,0.0,0.0,0.0,none,false,,,,,,0.0,0.0,0.0,0.0,0.0,0.0,0.18,0.0,,,false,0.0,0.0,0.0,0.0,0,0.0,0.0,0.0,0.96,0.1998,4.4398,0.0,2.4025,0.2351,0.0,0.08,0.1,0.12,0,none,0.0,0,false,0.0,0.0,0.0,0.0,false,,,,false,false,0.98,0.0,true,0.98,0.01,62,0,false,false,,,,1.0,observed,1.0,observed,0.0,not_applicable,1.0,observed,0.0,routine_profiler_disabled,1.0,observed,1.0,observed,1.0,observed,1.0,observed,1.0,observed,1.0,observed,0.0,privacy_redacted,1.0,observed,1.0,observed,1.0,observed,0.0,not_scheduled,1.0,observed,valid,operator_signed,operator_signed,bms_meter,features-v0.1.0,policy-thresholds-v0.1.0,h100e-normalization-v0.1.0,sha256:7634ed5ede2703d411ed34d9550bad1167b3263a10ccc25264d383bdb69d4b27,false,false,false,none
feat_1a857b22f1e704c482d01a96,synthetic_v0_seed_20260510,20260510,site_a,topology_domain,fabricdom_hmac_e583d3d368,2026-05-12T14:27:44Z,2026-05-13T14:27:44Z,86400,episode_idle_00157,idle,0,0.94,idle window has strong critical-layer coverage,synthetic_latent_truth_plus_composite_rules,true,0.0,4096.0,3522,0.83,0.94,0.0,0.0,0.0,0.0,0.0,0.0,0.0,none,false,,,,,,0.0,0.0,0.0,0.0,0.0,0.0,0.18,0.0,,,false,0.0,0.0,0.0,0.0,0,0.0,0.0,0.0,0.96,0.2701,4.4398,2833.9388,1.3171,0.2071,0.0,0.08,0.1,0.12,0,none,0.0,0,false,0.0,0.0,0.0,0.0,false,,,,false,false,0.98,0.0,true,0.98,0.01,35,0,false,false,,,,1.0,observed,1.0,observed,0.0,not_applicable,1.0,observed,0.0,routine_profiler_disabled,1.0,observed,1.0,observed,1.0,observed,1.0,observed,1.0,observed,1.0,observed,0.0,privacy_redacted,1.0,observed,1.0,observed,1.0,observed,0.0,not_scheduled,1.0,observed,valid,operator_signed,operator_signed,bms_meter,features-v0.1.0,policy-thresholds-v0.1.0,h100e-normalization-v0.1.0,sha256:fe99ea348a0739aad9dd8e4e55f2ac0512d18b07cd05385215baeb54943ffe0a,false,false,false,none
feat_2b5a0475b199c99bc98858e2,synthetic_v0_seed_20260510,20260510,site_b,linked_job_group,jobgrp_hmac_ae666d3df7c1,2026-05-12T14:31:52Z,2026-05-13T14:31:52Z,86400,episode_cloud_reservation_used_for_training_00031,cloud_reservation_used_for_training,3,0.89,two independent primary layers plus corroboration support likely training,synthetic_latent_truth_plus_composite_rules,true,34.3848,2048.0,1761,0.865,0.94,0.0,0.0,1701.81,248.28,34.3848,0.831,0.8612,train,true,1701,248.28,0.8678,0.9366,65.67,89.48,98.0,0.8279,90.93,0.8386,1.0,1.0,0.0,,,false,0.582,0.7702,0.0,0.6847,1531,0.8372,0.373,0.4299,0.96,0.8552,2.3099,32277.206,10.345,0.0875,0.0242,0.87,0.7871,0.7786,1701,pytorch_distributed_training,0.8528,1701,true,546.27,1.286,0.7501,0.7451,false,51.86,3028.31,510703,true,true,0.98,0.0,true,0.98,0.01,5,0,false,false,,,,1.0,observed,1.0,observed,1.0,observed,1.0,observed,0.0,routine_profiler_disabled,1.0,observed,1.0,observed,1.0,observed,1.0,observed,1.0,observed,1.0,observed,0.8007,delayed_log_delivery,1.0,observed,1.0,observed,1.0,observed,0.0,not_scheduled,1.0,observed,valid,operator_signed,operator_signed,bms_meter,features-v0.1.0,policy-thresholds-v0.1.0,h100e-normalization-v0.1.0,sha256:744d6a00c163037f5bbb0858c362e8b918b0562c3e0f6e594a4e5cbefaa22418,false,false,false,training_primary_semantic
feat_459c470f0a41424c284f3f14,synthetic_v0_seed_20260510,20260510,site_b,linked_job_group,jobgrp_hmac_94cfceb8aeec,2026-05-12T14:49:13Z,2026-05-13T14:49:13Z,86400,episode_adversarial_fragmented_training_00080,adversarial_fragmented_training,2,0.78,fragmented sub-threshold activity is elevated until jobs/accounts are linked,synthetic_latent_truth_plus_composite_rules,true,12.0993,2048.0,1761,0.865,0.94,0.0,0.2582,758.05,196.13,12.0993,0.3701,0.42,unknown,true,,,,,,76.0,91.0,0.78,86.0,0.74,0.959,0.9613,0.0,,,false,0.408,0.506,0.0,0.48,479,0.55,0.2725,0.198,0.96,0.4827,2.3099,11626.5212,8.1721,0.0952,0.1269,0.8421,0.4965,0.5179,758,pytorch_distributed_training,0.544,758,true,0.0,0.101,0.5368,0.0,false,,,,false,false,0.98,0.0,true,0.98,0.01,72,0,false,false,,,,1.0,observed,1.0,observed,1.0,observed,1.0,observed,0.0,routine_profiler_disabled,1.0,observed,1.0,observed,1.0,observed,1.0,observed,1.0,observed,1.0,observed,0.0,privacy_redacted,1.0,observed,1.0,observed,1.0,observed,0.0,not_scheduled,1.0,observed,valid,operator_signed,operator_signed,bms_meter,features-v0.1.0,policy-thresholds-v0.1.0,h100e-normalization-v0.1.0,sha256:6b839b4b8dd3e17feba38387803e6f9a447dbc80ffa437e22ce02d05cd413932,false,false,false,training_fragmented
feat_df17f9c55c7874f1d82debe7,synthetic_v0_seed_20260510,20260510,site_c,topology_domain,fabricdom_hmac_39fe20b72950,2026-05-12T23:34:42Z,2026-05-13T23:34:42Z,86400,episode_normal_inference_00062,normal_inference,0,0.95,capacity below policy threshold with strong coverage,synthetic_latent_truth_plus_composite_rules,false,0.1555,384.0,276,0.9,0.66,0.0,0.0,24.27,78.73,0.1555,0.0632,0.5583,inference,false,,,,,,35.0,46.58,0.3596,37.69,0.3087,0.4163,0.575,0.0,,,false,0.0548,0.0716,0.0,0.0644,2,0.0778,0.1072,0.0038,0.96,0.243,0.5794,0.0,3.2804,0.1625,0.2067,0.564,0.3095,0.3501,24,vllm_inference,0.6408,24,false,0.0,0.0,0.0,0.0,false,,,,false,false,0.98,0.0,true,0.98,0.01,36,0,false,false,,,,1.0,observed,1.0,observed,1.0,observed,1.0,observed,0.0,routine_profiler_disabled,1.0,observed,1.0,observed,1.0,observed,1.0,observed,1.0,observed,1.0,observed,0.0,privacy_redacted,1.0,observed,1.0,observed,1.0,observed,0.0,not_scheduled,1.0,observed,valid,auditor_reconciled,auditor_reconciled,bms_meter,features-v0.1.0,policy-thresholds-v0.1.0,h100e-normalization-v0.1.0,sha256:6d1e436fd50ba3a0d88939869176eb4c50ad751436021b05893d2be7003f8f3f,false,false,false,none
feat_1560b8a4e3fd6cde1f24790f,synthetic_v0_seed_20260510,20260510,site_b,linked_job_group,jobgrp_hmac_7e8e7c7d3a1c,2026-05-13T01:34:32Z,2026-05-14T01:34:32Z,86400,episode_pretraining_00041,pretraining,4,0.96,authenticated ML evidence crosses the policy compute threshold,synthetic_latent_truth_plus_composite_rules,true,36.1527,2048.0,1761,0.865,0.94,0.0,0.0,1738.26,255.57,36.1527,0.8488,0.8258,train,true,,,,,,87.83,96.83,0.7875,91.82,0.8727,1.0,1.0,0.0,0.7035,0.7874,true,0.699,0.6977,0.0,0.8223,1515,0.7584,0.3454,0.4677,0.96,0.8611,2.3099,32604.2907,10.6487,0.094,0.0123,0.87,0.7917,0.7828,1738,pytorch_distributed_training,0.8281,1738,true,571.68,1.299,0.8738,0.8734,true,213.47,1132.26,204967,true,true,0.98,0.0,true,0.98,0.01,35,0,false,false,,,,1.0,observed,1.0,observed,1.0,observed,1.0,observed,0.4993,privacy_redacted,1.0,observed,1.0,observed,1.0,observed,1.0,observed,1.0,observed,1.0,observed,0.8863,delayed_log_delivery,1.0,observed,1.0,observed,1.0,observed,0.0,not_scheduled,1.0,observed,valid,operator_signed,operator_signed,bms_meter,features-v0.1.0,policy-thresholds-v0.1.0,h100e-normalization-v0.1.0,sha256:5c30013bbb653f851ac928e103bf27c4345ac8659d91eef16a45710ca0da3bf1,false,false,false,training_primary_semantic
feat_5aa3ec48a4ee166661fe4e38,synthetic_v0_seed_20260510,20260510,site_b,linked_job_group,jobgrp_hmac_31d0e2f6236f,2026-05-13T01:52:28Z,2026-05-14T01:52:28Z,86400,episode_adversarial_fragmented_training_00015,adversarial_fragmented_training,2,0.78,fragmented sub-threshold activity is elevated until jobs/accounts are linked,synthetic_latent_truth_plus_composite_rules,true,11.2758,2048.0,1761,0.865,0.94,0.0,0.3453,836.75,165.59,11.2758,0.4086,0.42,unknown,true,,,,,,76.0,91.0,0.78,86.0,0.74,0.959,0.9613,0.0,,,false,0.408,0.506,0.0,0.48,529,0.55,0.2725,0.198,0.96,0.51,2.3099,13139.9808,6.8996,0.0952,0.1172,0.8421,0.5178,0.537,836,pytorch_distributed_training,0.544,836,true,0.0,0.651,0.5528,0.0,false,,,,false,false,0.98,0.0,true,0.98,0.01,15,0,false,false,,,,1.0,observed,1.0,observed,1.0,observed,1.0,observed,0.0,routine_profiler_disabled,1.0,observed,1.0,observed,1.0,observed,1.0,observed,1.0,observed,1.0,observed,0.0,privacy_redacted,1.0,observed,1.0,observed,1.0,observed,0.0,not_scheduled,1.0,observed,valid,operator_signed,operator_signed,bms_meter,features-v0.1.0,policy-thresholds-v0.1.0,h100e-normalization-v0.1.0,sha256:316c7e2a4a4112f6fdef51781e5ab25672744526488b163e90e84d0ac057f9e9,false,false,false,training_fragmented
feat_2f9545f19908f3803bc2b0d6,synthetic_v0_seed_20260510,20260510,site_a,topology_domain,fabricdom_hmac_414ac7622b29,2026-05-13T04:08:26Z,2026-05-14T04:08:26Z,86400,episode_reserved_but_unused_capacity_00027,reserved_but_unused_capacity,1,0.82,capacity-only evidence is capped at training possible,synthetic_latent_truth_plus_composite_rules,true,15.0352,4096.0,3522,0.83,0.94,0.0,0.0,1178.61,156.75,15.0352,0.2877,0.86,reserved,true,,,,,,3.0,12.0,0.0,2.0,0.08,0.038,0.2743,0.0,,,false,0.0255,0.0,0.0,0.03,0,0.0,0.08,0.0,0.96,0.2403,4.4398,0.0,6.5312,0.22,0.168,0.3475,0.3126,0.3528,1178,none,0.852,1178,false,0.0,0.0,0.0,0.0,false,,,,false,false,0.98,0.0,true,0.98,0.01,11,0,false,false,,,,1.0,observed,1.0,observed,0.0,not_applicable,1.0,observed,0.0,routine_profiler_disabled,1.0,observed,1.0,observed,1.0,observed,1.0,observed,1.0,observed,1.0,observed,0.0,privacy_redacted,1.0,observed,1.0,observed,1.0,observed,0.0,not_scheduled,1.0,observed,valid,operator_signed,operator_signed,bms_meter,features-v0.1.0,policy-thresholds-v0.1.0,h100e-normalization-v0.1.0,sha256:55a354818de3d6100fa2a052409cbd32d3bd246a0e807047479bbe62a3254741,true,false,false,capacity_only
feat_b9630857e370387cf470c123,synthetic_v0_seed_20260510,20260510,site_b,linked_job_group,jobgrp_hmac_b424fdff791b,2026-05-13T05:04:34Z,2026-05-14T05:04:34Z,86400,episode_large_fine_tune_00082,large_fine_tune,3,0.89,two independent primary layers plus corroboration support likely training,synthetic_latent_truth_plus_composite_rules,true,15.4551,2048.0,1761,0.865,0.94,0.0,0.0,913.32,207.94,15.4551,0.446,0.9254,train,true,,,,,,81.21,90.21,0.836,88.11,0.8513,1.0,0.9544,0.0,,,false,0.6762,0.8302,0.0,0.7956,821,0.9024,0.3959,0.5385,0.96,0.5338,2.3099,14459.4071,8.6642,0.0862,0.1081,0.8372,0.5364,0.5537,913,pytorch_distributed_training,0.8978,913,true,169.73,2.356,0.8188,0.9088,false,209.58,1280.43,343550,true,true,0.98,0.0,true,0.98,0.01,61,0,false,false,,,,1.0,observed,1.0,observed,1.0,observed,1.0,observed,0.0,routine_profiler_disabled,1.0,observed,1.0,observed,1.0,observed,1.0,observed,1.0,observed,1.0,observed,0.8833,delayed_log_delivery,1.0,observed,1.0,observed,1.0,observed,0.0,not_scheduled,1.0,observed,valid,operator_signed,operator_signed,bms_meter,features-v0.1.0,policy-thresholds-v0.1.0,h100e-normalization-v0.1.0,sha256:f26b2264970c7d30fc6369e0800c020120d096231eb2c8484a00fa254968bf5b,false,false,false,training_primary_semantic
feat_76c46953fbde516c52d56b3f,synthetic_v0_seed_20260510,20260510,site_c,topology_domain,fabricdom_hmac_ab80bac4b26d,2026-05-13T10:34:23Z,2026-05-14T10:34:23Z,86400,episode_nccl_benchmark_00208,nccl_benchmark,0,0.95,capacity below policy threshold with strong coverage,synthetic_latent_truth_plus_composite_rules,false,0.0306,384.0,276,0.9,0.66,0.0,0.0,66.51,5.66,0.0306,0.1732,0.92,benchmark,false,,,,,,58.0,96.0,0.52,84.0,0.4,0.856,1.0,0.0,0.3579,0.6316,true,0.782,0.7912,0.0,0.92,59,0.86,0.381,0.5934,0.96,0.45,0.5794,0.0,0.2358,0.1368,0.2768,0.87,0.471,0.495,66,nccl_benchmark,0.894,66,true,0.0,0.0,0.0,0.0,false,,,,false,false,0.98,0.0,true,0.98,0.01,57,0,false,false,,,,1.0,observed,1.0,observed,1.0,observed,1.0,observed,0.6194,privacy_redacted,1.0,observed,1.0,observed,1.0,observed,1.0,observed,1.0,observed,1.0,observed,0.0,privacy_redacted,1.0,observed,1.0,observed,1.0,observed,0.0,not_scheduled,1.0,observed,valid,auditor_reconciled,auditor_reconciled,bms_meter,features-v0.1.0,policy-thresholds-v0.1.0,h100e-normalization-v0.1.0,sha256:fff00c0550bf27dcddc4cfbb8f7d22f74b346d4969e3ff5a8170d127e6b59b93,false,false,false,false_positive_primary
feat_09522634100b1d1e541e0864,synthetic_v0_seed_20260510,20260510,site_b,topology_domain,fabricdom_hmac_91e1474b6e,2026-05-13T13:27:02Z,2026-05-14T13:27:02Z,86400,episode_idle_00034,idle,0,0.94,idle window has strong critical-layer coverage,synthetic_latent_truth_plus_composite_rules,true,0.0,2048.0,1761,0.865,0.94,0.0,0.0,0.0,0.0,0.0,0.0,0.0,none,false,,,,,,0.0,0.0,0.0,0.0,0.0,0.0,0.18,0.0,,,false,0.0,0.0,0.0,0.0,0,0.0,0.0,0.0,0.96,0.1523,2.3099,0.0,1.5475,0.238,0.0,0.08,0.1,0.12,0,none,0.0,0,false,0.0,0.0,0.0,0.0,false,,,,false,false,0.98,0.0,true,0.98,0.01,44,0,false,false,,,,1.0,observed,1.0,observed,1.0,observed,1.0,observed,0.0,routine_profiler_disabled,1.0,observed,1.0,observed,1.0,observed,1.0,observed,1.0,observed,1.0,observed,0.0,privacy_redacted,1.0,observed,1.0,observed,1.0,observed,0.0,not_scheduled,1.0,observed,valid,operator_signed,operator_signed,bms_meter,features-v0.1.0,policy-thresholds-v0.1.0,h100e-normalization-v0.1.0,sha256:c857577855d789f22d5b2aa02a6176dc6240d2c7becc8e130aea6d6586297bad,false,false,false,none
feat_3ae6865c2f16d1b2a1809a0a,synthetic_v0_seed_20260510,20260510,site_b,linked_job_group,jobgrp_hmac_94cfceb8aeec,2026-05-13T14:49:13Z,2026-05-14T14:49:13Z,86400,episode_adversarial_fragmented_training_00080,adversarial_fragmented_training,2,0.78,fragmented sub-threshold activity is elevated until jobs/accounts are linked,synthetic_latent_truth_plus_composite_rules,true,12.0993,2048.0,1761,0.865,0.94,0.0,0.2582,758.05,196.13,12.0993,0.3701,0.42,unknown,true,,,,,,76.0,91.0,0.78,86.0,0.74,0.959,0.9613,0.0,,,false,0.408,0.506,0.0,0.48,479,0.55,0.2725,0.198,0.96,0.4827,2.3099,11626.5212,8.1721,0.0952,0.1269,0.8421,0.4965,0.5179,758,pytorch_distributed_training,0.544,758,true,0.0,0.101,0.5368,0.0,false,,,,false,false,0.98,0.0,true,0.98,0.01,72,0,false,false,,,,1.0,observed,1.0,observed,1.0,observed,1.0,observed,0.0,routine_profiler_disabled,1.0,observed,1.0,observed,1.0,observed,1.0,observed,1.0,observed,1.0,observed,0.0,privacy_redacted,1.0,observed,1.0,observed,1.0,observed,0.0,not_scheduled,1.0,observed,valid,operator_signed,operator_signed,bms_meter,features-v0.1.0,policy-thresholds-v0.1.0,h100e-normalization-v0.1.0,sha256:4697970572d578978c908840b9a74fd79e7d11352ac708ded9c5e1474c716ced,false,false,false,training_fragmented
feat_ae09892e2349065a43f0271d,synthetic_v0_seed_20260510,20260510,site_a,topology_domain,fabricdom_hmac_e583d3d368,2026-05-13T18:19:19Z,2026-05-14T18:19:19Z,86400,episode_idle_00005,idle,0,0.94,idle window has strong critical-layer coverage,synthetic_latent_truth_plus_composite_rules,true,0.0,4096.0,3522,0.83,0.94,0.0,0.0,0.0,0.0,0.0,0.0,0.0,none,false,,,,,,0.0,0.0,0.0,0.0,0.0,0.0,0.18,0.0,,,false,0.0,0.0,0.0,0.0,0,0.0,0.0,0.0,0.96,0.1398,4.4398,0.0,2.0212,0.1215,0.0,0.08,0.1,0.12,0,none,0.0,0,false,0.0,0.0,0.0,0.0,false,,,,false,false,0.98,0.0,true,0.98,0.01,61,0,false,false,,,,1.0,observed,1.0,observed,0.0,not_applicable,1.0,observed,0.0,routine_profiler_disabled,1.0,observed,1.0,observed,1.0,observed,1.0,observed,1.0,observed,1.0,observed,0.0,privacy_redacted,1.0,observed,1.0,observed,1.0,observed,0.0,not_scheduled,1.0,observed,valid,operator_signed,operator_signed,bms_meter,features-v0.1.0,policy-thresholds-v0.1.0,h100e-normalization-v0.1.0,sha256:c1e0342aaecd10aa0a1e324fec44c72b1617c2e610dda6cc8eab803d1b36007a,false,false,false,none
feat_ba13cd3fd861211a26dca3a0,synthetic_v0_seed_20260510,20260510,site_a,topology_domain,fabricdom_hmac_e583d3d368,2026-05-13T18:27:55Z,2026-05-14T18:27:55Z,86400,episode_idle_00146,idle,0,0.94,idle window has strong critical-layer coverage,synthetic_latent_truth_plus_composite_rules,true,0.0,4096.0,3522,0.83,0.94,0.0,0.0,0.0,0.0,0.0,0.0,0.0,none,false,,,,,,0.0,0.0,0.0,0.0,0.0,0.0,0.18,0.0,,,false,0.0,0.0,0.0,0.0,0,0.0,0.0,0.0,0.96,0.1883,4.4398,0.0,0.8138,0.1289,0.0,0.08,0.1,0.12,0,none,0.0,0,false,0.0,0.0,0.0,0.0,false,,,,false,false,0.98,0.0,true,0.98,0.01,3,0,false,false,,,,1.0,observed,1.0,observed,0.0,not_applicable,1.0,observed,0.0,routine_profiler_disabled,1.0,observed,1.0,observed,1.0,observed,1.0,observed,1.0,observed,1.0,observed,0.0,privacy_redacted,1.0,observed,1.0,observed,1.0,observed,0.0,not_scheduled,1.0,observed,valid,operator_signed,operator_signed,bms_meter,features-v0.1.0,policy-thresholds-v0.1.0,h100e-normalization-v0.1.0,sha256:28ebb01f25cb13494d55aecbcfe092ce82e4ef1c0c2cd80ccdd458db7aec5e6c,false,false,false,none
feat_83676ffe23fdb5abbcb41520,synthetic_v0_seed_20260510,20260510,site_a,topology_domain,fabricdom_hmac_e583d3d368,2026-05-13T22:28:39Z,2026-05-14T22:28:39Z,86400,episode_maintenance_window_00178,maintenance_window,1,0.64,integrity anomaly without primary activity is not direct training evidence,synthetic_latent_truth_plus_composite_rules,true,0.0,4096.0,3522,0.83,0.94,0.0,0.0,0.0,7.4362,0.0,0.0,0.0,none,false,,,,,,0.0,0.0,0.0,0.0,0.0,0.0,0.18,0.0,,,false,0.0,0.0,0.0,0.0,0,0.0,0.0,0.0,0.96,0.2,4.4398,0.0,0.3098,0.18,0.0,0.08,0.1,0.12,0,none,0.0,0,false,0.0,0.0,0.0,0.0,false,,,,false,false,0.98,0.0,true,0.505,0.495,19,1,false,true,,,,1.0,observed,1.0,observed,0.0,not_applicable,0.505,collector_gap,0.0,routine_profiler_disabled,1.0,observed,0.505,collector_gap,1.0,observed,1.0,observed,1.0,observed,1.0,observed,0.0,privacy_redacted,1.0,observed,0.505,collector_gap,1.0,observed,0.0,not_scheduled,1.0,observed,valid,operator_signed,operator_signed,bms_meter,features-v0.1.0,policy-thresholds-v0.1.0,h100e-normalization-v0.1.0,sha256:7674e4cf31e942931780dc19bc8a68cca1a08d0bb9915a509c1912d126c5b04d,false,true,false,integrity_only
feat_c882276cbd14346d4436d359,synthetic_v0_seed_20260510,20260510,site_b,linked_job_group,jobgrp_hmac_ae666d3df7c1,2026-05-13T22:34:14Z,2026-05-14T22:34:14Z,86400,episode_cloud_reservation_used_for_training_00031,cloud_reservation_used_for_training,3,0.89,two independent primary layers plus corroboration support likely training,synthetic_latent_truth_plus_composite_rules,true,34.3848,2048.0,1761,0.865,0.94,0.0,0.0,1701.81,248.28,34.3848,0.831,0.8612,train,true,1701,248.28,0.8678,0.9366,65.67,89.48,98.0,0.8279,90.93,0.8386,1.0,1.0,0.0,,,false,0.582,0.7702,0.0,0.6847,1531,0.8372,0.373,0.4299,0.96,0.8552,2.3099,32277.206,10.345,0.0875,0.0242,0.87,0.7871,0.7786,1701,pytorch_distributed_training,0.8528,1701,true,546.27,1.286,0.7501,0.7451,false,51.86,3028.31,510703,true,true,0.98,0.0,true,0.98,0.01,5,0,false,false,,,,1.0,observed,1.0,observed,1.0,observed,1.0,observed,0.0,routine_profiler_disabled,1.0,observed,1.0,observed,1.0,observed,1.0,observed,1.0,observed,1.0,observed,0.8007,delayed_log_delivery,1.0,observed,1.0,observed,1.0,observed,0.0,not_scheduled,1.0,observed,valid,operator_signed,operator_signed,bms_meter,features-v0.1.0,policy-thresholds-v0.1.0,h100e-normalization-v0.1.0,sha256:37376dec86c134abe3597b4e8c4b3e16397e21ca65d450ce88d3f46bd63cdc1d,false,false,false,training_primary_semantic
feat_1a06755a627532c05e6da921,synthetic_v0_seed_20260510,20260510,site_c,topology_domain,fabricdom_hmac_39fe20b72950,2026-05-13T23:34:42Z,2026-05-14T23:34:42Z,86400,episode_normal_inference_00062,normal_inference,0,0.95,capacity below policy threshold with strong coverage,synthetic_latent_truth_plus_composite_rules,false,0.1555,384.0,276,0.9,0.66,0.0,0.0,24.27,78.73,0.1555,0.0632,0.5583,inference,false,,,,,,35.0,46.58,0.3596,37.69,0.3087,0.4163,0.575,0.0,,,false,0.0548,0.0716,0.0,0.0644,2,0.0778,0.1072,0.0038,0.96,0.243,0.5794,0.0,3.2804,0.1625,0.2067,0.564,0.3095,0.3501,24,vllm_inference,0.6408,24,false,0.0,0.0,0.0,0.0,false,,,,false,false,0.98,0.0,true,0.98,0.01,36,0,false,false,,,,1.0,observed,1.0,observed,1.0,observed,1.0,observed,0.0,routine_profiler_disabled,1.0,observed,1.0,observed,1.0,observed,1.0,observed,1.0,observed,1.0,observed,0.0,privacy_redacted,1.0,observed,1.0,observed,1.0,observed,0.0,not_scheduled,1.0,observed,valid,auditor_reconciled,auditor_reconciled,bms_meter,features-v0.1.0,policy-thresholds-v0.1.0,h100e-normalization-v0.1.0,sha256:7379a03cba9173d54cc973aecd9e5afac4e57da54c53e896907f5e71bf6b301d,false,false,false,none
feat_ad20c51ac71a747336158367,synthetic_v0_seed_20260510,20260510,site_b,linked_job_group,jobgrp_hmac_31d0e2f6236f,2026-05-14T01:52:28Z,2026-05-15T01:52:28Z,86400,episode_adversarial_fragmented_training_00015,adversarial_fragmented_training,2,0.78,fragmented sub-threshold activity is elevated until jobs/accounts are linked,synthetic_latent_truth_plus_composite_rules,true,11.2758,2048.0,1761,0.865,0.94,0.0,0.3453,836.75,165.59,11.2758,0.4086,0.42,unknown,true,,,,,,76.0,91.0,0.78,86.0,0.74,0.959,0.9613,0.0,,,false,0.408,0.506,0.0,0.48,529,0.55,0.2725,0.198,0.96,0.51,2.3099,13139.9808,6.8996,0.0952,0.1172,0.8421,0.5178,0.537,836,pytorch_distributed_training,0.544,836,true,0.0,0.651,0.5528,0.0,false,,,,false,false,0.98,0.0,true,0.98,0.01,15,0,false,false,,,,1.0,observed,1.0,observed,1.0,observed,1.0,observed,0.0,routine_profiler_disabled,1.0,observed,1.0,observed,1.0,observed,1.0,observed,1.0,observed,1.0,observed,0.0,privacy_redacted,1.0,observed,1.0,observed,1.0,observed,0.0,not_scheduled,1.0,observed,valid,operator_signed,operator_signed,bms_meter,features-v0.1.0,policy-thresholds-v0.1.0,h100e-normalization-v0.1.0,sha256:8ae4488b7c96c006e49f260b8ba1ed28f6e3a6fb03ddcda773e332f1227fa8c8,false,false,false,training_fragmented
feat_e748ac8da6dc1df085daac5e,synthetic_v0_seed_20260510,20260510,site_a,topology_domain,fabricdom_hmac_414ac7622b29,2026-05-14T04:08:26Z,2026-05-15T04:08:26Z,86400,episode_reserved_but_unused_capacity_00027,reserved_but_unused_capacity,1,0.82,capacity-only evidence is capped at training possible,synthetic_latent_truth_plus_composite_rules,true,15.0352,4096.0,3522,0.83,0.94,0.0,0.0,1178.61,156.75,15.0352,0.2877,0.86,reserved,true,,,,,,3.0,12.0,0.0,2.0,0.08,0.038,0.2743,0.0,,,false,0.0255,0.0,0.0,0.03,0,0.0,0.08,0.0,0.96,0.2403,4.4398,0.0,6.5312,0.22,0.168,0.3475,0.3126,0.3528,1178,none,0.852,1178,false,0.0,0.0,0.0,0.0,false,,,,false,false,0.98,0.0,true,0.98,0.01,11,0,false,false,,,,1.0,observed,1.0,observed,0.0,not_applicable,1.0,observed,0.0,routine_profiler_disabled,1.0,observed,1.0,observed,1.0,observed,1.0,observed,1.0,observed,1.0,observed,0.0,privacy_redacted,1.0,observed,1.0,observed,1.0,observed,0.0,not_scheduled,1.0,observed,valid,operator_signed,operator_signed,bms_meter,features-v0.1.0,policy-thresholds-v0.1.0,h100e-normalization-v0.1.0,sha256:de09b2601363f5e7806ccfa09b374efc44306b10b06dbb4e71e1b2eafeddc7eb,true,false,false,capacity_only
feat_7a6ac4cedec73e8135fb8a83,synthetic_v0_seed_20260510,20260510,site_b,linked_job_group,jobgrp_hmac_b424fdff791b,2026-05-14T05:04:34Z,2026-05-15T05:04:34Z,86400,episode_large_fine_tune_00082,large_fine_tune,3,0.89,two independent primary layers plus corroboration support likely training,synthetic_latent_truth_plus_composite_rules,true,15.4551,2048.0,1761,0.865,0.94,0.0,0.0,913.32,207.94,15.4551,0.446,0.9254,train,true,,,,,,81.21,90.21,0.836,88.11,0.8513,1.0,0.9544,0.0,,,false,0.6762,0.8302,0.0,0.7956,821,0.9024,0.3959,0.5385,0.96,0.5338,2.3099,14459.4071,8.6642,0.0862,0.1081,0.8372,0.5364,0.5537,913,pytorch_distributed_training,0.8978,913,true,169.73,2.356,0.8188,0.9088,false,209.58,1280.43,343550,true,true,0.98,0.0,true,0.98,0.01,61,0,false,false,,,,1.0,observed,1.0,observed,1.0,observed,1.0,observed,0.0,routine_profiler_disabled,1.0,observed,1.0,observed,1.0,observed,1.0,observed,1.0,observed,1.0,observed,0.8833,delayed_log_delivery,1.0,observed,1.0,observed,1.0,observed,0.0,not_scheduled,1.0,observed,valid,operator_signed,operator_signed,bms_meter,features-v0.1.0,policy-thresholds-v0.1.0,h100e-normalization-v0.1.0,sha256:5c896f78f19305efa80d4b364b360ac99ee9e757af389f2b359b5e92da336272,false,false,false,training_primary_semantic
feat_ea2bdbf7b85d788a4723c4e2,synthetic_v0_seed_20260510,20260510,site_a,topology_domain,fabricdom_hmac_ff68734ddebb,2026-05-14T05:08:38Z,2026-05-15T05:08:38Z,86400,episode_nccl_benchmark_00091,nccl_benchmark,2,0.78,nccl_benchmark is a high-load false-positive class requiring cross-checks,synthetic_latent_truth_plus_composite_rules,true,0.1196,4096.0,3522,0.83,0.94,0.0,0.0,1099.6,1.34,0.1196,0.2685,0.92,benchmark,false,,,,,,58.0,96.0,0.52,84.0,0.4,0.856,1.0,0.0,,,false,0.782,0.7912,0.0,0.92,989,0.86,0.381,0.5934,0.96,0.45,4.4398,22003.392,0.0558,0.1368,0.1815,0.87,0.471,0.495,1099,nccl_benchmark,0.894,1099,true,0.0,0.0,0.0,0.0,false,,,,false,false,0.98,0.0,true,0.98,0.01,37,0,false,false,,,,1.0,observed,1.0,observed,0.0,not_applicable,1.0,observed,0.0,routine_profiler_disabled,1.0,observed,1.0,observed,1.0,observed,1.0,observed,1.0,observed,1.0,observed,0.0,privacy_redacted,1.0,observed,1.0,observed,1.0,observed,0.0,not_scheduled,1.0,observed,valid,operator_signed,operator_signed,bms_meter,features-v0.1.0,policy-thresholds-v0.1.0,h100e-normalization-v0.1.0,sha256:b0d5099b8b87698da177ebf09f5a64ec07bfba43f5b0ba476dcf15cbbe93d8ab,false,false,false,false_positive_primary
feat_264feff5623e39dd19b9bcf9,synthetic_v0_seed_20260510,20260510,site_c,topology_domain,fabricdom_hmac_8f408e3606,2026-05-14T05:17:53Z,2026-05-15T05:17:53Z,86400,episode_idle_00020,idle,0,0.95,capacity below policy threshold with strong coverage,synthetic_latent_truth_plus_composite_rules,false,0.0,384.0,276,0.9,0.66,0.0,0.0,0.0,0.0,0.0,0.0,0.0,none,false,,,,,,0.0,0.0,0.0,0.0,0.0,0.0,0.18,0.0,,,false,0.0,0.0,0.0,0.0,0,0.0,0.0,0.0,0.96,0.255,0.5794,0.0,0.3958,0.1417,0.0,0.08,0.1,0.12,0,none,0.0,0,false,0.0,0.0,0.0,0.0,false,,,,false,false,0.98,0.0,true,0.98,0.01,78,0,false,false,,,,1.0,observed,1.0,observed,1.0,observed,1.0,observed,0.0,routine_profiler_disabled,1.0,observed,1.0,observed,1.0,observed,1.0,observed,1.0,observed,1.0,observed,0.0,privacy_redacted,1.0,observed,1.0,observed,1.0,observed,0.0,not_scheduled,1.0,observed,valid,auditor_reconciled,auditor_reconciled,bms_meter,features-v0.1.0,policy-thresholds-v0.1.0,h100e-normalization-v0.1.0,sha256:42b829f8c62198b25f2ad2e5b14057fe96fceae352f7637a14e9335898c2068c,false,false,false,none
feat_ddc56864c65fbb34c6c6a731,synthetic_v0_seed_20260510,20260510,site_a,topology_domain,fabricdom_hmac_e40daa0c3fa2,2026-05-14T08:06:14Z,2026-05-15T08:06:14Z,86400,episode_large_batch_inference_00024,large_batch_inference,2,0.78,large_batch_inference is a high-load false-positive class requiring cross-checks,synthetic_latent_truth_plus_composite_rules,true,0.0196,4096.0,3522,0.83,0.94,0.0,0.0,166.1,1.45,0.0196,0.0406,0.78,inference,false,,,,,,68.0,88.0,0.62,72.0,0.62,0.803,0.9352,0.0,,,false,0.187,0.138,0.0,0.22,28,0.15,0.1325,0.0248,0.96,0.45,4.4398,22003.392,0.0604,0.1208,0.412,0.8233,0.471,0.495,166,large_batch_inference,0.796,166,false,39.2,0.0,0.0,0.0,false,,,,false,false,0.98,0.0,true,0.98,0.01,69,0,false,false,,,,1.0,observed,1.0,observed,0.0,not_applicable,1.0,observed,0.0,routine_profiler_disabled,1.0,observed,1.0,observed,1.0,observed,1.0,observed,1.0,observed,1.0,observed,0.0,privacy_redacted,1.0,observed,1.0,observed,1.0,observed,0.0,not_scheduled,1.0,observed,valid,operator_signed,operator_signed,bms_meter,features-v0.1.0,policy-thresholds-v0.1.0,h100e-normalization-v0.1.0,sha256:14cf88bac1a7ec8c7c9652803ed553b93f37844229eeeb3d621d5fb40369f9fc,false,false,false,false_positive_primary
feat_8c51e72c2b075c6d79045dca,synthetic_v0_seed_20260510,20260510,site_a,topology_domain,fabricdom_hmac_d7a9a739697c,2026-05-14T08:13:03Z,2026-05-15T08:13:03Z,86400,episode_normal_inference_00199,normal_inference,1,0.78,routine inference on capable monitored capacity leaves training possible but not elevated,synthetic_latent_truth_plus_composite_rules,true,0.0419,4096.0,3522,0.83,0.94,0.0,0.0,11.09,46.4,0.0419,0.0027,0.3225,inference,false,,,,,,30.85,45.38,0.1605,40.07,0.5068,0.4874,0.5646,0.0,,,false,0.1075,0.0622,0.0,0.1265,0,0.0676,0.1037,0.0064,0.96,0.221,4.4398,0.0,1.9333,0.1943,0.2195,0.5565,0.2924,0.3347,11,ray_batch_inference,0.4758,11,false,0.0,0.0,0.0,0.0,false,,,,false,false,0.98,0.0,true,0.98,0.01,8,0,false,false,,,,1.0,observed,1.0,observed,0.0,not_applicable,1.0,observed,0.0,routine_profiler_disabled,1.0,observed,1.0,observed,1.0,observed,1.0,observed,1.0,observed,1.0,observed,0.0,privacy_redacted,1.0,observed,1.0,observed,1.0,observed,0.0,not_scheduled,1.0,observed,valid,operator_signed,operator_signed,bms_meter,features-v0.1.0,policy-thresholds-v0.1.0,h100e-normalization-v0.1.0,sha256:d05fa9ee71d3a59f97fa708e8c70740da3d4b142afcee46093ba616f78f7afb1,false,false,false,none
feat_f51c734912b9e6ea41a81260,synthetic_v0_seed_20260510,20260510,site_b,linked_job_group,jobgrp_hmac_7e8e7c7d3a1c,2026-05-14T10:39:25Z,2026-05-15T10:39:25Z,86400,episode_pretraining_00041,pretraining,4,0.96,authenticated ML evidence crosses the policy compute threshold,synthetic_latent_truth_plus_composite_rules,true,36.1527,2048.0,1761,0.865,0.94,0.0,0.0,1738.26,255.57,36.1527,0.8488,0.8258,train,true,,,,,,87.83,96.83,0.7875,91.82,0.8727,1.0,1.0,0.0,0.7035,0.7874,true,0.699,0.6977,0.0,0.8223,1515,0.7584,0.3454,0.4677,0.96,0.8611,2.3099,32604.2907,10.6487,0.094,0.0123,0.87,0.7917,0.7828,1738,pytorch_distributed_training,0.8281,1738,true,571.68,1.299,0.8738,0.8734,true,213.47,1132.26,204967,true,true,0.98,0.0,true,0.98,0.01,35,0,false,false,,,,1.0,observed,1.0,observed,1.0,observed,1.0,observed,0.4993,privacy_redacted,1.0,observed,1.0,observed,1.0,observed,1.0,observed,1.0,observed,1.0,observed,0.8863,delayed_log_delivery,1.0,observed,1.0,observed,1.0,observed,0.0,not_scheduled,1.0,observed,valid,operator_signed,operator_signed,bms_meter,features-v0.1.0,policy-thresholds-v0.1.0,h100e-normalization-v0.1.0,sha256:1e6b0bb832c9b0de222962f58d53f6895ccfb12c2ecaec9eebd7337a557b3d52,false,false,false,training_primary_semantic
feat_b82aecd7b6a4553dcd0abddc,synthetic_v0_seed_20260510,20260510,site_a,linked_job_group,jobgrp_hmac_a60314b5d69a,2026-05-14T12:16:39Z,2026-05-15T12:16:39Z,86400,episode_underclocked_long_duration_training_00017,underclocked_long_duration_training,3,0.86,one strong primary layer plus semantic/supportive corroboration supports likely training,synthetic_latent_truth_plus_composite_rules,true,16.05,4096.0,3522,0.83,0.94,0.0,0.0,513.42,384.13,16.05,0.1253,0.86,unknown,true,,,,,,58.0,76.0,0.62,72.0,0.7,0.823,0.8309,0.0,,,false,0.4675,0.644,0.0,0.55,413,0.7,0.325,0.2888,0.96,0.38,4.4398,14544.4608,16.0054,0.1208,-0.0349,0.7482,0.4164,0.446,513,pytorch_distributed_training,0.852,513,true,0.0,0.481,0.6069,0.0,false,,,,false,false,0.98,0.0,true,0.98,0.01,65,0,false,false,,,,1.0,observed,1.0,observed,0.0,not_applicable,1.0,observed,0.0,routine_profiler_disabled,1.0,observed,1.0,observed,1.0,observed,1.0,observed,1.0,observed,1.0,observed,0.0,privacy_redacted,1.0,observed,1.0,observed,1.0,observed,0.0,not_scheduled,1.0,observed,valid,operator_signed,operator_signed,bms_meter,features-v0.1.0,policy-thresholds-v0.1.0,h100e-normalization-v0.1.0,sha256:9eb338f4cd738f401328b49c0d64e3b0e609a11351c682a41443b7ac20117d09,false,false,false,training_primary_semantic
feat_8390224a4a63db7b69b49648,synthetic_v0_seed_20260510,20260510,site_b,linked_job_group,jobgrp_hmac_94cfceb8aeec,2026-05-14T14:49:13Z,2026-05-15T14:49:13Z,86400,episode_adversarial_fragmented_training_00080,adversarial_fragmented_training,2,0.78,fragmented sub-threshold activity is elevated until jobs/accounts are linked,synthetic_latent_truth_plus_composite_rules,true,12.0993,2048.0,1761,0.865,0.94,0.0,0.2582,758.05,196.13,12.0993,0.3701,0.42,unknown,true,,,,,,76.0,91.0,0.78,86.0,0.74,0.959,0.9613,0.0,,,false,0.408,0.506,0.0,0.48,479,0.55,0.2725,0.198,0.96,0.4827,2.3099,11626.5212,8.1721,0.0952,0.1269,0.8421,0.4965,0.5179,758,pytorch_distributed_training,0.544,758,true,0.0,0.101,0.5368,0.0,false,,,,false,false,0.98,0.0,true,0.98,0.01,72,0,false,false,,,,1.0,observed,1.0,observed,1.0,observed,1.0,observed,0.0,routine_profiler_disabled,1.0,observed,1.0,observed,1.0,observed,1.0,observed,1.0,observed,1.0,observed,0.0,privacy_redacted,1.0,observed,1.0,observed,1.0,observed,0.0,not_scheduled,1.0,observed,valid,operator_signed,operator_signed,bms_meter,features-v0.1.0,policy-thresholds-v0.1.0,h100e-normalization-v0.1.0,sha256:cad92f6f99197bd1db02d122fa95e9f4fe08e7b49b0abc12e2f2fc23aad53fba,false,false,false,training_fragmented
feat_49ed01000d5de547d477e8d7,synthetic_v0_seed_20260510,20260510,site_c,topology_domain,fabricdom_hmac_003a55a6a770,2026-05-14T17:21:52Z,2026-05-15T17:21:52Z,86400,episode_large_etl_data_movement_00141,large_etl_data_movement,0,0.95,capacity below policy threshold with strong coverage,synthetic_latent_truth_plus_composite_rules,false,0.0018,384.0,276,0.9,0.66,0.0,0.0,1.76,12.9,0.0018,0.0046,0.25,data,false,,,,,448.7,22.0,48.0,0.08,12.0,0.28,0.178,0.5874,0.0,,,false,0.153,0.046,0.0,0.18,0,0.05,0.0975,0.0067,0.96,0.2217,0.5794,0.0,0.5375,0.2072,0.219,0.5729,0.2929,0.3352,1,etl_data_pipeline,0.425,1,false,3463.29,0.0,0.0,0.0,false,,,,false,false,0.98,0.0,true,0.98,0.01,8,0,false,false,,,,1.0,observed,1.0,observed,1.0,observed,1.0,observed,0.0,routine_profiler_disabled,1.0,observed,1.0,observed,1.0,observed,1.0,observed,1.0,observed,1.0,observed,0.0,privacy_redacted,1.0,observed,1.0,observed,1.0,observed,0.0,not_scheduled,1.0,observed,valid,auditor_reconciled,auditor_reconciled,bms_meter,features-v0.1.0,policy-thresholds-v0.1.0,h100e-normalization-v0.1.0,sha256:27dab8a9c41cdd8869c96935187e1c949b30e844c292b921ef1cb1de45da4df5,false,false,true,physical_only
feat_e56c11ca338c417d56838669,synthetic_v0_seed_20260510,20260510,site_a,topology_domain,fabricdom_hmac_e583d3d368,2026-05-14T18:19:19Z,2026-05-15T18:19:19Z,86400,episode_idle_00005,idle,0,0.94,idle window has strong critical-layer coverage,synthetic_latent_truth_plus_composite_rules,true,0.0,4096.0,3522,0.83,0.94,0.0,0.0,0.0,0.0,0.0,0.0,0.0,none,false,,,,,,0.0,0.0,0.0,0.0,0.0,0.0,0.18,0.0,,,false,0.0,0.0,0.0,0.0,0,0.0,0.0,0.0,0.96,0.1398,4.4398,0.0,2.0212,0.1215,0.0,0.08,0.1,0.12,0,none,0.0,0,false,0.0,0.0,0.0,0.0,false,,,,false,false,0.98,0.0,true,0.98,0.01,61,0,false,false,,,,1.0,observed,1.0,observed,0.0,not_applicable,1.0,observed,0.0,routine_profiler_disabled,1.0,observed,1.0,observed,1.0,observed,1.0,observed,1.0,observed,1.0,observed,0.0,privacy_redacted,1.0,observed,1.0,observed,1.0,observed,0.0,not_scheduled,1.0,observed,valid,operator_signed,operator_signed,bms_meter,features-v0.1.0,policy-thresholds-v0.1.0,h100e-normalization-v0.1.0,sha256:bdfec20d015ddf43879c867b17829f10f372032238c28c1699303754e0557bd7,false,false,false,none
feat_5f3f7866b7d6b290a9a39a91,synthetic_v0_seed_20260510,20260510,site_a,topology_domain,fabricdom_hmac_1033bc9fce76,2026-05-14T20:53:28Z,2026-05-15T20:53:28Z,86400,episode_reserved_but_unused_capacity_00203,reserved_but_unused_capacity,1,0.82,capacity-only evidence is capped at training possible,synthetic_latent_truth_plus_composite_rules,true,17.1846,4096.0,3522,0.83,0.94,0.0,0.0,1285.04,164.33,17.1846,0.3137,0.86,reserved,true,,,,,,3.0,12.0,0.0,2.0,0.08,0.038,0.2743,0.0,,,false,0.0255,0.0,0.0,0.03,0,0.0,0.08,0.0,0.96,0.1994,4.4398,0.0,6.8471,0.22,0.1634,0.3475,0.3145,0.3546,1285,none,0.852,1285,false,0.0,0.0,0.0,0.0,false,,,,false,false,0.98,0.0,true,0.98,0.01,31,0,false,false,,,,1.0,observed,1.0,observed,0.0,not_applicable,1.0,observed,0.0,routine_profiler_disabled,1.0,observed,1.0,observed,1.0,observed,1.0,observed,1.0,observed,1.0,observed,0.0,privacy_redacted,1.0,observed,1.0,observed,1.0,observed,0.0,not_scheduled,1.0,observed,valid,operator_signed,operator_signed,bms_meter,features-v0.1.0,policy-thresholds-v0.1.0,h100e-normalization-v0.1.0,sha256:8adba10dc0d3a3fcd3f54c9bb5fbe86b939d30aedb8e1634f706a20a2aa91830,true,false,false,capacity_only
feat_604a371a736114b17a07a304,synthetic_v0_seed_20260510,20260510,site_c,topology_domain,fabricdom_hmac_39fe20b72950,2026-05-14T23:34:42Z,2026-05-15T23:34:42Z,86400,episode_normal_inference_00062,normal_inference,0,0.95,capacity below policy threshold with strong coverage,synthetic_latent_truth_plus_composite_rules,false,0.1555,384.0,276,0.9,0.66,0.0,0.0,24.27,78.73,0.1555,0.0632,0.5583,inference,false,,,,,,35.0,46.58,0.3596,37.69,0.3087,0.4163,0.575,0.0,,,false,0.0548,0.0716,0.0,0.0644,2,0.0778,0.1072,0.0038,0.96,0.243,0.5794,0.0,3.2804,0.1625,0.2067,0.564,0.3095,0.3501,24,vllm_inference,0.6408,24,false,0.0,0.0,0.0,0.0,false,,,,false,false,0.98,0.0,true,0.98,0.01,36,0,false,false,,,,1.0,observed,1.0,observed,1.0,observed,1.0,observed,0.0,routine_profiler_disabled,1.0,observed,1.0,observed,1.0,observed,1.0,observed,1.0,observed,1.0,observed,0.0,privacy_redacted,1.0,observed,1.0,observed,1.0,observed,0.0,not_scheduled,1.0,observed,valid,auditor_reconciled,auditor_reconciled,bms_meter,features-v0.1.0,policy-thresholds-v0.1.0,h100e-normalization-v0.1.0,sha256:23c4d58ebb71f70652e6caf1639d227650d0cba4d5de480fbd32b3b07acd92d9,false,false,false,none
feat_e8ad8c2ec47e1526d376fb55,synthetic_v0_seed_20260510,20260510,site_c,topology_domain,fabricdom_hmac_69801cb05ed5,2026-05-14T23:54:15Z,2026-05-15T23:54:15Z,86400,episode_large_batch_inference_00145,large_batch_inference,0,0.95,capacity below policy threshold with strong coverage,synthetic_latent_truth_plus_composite_rules,false,0.0231,384.0,276,0.9,0.66,0.0,0.0,138.62,2.05,0.0231,0.361,0.78,inference,false,,,,,,68.0,88.0,0.62,72.0,0.62,0.803,0.9352,0.0,,,false,0.187,0.138,0.0,0.22,23,0.15,0.1325,0.0248,0.96,0.4678,0.5794,157.0706,0.0854,0.1208,0.1302,0.8233,0.4849,0.5075,138,large_batch_inference,0.796,138,false,13.45,0.0,0.0,0.0,false,,,,false,false,0.98,0.0,true,0.98,0.01,52,0,false,false,,,,1.0,observed,1.0,observed,1.0,observed,1.0,observed,0.0,routine_profiler_disabled,1.0,observed,1.0,observed,1.0,observed,1.0,observed,1.0,observed,1.0,observed,0.0,privacy_redacted,1.0,observed,1.0,observed,1.0,observed,0.0,not_scheduled,1.0,observed,valid,auditor_reconciled,auditor_reconciled,bms_meter,features-v0.1.0,policy-thresholds-v0.1.0,h100e-normalization-v0.1.0,sha256:369d93fcdce32a0519c5d12f6efe4a4c66b60193c6e318a6c270d47156bb435e,false,false,false,false_positive_primary
feat_00eabefe3f8af2170b2a8765,synthetic_v0_seed_20260510,20260510,site_a,topology_domain,fabricdom_hmac_a69cdcc86e69,2026-05-15T01:21:06Z,2026-05-16T01:21:06Z,86400,episode_normal_inference_00006,normal_inference,1,0.78,routine inference on capable monitored capacity leaves training possible but not elevated,synthetic_latent_truth_plus_composite_rules,true,0.0809,4096.0,3522,0.83,0.94,0.0,0.0,189.25,5.26,0.0809,0.0462,0.6694,inference,false,,,,,,31.88,48.84,0.1922,50.4,0.2996,0.5285,0.5947,0.0,,,false,0.0469,0.0485,0.0,0.0551,11,0.0527,0.0984,0.0022,0.96,0.2376,4.4398,0.0,0.2192,0.1892,0.2101,0.5782,0.3053,0.3463,189,tensorrt_llm_serving,0.7186,189,false,0.0,0.0,0.0,0.0,false,,,,false,false,0.98,0.0,true,0.98,0.01,5,0,false,false,,,,1.0,observed,1.0,observed,0.0,not_applicable,1.0,observed,0.0,routine_profiler_disabled,1.0,observed,1.0,observed,1.0,observed,1.0,observed,1.0,observed,1.0,observed,0.0,privacy_redacted,1.0,observed,1.0,observed,1.0,observed,0.0,not_scheduled,1.0,observed,valid,operator_signed,operator_signed,bms_meter,features-v0.1.0,policy-thresholds-v0.1.0,h100e-normalization-v0.1.0,sha256:916828f698ed4ea8cbb257c49ba92586b6dc1ab730ccb18cbbc4bff0c855abb9,false,false,false,none
feat_51b59528c81c659f273093cf,synthetic_v0_seed_20260510,20260510,site_b,linked_job_group,jobgrp_hmac_31d0e2f6236f,2026-05-15T01:52:28Z,2026-05-16T01:52:28Z,86400,episode_adversarial_fragmented_training_00015,adversarial_fragmented_training,2,0.78,fragmented sub-threshold activity is elevated until jobs/accounts are linked,synthetic_latent_truth_plus_composite_rules,true,11.2758,2048.0,1761,0.865,0.94,0.0,0.3453,836.75,165.59,11.2758,0.4086,0.42,unknown,true,,,,,,76.0,91.0,0.78,86.0,0.74,0.959,0.9613,0.0,,,false,0.408,0.506,0.0,0.48,529,0.55,0.2725,0.198,0.96,0.51,2.3099,13139.9808,6.8996,0.0952,0.1172,0.8421,0.5178,0.537,836,pytorch_distributed_training,0.544,836,true,0.0,0.651,0.5528,0.0,false,,,,false,false,0.98,0.0,true,0.98,0.01,15,0,false,false,,,,1.0,observed,1.0,observed,1.0,observed,1.0,observed,0.0,routine_profiler_disabled,1.0,observed,1.0,observed,1.0,observed,1.0,observed,1.0,observed,1.0,observed,0.0,privacy_redacted,1.0,observed,1.0,observed,1.0,observed,0.0,not_scheduled,1.0,observed,valid,operator_signed,operator_signed,bms_meter,features-v0.1.0,policy-thresholds-v0.1.0,h100e-normalization-v0.1.0,sha256:4f8f00d43d85d636d08a3e5bbf9666c21ba0719e7df2978f2d1444c05de1c266,false,false,false,training_fragmented
feat_4970838c04f725ae763108ff,synthetic_v0_seed_20260510,20260510,site_b,linked_job_group,jobgrp_hmac_93f6692f0629,2026-05-15T03:33:45Z,2026-05-16T03:33:45Z,86400,episode_pretraining_00036,pretraining,4,0.96,authenticated ML evidence crosses the policy compute threshold,synthetic_latent_truth_plus_composite_rules,true,34.5827,2048.0,1761,0.865,0.94,0.0,0.0,1707.66,248.85,34.5827,0.8338,0.9635,train,true,,,,,,83.17,92.17,0.8607,86.4,0.7228,0.9583,0.9715,0.0,,,false,0.6453,0.7728,0.0,0.7591,1536,0.84,0.374,0.4783,0.96,0.8195,2.3099,30298.0666,10.3688,0.0823,0.0095,0.8495,0.7592,0.7536,1707,pytorch_distributed_training,0.9244,1707,true,447.7,1.141,0.78,0.626,true,69.65,776.36,208032,true,true,0.98,0.0,true,0.98,0.01,41,0,false,false,,,,1.0,observed,1.0,observed,1.0,observed,1.0,observed,0.0,routine_profiler_disabled,1.0,observed,1.0,observed,1.0,observed,1.0,observed,1.0,observed,1.0,observed,0.6942,delayed_log_delivery,1.0,observed,1.0,observed,1.0,observed,0.0,not_scheduled,1.0,observed,valid,operator_signed,operator_signed,bms_meter,features-v0.1.0,policy-thresholds-v0.1.0,h100e-normalization-v0.1.0,sha256:8c2ca531d95116df67e04cf4698c16cc9b22b836385196cfc5c78f04ae07f608,false,false,false,training_primary_semantic
feat_139015f7d44d313801ccf11e,synthetic_v0_seed_20260510,20260510,site_a,topology_domain,fabricdom_hmac_414ac7622b29,2026-05-15T04:08:26Z,2026-05-16T04:08:26Z,86400,episode_reserved_but_unused_capacity_00027,reserved_but_unused_capacity,1,0.82,capacity-only evidence is capped at training possible,synthetic_latent_truth_plus_composite_rules,true,15.0352,4096.0,3522,0.83,0.94,0.0,0.0,1178.61,156.75,15.0352,0.2877,0.86,reserved,true,,,,,,3.0,12.0,0.0,2.0,0.08,0.038,0.2743,0.0,,,false,0.0255,0.0,0.0,0.03,0,0.0,0.08,0.0,0.96,0.2403,4.4398,0.0,6.5312,0.22,0.168,0.3475,0.3126,0.3528,1178,none,0.852,1178,false,0.0,0.0,0.0,0.0,false,,,,false,false,0.98,0.0,true,0.98,0.01,11,0,false,false,,,,1.0,observed,1.0,observed,0.0,not_applicable,1.0,observed,0.0,routine_profiler_disabled,1.0,observed,1.0,observed,1.0,observed,1.0,observed,1.0,observed,1.0,observed,0.0,privacy_redacted,1.0,observed,1.0,observed,1.0,observed,0.0,not_scheduled,1.0,observed,valid,operator_signed,operator_signed,bms_meter,features-v0.1.0,policy-thresholds-v0.1.0,h100e-normalization-v0.1.0,sha256:49311867f75ecdcc15afe5cad69d8604ce76c5881158dafed35cedcfdcb810b6,true,false,false,capacity_only
feat_e1a748690b70fa1123b8b456,synthetic_v0_seed_20260510,20260510,site_b,linked_job_group,jobgrp_hmac_b424fdff791b,2026-05-15T05:04:34Z,2026-05-16T05:04:34Z,86400,episode_large_fine_tune_00082,large_fine_tune,3,0.89,two independent primary layers plus corroboration support likely training,synthetic_latent_truth_plus_composite_rules,true,15.4551,2048.0,1761,0.865,0.94,0.0,0.0,913.32,207.94,15.4551,0.446,0.9254,train,true,,,,,,81.21,90.21,0.836,88.11,0.8513,1.0,0.9544,0.0,,,false,0.6762,0.8302,0.0,0.7956,821,0.9024,0.3959,0.5385,0.96,0.5338,2.3099,14459.4071,8.6642,0.0862,0.1081,0.8372,0.5364,0.5537,913,pytorch_distributed_training,0.8978,913,true,169.73,2.356,0.8188,0.9088,false,209.58,1280.43,343550,true,true,0.98,0.0,true,0.98,0.01,61,0,false,false,,,,1.0,observed,1.0,observed,1.0,observed,1.0,observed,0.0,routine_profiler_disabled,1.0,observed,1.0,observed,1.0,observed,1.0,observed,1.0,observed,1.0,observed,0.8833,delayed_log_delivery,1.0,observed,1.0,observed,1.0,observed,0.0,not_scheduled,1.0,observed,valid,operator_signed,operator_signed,bms_meter,features-v0.1.0,policy-thresholds-v0.1.0,h100e-normalization-v0.1.0,sha256:e3cbd2b570e88bc4ba2ece0f5520913014710b81f2f8135403c36e8c9ce78e77,false,false,false,training_primary_semantic
feat_b4075d0a11ae07696972c35c,synthetic_v0_seed_20260510,20260510,site_b,linked_job_group,jobgrp_hmac_ae666d3df7c1,2026-05-15T06:36:37Z,2026-05-16T06:36:37Z,86400,episode_cloud_reservation_used_for_training_00031,cloud_reservation_used_for_training,3,0.89,two independent primary layers plus corroboration support likely training,synthetic_latent_truth_plus_composite_rules,true,34.3848,2048.0,1761,0.865,0.94,0.0,0.0,1701.81,248.28,34.3848,0.831,0.8612,train,true,1701,248.28,0.8678,0.9366,65.67,89.48,98.0,0.8279,90.93,0.8386,1.0,1.0,0.0,,,false,0.582,0.7702,0.0,0.6847,1531,0.8372,0.373,0.4299,0.96,0.8552,2.3099,32277.206,10.345,0.0875,0.0242,0.87,0.7871,0.7786,1701,pytorch_distributed_training,0.8528,1701,true,546.27,1.286,0.7501,0.7451,false,51.86,3028.31,510703,true,true,0.98,0.0,true,0.98,0.01,5,0,false,false,,,,1.0,observed,1.0,observed,1.0,observed,1.0,observed,0.0,routine_profiler_disabled,1.0,observed,1.0,observed,1.0,observed,1.0,observed,1.0,observed,1.0,observed,0.8007,delayed_log_delivery,1.0,observed,1.0,observed,1.0,observed,0.0,not_scheduled,1.0,observed,valid,operator_signed,operator_signed,bms_meter,features-v0.1.0,policy-thresholds-v0.1.0,h100e-normalization-v0.1.0,sha256:fc156465cf37f26450738d3b45444264f50ba48bac4d41b28315cb0ae05cd809,false,false,false,training_primary_semantic
feat_c88181dad439c16c3e0a6a8e,synthetic_v0_seed_20260510,20260510,site_a,linked_job_group,jobgrp_hmac_df0ce4cc74cd,2026-05-15T09:56:46Z,2026-05-16T09:56:46Z,86400,episode_adversarial_fragmented_training_00073,adversarial_fragmented_training,2,0.78,fragmented sub-threshold activity is elevated until jobs/accounts are linked,synthetic_latent_truth_plus_composite_rules,true,3.5547,4096.0,3522,0.83,0.94,0.0,0.4061,528.1,82.71,3.5547,0.1289,0.42,unknown,true,,,,,,76.0,91.0,0.78,86.0,0.74,0.959,0.9613,0.0,,,false,0.408,0.506,0.0,0.48,334,0.55,0.2725,0.198,0.96,0.45,4.4398,22003.392,3.4462,0.0952,0.3261,0.8421,0.471,0.495,528,pytorch_distributed_training,0.544,528,true,0.0,0.686,0.6336,0.0,false,,,,false,false,0.98,0.0,true,0.98,0.01,24,0,false,false,,,,1.0,observed,1.0,observed,0.0,not_applicable,1.0,observed,0.0,routine_profiler_disabled,1.0,observed,1.0,observed,1.0,observed,1.0,observed,1.0,observed,1.0,observed,0.0,privacy_redacted,1.0,observed,1.0,observed,1.0,observed,0.0,not_scheduled,1.0,observed,valid,operator_signed,operator_signed,bms_meter,features-v0.1.0,policy-thresholds-v0.1.0,h100e-normalization-v0.1.0,sha256:0b30c55f5cc66bc9b72f1c51e1c85190e6545f25469c0121af745db1c839b0fb,false,false,false,training_fragmented
feat_9f1843ef7bf08d83bf77494c,synthetic_v0_seed_20260510,20260510,site_b,topology_domain,fabricdom_hmac_91e1474b6e,2026-05-15T12:32:48Z,2026-05-16T12:32:48Z,86400,episode_idle_00112,idle,0,0.94,idle window has strong critical-layer coverage,synthetic_latent_truth_plus_composite_rules,true,0.0,2048.0,1761,0.865,0.94,0.0,0.0,0.0,0.0,0.0,0.0,0.0,none,false,,,,,,0.0,0.0,0.0,0.0,0.0,0.0,0.18,0.0,,,false,0.0,0.0,0.0,0.0,0,0.0,0.0,0.0,0.96,0.2646,2.3099,0.0,0.5513,0.1878,0.0,0.08,0.1,0.12,0,none,0.0,0,false,0.0,0.0,0.0,0.0,false,,,,false,false,0.98,0.0,true,0.98,0.01,76,0,false,false,,,,1.0,observed,1.0,observed,1.0,observed,1.0,observed,0.0,routine_profiler_disabled,1.0,observed,1.0,observed,1.0,observed,1.0,observed,1.0,observed,1.0,observed,0.0,privacy_redacted,1.0,observed,1.0,observed,1.0,observed,0.0,not_scheduled,1.0,observed,valid,operator_signed,operator_signed,bms_meter,features-v0.1.0,policy-thresholds-v0.1.0,h100e-normalization-v0.1.0,sha256:a2a44320b8ec8b200bd8a6b89287500854d9082bb4af8c6ecfcea1bfb1e7fbe1,false,false,false,none
feat_0597be9af15ff0d127a47322,synthetic_v0_seed_20260510,20260510,site_b,linked_job_group,jobgrp_hmac_94cfceb8aeec,2026-05-15T14:49:13Z,2026-05-16T14:49:13Z,86400,episode_adversarial_fragmented_training_00080,adversarial_fragmented_training,2,0.78,fragmented sub-threshold activity is elevated until jobs/accounts are linked,synthetic_latent_truth_plus_composite_rules,true,12.0993,2048.0,1761,0.865,0.94,0.0,0.2582,758.05,196.13,12.0993,0.3701,0.42,unknown,true,,,,,,76.0,91.0,0.78,86.0,0.74,0.959,0.9613,0.0,,,false,0.408,0.506,0.0,0.48,479,0.55,0.2725,0.198,0.96,0.4827,2.3099,11626.5212,8.1721,0.0952,0.1269,0.8421,0.4965,0.5179,758,pytorch_distributed_training,0.544,758,true,0.0,0.101,0.5368,0.0,false,,,,false,false,0.98,0.0,true,0.98,0.01,72,0,false,false,,,,1.0,observed,1.0,observed,1.0,observed,1.0,observed,0.0,routine_profiler_disabled,1.0,observed,1.0,observed,1.0,observed,1.0,observed,1.0,observed,1.0,observed,0.0,privacy_redacted,1.0,observed,1.0,observed,1.0,observed,0.0,not_scheduled,1.0,observed,valid,operator_signed,operator_signed,bms_meter,features-v0.1.0,policy-thresholds-v0.1.0,h100e-normalization-v0.1.0,sha256:d057818e3f35a9faf0ffefdb573c1a5b64a2a17933c9d2caa527c1ee377961cc,false,false,false,training_fragmented
feat_1359d96decf505bdae5350c2,synthetic_v0_seed_20260510,20260510,site_b,linked_job_group,jobgrp_hmac_7e8e7c7d3a1c,2026-05-15T19:44:18Z,2026-05-16T19:44:18Z,86400,episode_pretraining_00041,pretraining,4,0.96,authenticated ML evidence crosses the policy compute threshold,synthetic_latent_truth_plus_composite_rules,true,36.1527,2048.0,1761,0.865,0.94,0.0,0.0,1738.26,255.57,36.1527,0.8488,0.8258,train,true,,,,,,87.83,96.83,0.7875,91.82,0.8727,1.0,1.0,0.0,0.7035,0.7874,true,0.699,0.6977,0.0,0.8223,1515,0.7584,0.3454,0.4677,0.96,0.8611,2.3099,32604.2907,10.6487,0.094,0.0123,0.87,0.7917,0.7828,1738,pytorch_distributed_training,0.8281,1738,true,571.68,1.299,0.8738,0.8734,true,213.47,1132.26,204967,true,true,0.98,0.0,true,0.98,0.01,35,0,false,false,,,,1.0,observed,1.0,observed,1.0,observed,1.0,observed,0.4993,privacy_redacted,1.0,observed,1.0,observed,1.0,observed,1.0,observed,1.0,observed,1.0,observed,0.8863,delayed_log_delivery,1.0,observed,1.0,observed,1.0,observed,0.0,not_scheduled,1.0,observed,valid,operator_signed,operator_signed,bms_meter,features-v0.1.0,policy-thresholds-v0.1.0,h100e-normalization-v0.1.0,sha256:22f29fcb940ca6cf73ebd0e5123e545c34feb8e94ea9707737027d5c88195f09,false,false,false,training_primary_semantic
feat_4ea8b7356668e9f7ff64c31f,synthetic_v0_seed_20260510,20260510,site_a,topology_domain,fabricdom_hmac_1033bc9fce76,2026-05-15T20:53:28Z,2026-05-16T20:53:28Z,86400,episode_reserved_but_unused_capacity_00203,reserved_but_unused_capacity,1,0.82,capacity-only evidence is capped at training possible,synthetic_latent_truth_plus_composite_rules,true,17.1846,4096.0,3522,0.83,0.94,0.0,0.0,1285.04,164.33,17.1846,0.3137,0.86,reserved,true,,,,,,3.0,12.0,0.0,2.0,0.08,0.038,0.2743,0.0,,,false,0.0255,0.0,0.0,0.03,0,0.0,0.08,0.0,0.96,0.1994,4.4398,0.0,6.8471,0.22,0.1634,0.3475,0.3145,0.3546,1285,none,0.852,1285,false,0.0,0.0,0.0,0.0,false,,,,false,false,0.98,0.0,true,0.98,0.01,31,0,false,false,,,,1.0,observed,1.0,observed,0.0,not_applicable,1.0,observed,0.0,routine_profiler_disabled,1.0,observed,1.0,observed,1.0,observed,1.0,observed,1.0,observed,1.0,observed,0.0,privacy_redacted,1.0,observed,1.0,observed,1.0,observed,0.0,not_scheduled,1.0,observed,valid,operator_signed,operator_signed,bms_meter,features-v0.1.0,policy-thresholds-v0.1.0,h100e-normalization-v0.1.0,sha256:b2e59d2d7faf513a8391932ca52cfe4b29954bf9cec9a1cf87a5baf881cf1c9b,true,false,false,capacity_only
feat_aa7f6571062e9247ed896ca1,synthetic_v0_seed_20260510,20260510,site_b,topology_domain,fabricdom_hmac_b14bf26eb89c,2026-05-15T22:35:01Z,2026-05-16T22:35:01Z,86400,episode_normal_inference_00132,normal_inference,1,0.78,routine inference on capable monitored capacity leaves training possible but not elevated,synthetic_latent_truth_plus_composite_rules,true,0.0101,2048.0,1761,0.865,0.94,0.0,0.0,26.36,4.72,0.0101,0.0129,0.463,inference,false,,,,,,52.16,59.3,0.1174,36.72,0.4913,0.4533,0.6857,0.0,,,false,0.1075,0.1382,0.0,0.1264,4,0.1502,0.1326,0.0142,0.96,0.226,2.3099,0.0,0.1967,0.2012,0.2172,0.6437,0.2963,0.3382,26,tensorrt_llm_serving,0.5741,26,false,0.0,0.0,0.0,0.0,false,,,,false,false,0.98,0.0,true,0.98,0.01,66,0,false,false,,,,1.0,observed,1.0,observed,1.0,observed,1.0,observed,0.0,routine_profiler_disabled,1.0,observed,1.0,observed,1.0,observed,1.0,observed,1.0,observed,1.0,observed,0.0,privacy_redacted,1.0,observed,1.0,observed,1.0,observed,0.0,not_scheduled,1.0,observed,valid,operator_signed,operator_signed,bms_meter,features-v0.1.0,policy-thresholds-v0.1.0,h100e-normalization-v0.1.0,sha256:dae974167aa2408beaca06d59db2e0fe9c618ba464bc7d0db5117b23c9a93514,false,false,false,none
feat_701cd55e46eab5e16f53ca61,synthetic_v0_seed_20260510,20260510,site_c,topology_domain,fabricdom_hmac_8f408e3606,2026-05-16T00:19:51Z,2026-05-17T00:19:51Z,86400,episode_idle_00004,idle,0,0.95,capacity below policy threshold with strong coverage,synthetic_latent_truth_plus_composite_rules,false,0.0,384.0,276,0.9,0.66,0.0,0.0,0.0,0.0,0.0,0.0,0.0,none,false,,,,,,0.0,0.0,0.0,0.0,0.0,0.0,0.18,0.0,,,false,0.0,0.0,0.0,0.0,0,0.0,0.0,0.0,0.96,0.1403,0.5794,0.0,0.6996,0.1587,0.0,0.08,0.1,0.12,0,none,0.0,0,false,0.0,0.0,0.0,0.0,false,,,,false,false,0.98,0.0,true,0.98,0.01,50,0,false,false,,,,1.0,observed,1.0,observed,1.0,observed,1.0,observed,0.0,routine_profiler_disabled,1.0,observed,1.0,observed,1.0,observed,1.0,observed,1.0,observed,1.0,observed,0.0,privacy_redacted,1.0,observed,1.0,observed,1.0,observed,0.0,not_scheduled,1.0,observed,valid,auditor_reconciled,auditor_reconciled,bms_meter,features-v0.1.0,policy-thresholds-v0.1.0,h100e-normalization-v0.1.0,sha256:3eb4c3fc56ce86657c8cfe11e9b490a6c4936367c038f0266e76ee4883ebb7ba,false,false,false,none
feat_645187f58062a38962ef2f9c,synthetic_v0_seed_20260510,20260510,site_a,linked_job_group,jobgrp_hmac_ab869290b1d8,2026-05-16T00:36:51Z,2026-05-17T00:36:51Z,86400,episode_pretraining_00025,pretraining,4,0.93,"scheduler, GPU, fabric, power, and storage cohere under high integrity",synthetic_latent_truth_plus_composite_rules,true,68.8809,4096.0,3522,0.83,0.94,0.0,0.0,2035.13,415.9,68.8809,0.4969,0.927,train,true,,,,,,91.83,98.0,0.912,88.05,0.8755,1.0,1.0,0.0,0.5971,0.8256,true,0.7456,0.8409,0.0,0.8771,1831,0.9141,0.3999,0.6013,0.96,0.5998,4.4398,37965.5048,17.3292,0.0741,0.1029,0.87,0.5878,0.5999,2035,pytorch_distributed_training,0.8989,2035,true,167.27,0.504,0.8767,0.7689,false,415.89,3719.61,378511,true,true,0.98,0.0,true,0.98,0.01,67,0,false,false,,,,1.0,observed,1.0,observed,0.0,not_applicable,1.0,observed,0.5176,privacy_redacted,1.0,observed,1.0,observed,1.0,observed,1.0,observed,1.0,observed,1.0,observed,0.8707,delayed_log_delivery,1.0,observed,1.0,observed,1.0,observed,0.0,not_scheduled,1.0,observed,valid,operator_signed,operator_signed,bms_meter,features-v0.1.0,policy-thresholds-v0.1.0,h100e-normalization-v0.1.0,sha256:cf79c59c2f7f4c73bd75fadadf50aa954511101526b4db7212ba8366c18268a1,false,false,false,training_primary_semantic
feat_6daed5d31d7819d0320ab330,synthetic_v0_seed_20260510,20260510,site_b,linked_job_group,jobgrp_hmac_31d0e2f6236f,2026-05-16T01:52:28Z,2026-05-17T01:52:28Z,86400,episode_adversarial_fragmented_training_00015,adversarial_fragmented_training,2,0.78,fragmented sub-threshold activity is elevated until jobs/accounts are linked,synthetic_latent_truth_plus_composite_rules,true,11.2758,2048.0,1761,0.865,0.94,0.0,0.3453,836.75,165.59,11.2758,0.4086,0.42,unknown,true,,,,,,76.0,91.0,0.78,86.0,0.74,0.959,0.9613,0.0,,,false,0.408,0.506,0.0,0.48,529,0.55,0.2725,0.198,0.96,0.51,2.3099,13139.9808,6.8996,0.0952,0.1172,0.8421,0.5178,0.537,836,pytorch_distributed_training,0.544,836,true,0.0,0.651,0.5528,0.0,false,,,,false,false,0.98,0.0,true,0.98,0.01,15,0,false,false,,,,1.0,observed,1.0,observed,1.0,observed,1.0,observed,0.0,routine_profiler_disabled,1.0,observed,1.0,observed,1.0,observed,1.0,observed,1.0,observed,1.0,observed,0.0,privacy_redacted,1.0,observed,1.0,observed,1.0,observed,0.0,not_scheduled,1.0,observed,valid,operator_signed,operator_signed,bms_meter,features-v0.1.0,policy-thresholds-v0.1.0,h100e-normalization-v0.1.0,sha256:7254afe275c1bf3642e9090213c7a9e2ac29183c67234c15c59f3f19e765abf1,false,false,false,training_fragmented
feat_5996ad1ff6a12a9912e1c9d2,synthetic_v0_seed_20260510,20260510,site_a,topology_domain,fabricdom_hmac_414ac7622b29,2026-05-16T04:08:26Z,2026-05-17T04:08:26Z,86400,episode_reserved_but_unused_capacity_00027,reserved_but_unused_capacity,1,0.82,capacity-only evidence is capped at training possible,synthetic_latent_truth_plus_composite_rules,true,15.0352,4096.0,3522,0.83,0.94,0.0,0.0,1178.61,156.75,15.0352,0.2877,0.86,reserved,true,,,,,,3.0,12.0,0.0,2.0,0.08,0.038,0.2743,0.0,,,false,0.0255,0.0,0.0,0.03,0,0.0,0.08,0.0,0.96,0.2403,4.4398,0.0,6.5312,0.22,0.168,0.3475,0.3126,0.3528,1178,none,0.852,1178,false,0.0,0.0,0.0,0.0,false,,,,false,false,0.98,0.0,true,0.98,0.01,11,0,false,false,,,,1.0,observed,1.0,observed,0.0,not_applicable,1.0,observed,0.0,routine_profiler_disabled,1.0,observed,1.0,observed,1.0,observed,1.0,observed,1.0,observed,1.0,observed,0.0,privacy_redacted,1.0,observed,1.0,observed,1.0,observed,0.0,not_scheduled,1.0,observed,valid,operator_signed,operator_signed,bms_meter,features-v0.1.0,policy-thresholds-v0.1.0,h100e-normalization-v0.1.0,sha256:e7e31f0df9deb4c2df1dd6549e8081c9d14fca79d643a6b383bbd336a948e997,true,false,false,capacity_only
feat_1c60c29d7b6887f44b194751,synthetic_v0_seed_20260510,20260510,site_b,linked_job_group,jobgrp_hmac_b424fdff791b,2026-05-16T05:04:34Z,2026-05-17T05:04:34Z,86400,episode_large_fine_tune_00082,large_fine_tune,3,0.89,two independent primary layers plus corroboration support likely training,synthetic_latent_truth_plus_composite_rules,true,15.4551,2048.0,1761,0.865,0.94,0.0,0.0,913.32,207.94,15.4551,0.446,0.9254,train,true,,,,,,81.21,90.21,0.836,88.11,0.8513,1.0,0.9544,0.0,,,false,0.6762,0.8302,0.0,0.7956,821,0.9024,0.3959,0.5385,0.96,0.5338,2.3099,14459.4071,8.6642,0.0862,0.1081,0.8372,0.5364,0.5537,913,pytorch_distributed_training,0.8978,913,true,169.73,2.356,0.8188,0.9088,false,209.58,1280.43,343550,true,true,0.98,0.0,true,0.98,0.01,61,0,false,false,,,,1.0,observed,1.0,observed,1.0,observed,1.0,observed,0.0,routine_profiler_disabled,1.0,observed,1.0,observed,1.0,observed,1.0,observed,1.0,observed,1.0,observed,0.8833,delayed_log_delivery,1.0,observed,1.0,observed,1.0,observed,0.0,not_scheduled,1.0,observed,valid,operator_signed,operator_signed,bms_meter,features-v0.1.0,policy-thresholds-v0.1.0,h100e-normalization-v0.1.0,sha256:22b5ae5ac1600d94c09a9c5822c192b4c5e3055d31e309f91ad22bccc9090d97,false,false,false,training_primary_semantic
feat_4ed99e1da6dce9771f3bb270,synthetic_v0_seed_20260510,20260510,site_a,linked_job_group,jobgrp_hmac_df0ce4cc74cd,2026-05-16T09:56:46Z,2026-05-17T09:56:46Z,86400,episode_adversarial_fragmented_training_00073,adversarial_fragmented_training,2,0.78,fragmented sub-threshold activity is elevated until jobs/accounts are linked,synthetic_latent_truth_plus_composite_rules,true,3.5547,4096.0,3522,0.83,0.94,0.0,0.4061,528.1,82.71,3.5547,0.1289,0.42,unknown,true,,,,,,76.0,91.0,0.78,86.0,0.74,0.959,0.9613,0.0,,,false,0.408,0.506,0.0,0.48,334,0.55,0.2725,0.198,0.96,0.45,4.4398,22003.392,3.4462,0.0952,0.3261,0.8421,0.471,0.495,528,pytorch_distributed_training,0.544,528,true,0.0,0.686,0.6336,0.0,false,,,,false,false,0.98,0.0,true,0.98,0.01,24,0,false,false,,,,1.0,observed,1.0,observed,0.0,not_applicable,1.0,observed,0.0,routine_profiler_disabled,1.0,observed,1.0,observed,1.0,observed,1.0,observed,1.0,observed,1.0,observed,0.0,privacy_redacted,1.0,observed,1.0,observed,1.0,observed,0.0,not_scheduled,1.0,observed,valid,operator_signed,operator_signed,bms_meter,features-v0.1.0,policy-thresholds-v0.1.0,h100e-normalization-v0.1.0,sha256:4d672892732614c0ee4cc017e372ac9d55e746b8f9e37e4b772412783bee3959,false,false,false,training_fragmented
feat_91e885483ec699ee5b34a948,synthetic_v0_seed_20260510,20260510,site_b,linked_job_group,jobgrp_hmac_93f6692f0629,2026-05-16T11:41:02Z,2026-05-17T11:41:02Z,86400,episode_pretraining_00036,pretraining,4,0.96,authenticated ML evidence crosses the policy compute threshold,synthetic_latent_truth_plus_composite_rules,true,34.5827,2048.0,1761,0.865,0.94,0.0,0.0,1707.66,248.85,34.5827,0.8338,0.9635,train,true,,,,,,83.17,92.17,0.8607,86.4,0.7228,0.9583,0.9715,0.0,,,false,0.6453,0.7728,0.0,0.7591,1536,0.84,0.374,0.4783,0.96,0.8195,2.3099,30298.0666,10.3688,0.0823,0.0095,0.8495,0.7592,0.7536,1707,pytorch_distributed_training,0.9244,1707,true,447.7,1.141,0.78,0.626,true,69.65,776.36,208032,true,true,0.98,0.0,true,0.98,0.01,41,0,false,false,,,,1.0,observed,1.0,observed,1.0,observed,1.0,observed,0.0,routine_profiler_disabled,1.0,observed,1.0,observed,1.0,observed,1.0,observed,1.0,observed,1.0,observed,0.6942,delayed_log_delivery,1.0,observed,1.0,observed,1.0,observed,0.0,not_scheduled,1.0,observed,valid,operator_signed,operator_signed,bms_meter,features-v0.1.0,policy-thresholds-v0.1.0,h100e-normalization-v0.1.0,sha256:aa2d3bbc28801f1770e1a580edca655b7f370b8af7bcf08b62a46ecf732661a5,false,false,false,training_primary_semantic
feat_f8175cd1e32c800e167d31ea,synthetic_v0_seed_20260510,20260510,site_b,topology_domain,fabricdom_hmac_0e3facaf1e8d,2026-05-16T14:01:19Z,2026-05-17T14:01:19Z,86400,episode_normal_inference_00109,normal_inference,1,0.78,routine inference on capable monitored capacity leaves training possible but not elevated,synthetic_latent_truth_plus_composite_rules,true,0.0472,2048.0,1761,0.865,0.94,0.0,0.0,55.22,10.51,0.0472,0.027,0.4391,inference,false,,,,,,22.7,65.98,0.1929,37.7,0.5383,0.4739,0.7437,0.0,,,false,0.1413,0.1627,0.0,0.1663,11,0.1768,0.1419,0.022,0.96,0.2339,2.3099,0.0,0.4379,0.1891,0.2138,0.6855,0.3024,0.3437,55,tensorrt_llm_serving,0.5574,55,false,0.0,0.0,0.0,0.0,false,,,,false,false,0.98,0.0,true,0.98,0.01,4,0,false,false,,,,1.0,observed,1.0,observed,1.0,observed,1.0,observed,0.0,routine_profiler_disabled,1.0,observed,1.0,observed,1.0,observed,1.0,observed,1.0,observed,1.0,observed,0.0,privacy_redacted,1.0,observed,1.0,observed,1.0,observed,0.0,not_scheduled,1.0,observed,valid,operator_signed,operator_signed,bms_meter,features-v0.1.0,policy-thresholds-v0.1.0,h100e-normalization-v0.1.0,sha256:8e0e52fd47973c098ac106ed589e94339198101be936928b84fd77ac15c46981,false,false,false,none
feat_e75d3b0062c5742c0c3cb08a,synthetic_v0_seed_20260510,20260510,site_b,linked_job_group,jobgrp_hmac_ae666d3df7c1,2026-05-16T14:38:59Z,2026-05-17T14:38:59Z,86400,episode_cloud_reservation_used_for_training_00031,cloud_reservation_used_for_training,3,0.89,two independent primary layers plus corroboration support likely training,synthetic_latent_truth_plus_composite_rules,true,34.3848,2048.0,1761,0.865,0.94,0.0,0.0,1701.81,248.28,34.3848,0.831,0.8612,train,true,1701,248.28,0.8678,0.9366,65.67,89.48,98.0,0.8279,90.93,0.8386,1.0,1.0,0.0,,,false,0.582,0.7702,0.0,0.6847,1531,0.8372,0.373,0.4299,0.96,0.8552,2.3099,32277.206,10.345,0.0875,0.0242,0.87,0.7871,0.7786,1701,pytorch_distributed_training,0.8528,1701,true,546.27,1.286,0.7501,0.7451,false,51.86,3028.31,510703,true,true,0.98,0.0,true,0.98,0.01,5,0,false,false,,,,1.0,observed,1.0,observed,1.0,observed,1.0,observed,0.0,routine_profiler_disabled,1.0,observed,1.0,observed,1.0,observed,1.0,observed,1.0,observed,1.0,observed,0.8007,delayed_log_delivery,1.0,observed,1.0,observed,1.0,observed,0.0,not_scheduled,1.0,observed,valid,operator_signed,operator_signed,bms_meter,features-v0.1.0,policy-thresholds-v0.1.0,h100e-normalization-v0.1.0,sha256:fce78a135bf6c264b6619f2f9133a6342691f3484d8b6f53d6db2e8b0b88c332,false,false,false,training_primary_semantic
feat_e58e8a27f0fdc75c9b1851e3,synthetic_v0_seed_20260510,20260510,site_b,topology_domain,fabricdom_hmac_fa2d34581ffe,2026-05-16T14:41:01Z,2026-05-17T14:41:01Z,86400,episode_large_etl_data_movement_00098,large_etl_data_movement,1,0.72,physical activity alone is weak and non-semantic,synthetic_latent_truth_plus_composite_rules,true,0.0188,2048.0,1761,0.865,0.94,0.0,0.0,17.84,12.93,0.0188,0.0087,0.25,data,false,,,,,428.2,22.0,48.0,0.08,12.0,0.28,0.178,0.5874,0.0,,,false,0.153,0.046,0.0,0.18,1,0.05,0.0975,0.0067,0.96,0.2233,2.3099,0.0,0.5387,0.2072,0.2182,0.5729,0.2942,0.3363,17,etl_data_pipeline,0.425,17,false,3187.35,0.0,0.0,0.0,false,,,,false,false,0.98,0.0,true,0.98,0.01,74,0,false,false,,,,1.0,observed,1.0,observed,1.0,observed,1.0,observed,0.0,routine_profiler_disabled,1.0,observed,1.0,observed,1.0,observed,1.0,observed,1.0,observed,1.0,observed,0.0,privacy_redacted,1.0,observed,1.0,observed,1.0,observed,0.0,not_scheduled,1.0,observed,valid,operator_signed,operator_signed,bms_meter,features-v0.1.0,policy-thresholds-v0.1.0,h100e-normalization-v0.1.0,sha256:9841f7b9b51724344f4c11ce570c41014e9e580bcb7dc5bbe05e5cb324878cab,false,false,true,physical_only
feat_efc697c642fdef9cad64dd14,synthetic_v0_seed_20260510,20260510,site_b,linked_job_group,jobgrp_hmac_94cfceb8aeec,2026-05-16T14:49:13Z,2026-05-17T14:49:13Z,86400,episode_adversarial_fragmented_training_00080,adversarial_fragmented_training,2,0.78,fragmented sub-threshold activity is elevated until jobs/accounts are linked,synthetic_latent_truth_plus_composite_rules,true,12.0993,2048.0,1761,0.865,0.94,0.0,0.2582,758.05,196.13,12.0993,0.3701,0.42,unknown,true,,,,,,76.0,91.0,0.78,86.0,0.74,0.959,0.9613,0.0,,,false,0.408,0.506,0.0,0.48,479,0.55,0.2725,0.198,0.96,0.4827,2.3099,11626.5212,8.1721,0.0952,0.1269,0.8421,0.4965,0.5179,758,pytorch_distributed_training,0.544,758,true,0.0,0.101,0.5368,0.0,false,,,,false,false,0.98,0.0,true,0.98,0.01,72,0,false,false,,,,1.0,observed,1.0,observed,1.0,observed,1.0,observed,0.0,routine_profiler_disabled,1.0,observed,1.0,observed,1.0,observed,1.0,observed,1.0,observed,1.0,observed,0.0,privacy_redacted,1.0,observed,1.0,observed,1.0,observed,0.0,not_scheduled,1.0,observed,valid,operator_signed,operator_signed,bms_meter,features-v0.1.0,policy-thresholds-v0.1.0,h100e-normalization-v0.1.0,sha256:78fbb0390a75be5584e8213e7c1b0ae10b3bcd2c553ab009b2ac937dba19fd39,false,false,false,training_fragmented
feat_4e088e2767f5a848797ee168,synthetic_v0_seed_20260510,20260510,site_a,linked_job_group,jobgrp_hmac_a60314b5d69a,2026-05-16T15:43:29Z,2026-05-17T15:43:29Z,86400,episode_underclocked_long_duration_training_00017,underclocked_long_duration_training,3,0.86,one strong primary layer plus semantic/supportive corroboration supports likely training,synthetic_latent_truth_plus_composite_rules,true,16.05,4096.0,3522,0.83,0.94,0.0,0.0,513.42,384.13,16.05,0.1253,0.86,unknown,true,,,,,,58.0,76.0,0.62,72.0,0.7,0.823,0.8309,0.0,,,false,0.4675,0.644,0.0,0.55,413,0.7,0.325,0.2888,0.96,0.38,4.4398,14544.4608,16.0054,0.1208,-0.0349,0.7482,0.4164,0.446,513,pytorch_distributed_training,0.852,513,true,0.0,0.481,0.6069,0.0,false,,,,false,false,0.98,0.0,true,0.98,0.01,65,0,false,false,,,,1.0,observed,1.0,observed,0.0,not_applicable,1.0,observed,0.0,routine_profiler_disabled,1.0,observed,1.0,observed,1.0,observed,1.0,observed,1.0,observed,1.0,observed,0.0,privacy_redacted,1.0,observed,1.0,observed,1.0,observed,0.0,not_scheduled,1.0,observed,valid,operator_signed,operator_signed,bms_meter,features-v0.1.0,policy-thresholds-v0.1.0,h100e-normalization-v0.1.0,sha256:923a43d0d6ab4a400eaec6f140b3dbe5ecd7384ef3acf83144c708bf1daee676,false,false,false,training_primary_semantic
feat_0ca3df01b8c4a8c6d21b2491,synthetic_v0_seed_20260510,20260510,site_b,topology_domain,fabricdom_hmac_1d2683b93bb7,2026-05-16T16:18:25Z,2026-05-17T16:18:25Z,86400,episode_large_batch_inference_00030,large_batch_inference,2,0.78,large_batch_inference is a high-load false-positive class requiring cross-checks,synthetic_latent_truth_plus_composite_rules,true,0.0585,2048.0,1761,0.865,0.94,0.0,0.0,213.11,3.37,0.0585,0.1041,0.78,inference,false,,,,,,68.0,88.0,0.62,72.0,0.62,0.803,0.9352,0.0,,,false,0.187,0.138,0.0,0.22,36,0.15,0.1325,0.0248,0.96,0.45,2.3099,9813.696,0.1404,0.1208,0.3526,0.8233,0.471,0.495,213,large_batch_inference,0.796,213,false,51.65,0.0,0.0,0.0,false,,,,false,false,0.98,0.0,true,0.98,0.01,63,0,false,false,,,,1.0,observed,1.0,observed,1.0,observed,1.0,observed,0.0,routine_profiler_disabled,1.0,observed,1.0,observed,1.0,observed,1.0,observed,1.0,observed,1.0,observed,0.0,privacy_redacted,1.0,observed,1.0,observed,1.0,observed,0.0,not_scheduled,1.0,observed,valid,operator_signed,operator_signed,bms_meter,features-v0.1.0,policy-thresholds-v0.1.0,h100e-normalization-v0.1.0,sha256:fdbb0d1e7e6e939118d3c28cf9a8d765cbff3dec36e48f2d6e530fdcf59e7ebf,false,false,false,false_positive_primary
feat_c835ae131fc94df2006fd4a0,synthetic_v0_seed_20260510,20260510,site_a,linked_job_group,jobgrp_hmac_322d92d40f6e,2026-05-16T16:30:40Z,2026-05-17T16:30:40Z,86400,episode_adversarial_fragmented_training_00105,adversarial_fragmented_training,2,0.78,fragmented sub-threshold activity is elevated until jobs/accounts are linked,synthetic_latent_truth_plus_composite_rules,true,3.6776,4096.0,3522,0.83,0.94,0.0,0.4277,258.69,174.69,3.6776,0.0632,0.42,unknown,false,,,,,,76.0,91.0,0.78,86.0,0.74,0.959,0.9613,0.0,,,false,0.408,0.506,0.0,0.48,163,0.55,0.2725,0.198,0.96,0.45,4.4398,22003.392,7.2787,0.0952,0.3892,0.8421,0.471,0.495,258,pytorch_distributed_training,0.544,258,true,0.0,0.485,0.5608,0.0,false,,,,false,false,0.98,0.0,true,0.98,0.01,70,0,false,false,,,,1.0,observed,1.0,observed,0.0,not_applicable,1.0,observed,0.0,routine_profiler_disabled,1.0,observed,1.0,observed,1.0,observed,1.0,observed,1.0,observed,1.0,observed,0.0,privacy_redacted,1.0,observed,1.0,observed,1.0,observed,0.0,not_scheduled,1.0,observed,valid,operator_signed,operator_signed,bms_meter,features-v0.1.0,policy-thresholds-v0.1.0,h100e-normalization-v0.1.0,sha256:4fc056199d9822c53b7e63206a344e9ab1127acedbed85fbbaad94223124d5f6,false,false,false,training_fragmented
feat_9b4dd9449b043a02cd85e1da,synthetic_v0_seed_20260510,20260510,site_b,topology_domain,fabricdom_hmac_1f4f9ce5c005,2026-05-16T18:46:58Z,2026-05-17T18:46:58Z,86400,episode_synthetic_data_generation_00111,synthetic_data_generation,2,0.78,synthetic_data_generation is a high-load false-positive class requiring cross-checks,synthetic_latent_truth_plus_composite_rules,true,0.1553,2048.0,1761,0.865,0.94,0.0,0.0,154.89,12.32,0.1553,0.0756,0.75,synthetic_data,false,,,,,,72.0,91.0,0.72,80.0,0.7,0.895,0.9613,0.0,,,false,0.2975,0.23,0.0,0.35,44,0.25,0.1675,0.0656,0.96,0.45,2.3099,9813.696,0.5133,0.1048,0.3773,0.8421,0.471,0.495,154,synthetic_data_generation_pipeline,0.775,154,false,228.98,0.0,0.0,0.28,false,,,,false,false,0.98,0.0,true,0.98,0.01,18,0,false,false,,,,1.0,observed,1.0,observed,1.0,observed,1.0,observed,0.0,routine_profiler_disabled,1.0,observed,1.0,observed,1.0,observed,1.0,observed,1.0,observed,1.0,observed,0.0,privacy_redacted,1.0,observed,1.0,observed,1.0,observed,0.0,not_scheduled,1.0,observed,valid,operator_signed,operator_signed,bms_meter,features-v0.1.0,policy-thresholds-v0.1.0,h100e-normalization-v0.1.0,sha256:cfb813f5043d9393ad2bc2bd92c1ea73d6cea85d0ad27395deab72269ff3dbf1,false,false,false,false_positive_primary
feat_8df60f3c848ce9ac87e29705,synthetic_v0_seed_20260510,20260510,site_a,topology_domain,fabricdom_hmac_3742dc5fd292,2026-05-16T20:16:05Z,2026-05-17T20:16:05Z,86400,episode_normal_inference_00077,normal_inference,1,0.78,routine inference on capable monitored capacity leaves training possible but not elevated,synthetic_latent_truth_plus_composite_rules,true,0.1844,4096.0,3522,0.83,0.94,0.0,0.0,31.23,72.56,0.1844,0.0076,0.4783,inference,false,,,,,,29.58,45.11,0.1302,31.92,0.5418,0.4227,0.5623,0.0,,,false,0.0951,0.0711,0.0,0.1119,2,0.0773,0.1071,0.0065,0.96,0.2227,4.4398,0.0,3.0233,0.1992,0.2184,0.5549,0.2937,0.3359,31,ray_batch_inference,0.5848,31,false,0.0,0.0,0.0,0.0,false,,,,false,false,0.98,0.0,true,0.98,0.01,25,0,false,false,,,,1.0,observed,1.0,observed,0.0,not_applicable,1.0,observed,0.0,routine_profiler_disabled,1.0,observed,1.0,observed,1.0,observed,1.0,observed,1.0,observed,1.0,observed,0.0,privacy_redacted,1.0,observed,1.0,observed,1.0,observed,0.0,not_scheduled,1.0,observed,valid,operator_signed,operator_signed,bms_meter,features-v0.1.0,policy-thresholds-v0.1.0,h100e-normalization-v0.1.0,sha256:52d6f1ff7397b5fe894c02e50a70f83936c78fc3d014d2de8dd127e7e0635193,false,false,false,none
feat_fbe51498b8c573e86ad6ed6c,synthetic_v0_seed_20260510,20260510,site_a,topology_domain,fabricdom_hmac_1033bc9fce76,2026-05-16T20:53:28Z,2026-05-17T20:53:28Z,86400,episode_reserved_but_unused_capacity_00203,reserved_but_unused_capacity,1,0.82,capacity-only evidence is capped at training possible,synthetic_latent_truth_plus_composite_rules,true,17.1846,4096.0,3522,0.83,0.94,0.0,0.0,1285.04,164.33,17.1846,0.3137,0.86,reserved,true,,,,,,3.0,12.0,0.0,2.0,0.08,0.038,0.2743,0.0,,,false,0.0255,0.0,0.0,0.03,0,0.0,0.08,0.0,0.96,0.1994,4.4398,0.0,6.8471,0.22,0.1634,0.3475,0.3145,0.3546,1285,none,0.852,1285,false,0.0,0.0,0.0,0.0,false,,,,false,false,0.98,0.0,true,0.98,0.01,31,0,false,false,,,,1.0,observed,1.0,observed,0.0,not_applicable,1.0,observed,0.0,routine_profiler_disabled,1.0,observed,1.0,observed,1.0,observed,1.0,observed,1.0,observed,1.0,observed,0.0,privacy_redacted,1.0,observed,1.0,observed,1.0,observed,0.0,not_scheduled,1.0,observed,valid,operator_signed,operator_signed,bms_meter,features-v0.1.0,policy-thresholds-v0.1.0,h100e-normalization-v0.1.0,sha256:4085a7360f7fd04b09a9118a18b30efd97b272d809b4ff809d75d64fb9981ffc,true,false,false,capacity_only
feat_4dcd33e07389727063626e86,synthetic_v0_seed_20260510,20260510,site_c,topology_domain,fabricdom_hmac_49e20f3493d6,2026-05-16T21:52:14Z,2026-05-17T21:52:14Z,86400,episode_reserved_but_unused_capacity_00126,reserved_but_unused_capacity,0,0.95,capacity below policy threshold with strong coverage,synthetic_latent_truth_plus_composite_rules,false,7.148,384.0,276,0.9,0.66,0.0,0.0,384.0,228.74,7.148,1.0,0.86,reserved,true,,,,,,3.0,12.0,0.0,2.0,0.08,0.038,0.2743,0.0,,,false,0.0255,0.0,0.0,0.03,0,0.0,0.08,0.0,0.96,0.2856,0.5794,0.0,9.5308,0.22,0.0393,0.3475,0.3646,0.3995,384,none,0.852,384,false,0.0,0.0,0.0,0.0,false,,,,false,false,0.98,0.0,true,0.98,0.01,39,0,false,false,,,,1.0,observed,1.0,observed,1.0,observed,1.0,observed,0.0,routine_profiler_disabled,1.0,observed,1.0,observed,1.0,observed,1.0,observed,1.0,observed,1.0,observed,0.0,privacy_redacted,1.0,observed,1.0,observed,1.0,observed,0.0,not_scheduled,1.0,observed,valid,auditor_reconciled,auditor_reconciled,bms_meter,features-v0.1.0,policy-thresholds-v0.1.0,h100e-normalization-v0.1.0,sha256:f387e895e375fb76e8f795ae9acedd4e3b778960756341d51b41dc9e71be7ac2,true,false,false,capacity_only
feat_64587e0e21a406e61e6850f0,synthetic_v0_seed_20260510,20260510,site_a,topology_domain,fabricdom_hmac_218244f94754,2026-05-16T22:43:49Z,2026-05-17T22:43:49Z,86400,episode_normal_inference_00160,normal_inference,1,0.78,routine inference on capable monitored capacity leaves training possible but not elevated,synthetic_latent_truth_plus_composite_rules,true,0.0027,4096.0,3522,0.83,0.94,0.0,0.0,10.02,3.31,0.0027,0.0024,0.6471,inference,false,,,,,,54.65,46.4,0.1654,35.09,0.2954,0.3897,0.5735,0.0,,,false,0.1005,0.0759,0.0,0.1182,0,0.0825,0.1089,0.0073,0.96,0.2209,4.4398,0.0,0.1379,0.1935,0.2195,0.5629,0.2923,0.3346,10,tensorrt_llm_serving,0.703,10,false,0.0,0.0,0.0,0.0,false,,,,false,false,0.98,0.0,true,0.98,0.01,29,0,false,false,,,,1.0,observed,1.0,observed,0.0,not_applicable,1.0,observed,0.0,routine_profiler_disabled,1.0,observed,1.0,observed,1.0,observed,1.0,observed,1.0,observed,1.0,observed,0.0,privacy_redacted,1.0,observed,1.0,observed,1.0,observed,0.0,not_scheduled,1.0,observed,valid,operator_signed,operator_signed,bms_meter,features-v0.1.0,policy-thresholds-v0.1.0,h100e-normalization-v0.1.0,sha256:72978b0cecda16af993e366e133499dce60fa04c7740eac77994e77a415e5538,false,false,false,none
feat_be236270e9979c605bcb5529,synthetic_v0_seed_20260510,20260510,site_b,linked_job_group,jobgrp_hmac_31d0e2f6236f,2026-05-17T01:52:28Z,2026-05-18T01:52:28Z,86400,episode_adversarial_fragmented_training_00015,adversarial_fragmented_training,2,0.78,fragmented sub-threshold activity is elevated until jobs/accounts are linked,synthetic_latent_truth_plus_composite_rules,true,11.2758,2048.0,1761,0.865,0.94,0.0,0.3453,836.75,165.59,11.2758,0.4086,0.42,unknown,true,,,,,,76.0,91.0,0.78,86.0,0.74,0.959,0.9613,0.0,,,false,0.408,0.506,0.0,0.48,529,0.55,0.2725,0.198,0.96,0.51,2.3099,13139.9808,6.8996,0.0952,0.1172,0.8421,0.5178,0.537,836,pytorch_distributed_training,0.544,836,true,0.0,0.651,0.5528,0.0,false,,,,false,false,0.98,0.0,true,0.98,0.01,15,0,false,false,,,,1.0,observed,1.0,observed,1.0,observed,1.0,observed,0.0,routine_profiler_disabled,1.0,observed,1.0,observed,1.0,observed,1.0,observed,1.0,observed,1.0,observed,0.0,privacy_redacted,1.0,observed,1.0,observed,1.0,observed,0.0,not_scheduled,1.0,observed,valid,operator_signed,operator_signed,bms_meter,features-v0.1.0,policy-thresholds-v0.1.0,h100e-normalization-v0.1.0,sha256:02b9355a347f3a2d574c6807465f64a756a019265975de15cb6e36e6ca31cf59,false,false,false,training_fragmented
feat_d6c29f9b93f9bf054e57da2c,synthetic_v0_seed_20260510,20260510,site_a,topology_domain,fabricdom_hmac_414ac7622b29,2026-05-17T04:08:26Z,2026-05-18T04:08:26Z,86400,episode_reserved_but_unused_capacity_00027,reserved_but_unused_capacity,1,0.82,capacity-only evidence is capped at training possible,synthetic_latent_truth_plus_composite_rules,true,15.0352,4096.0,3522,0.83,0.94,0.0,0.0,1178.61,156.75,15.0352,0.2877,0.86,reserved,true,,,,,,3.0,12.0,0.0,2.0,0.08,0.038,0.2743,0.0,,,false,0.0255,0.0,0.0,0.03,0,0.0,0.08,0.0,0.96,0.2403,4.4398,0.0,6.5312,0.22,0.168,0.3475,0.3126,0.3528,1178,none,0.852,1178,false,0.0,0.0,0.0,0.0,false,,,,false,false,0.98,0.0,true,0.98,0.01,11,0,false,false,,,,1.0,observed,1.0,observed,0.0,not_applicable,1.0,observed,0.0,routine_profiler_disabled,1.0,observed,1.0,observed,1.0,observed,1.0,observed,1.0,observed,1.0,observed,0.0,privacy_redacted,1.0,observed,1.0,observed,1.0,observed,0.0,not_scheduled,1.0,observed,valid,operator_signed,operator_signed,bms_meter,features-v0.1.0,policy-thresholds-v0.1.0,h100e-normalization-v0.1.0,sha256:bd8296b25b8089e01adb9d222538af7e39bda92ee2d18e2499f472a9c8429440,true,false,false,capacity_only
feat_27400cbba7fa0487f43c45d8,synthetic_v0_seed_20260510,20260510,site_b,linked_job_group,jobgrp_hmac_7e8e7c7d3a1c,2026-05-17T04:49:10Z,2026-05-18T04:49:10Z,86400,episode_pretraining_00041,pretraining,4,0.96,authenticated ML evidence crosses the policy compute threshold,synthetic_latent_truth_plus_composite_rules,true,36.1527,2048.0,1761,0.865,0.94,0.0,0.0,1738.26,255.57,36.1527,0.8488,0.8258,train,true,,,,,,87.83,96.83,0.7875,91.82,0.8727,1.0,1.0,0.0,0.7035,0.7874,true,0.699,0.6977,0.0,0.8223,1515,0.7584,0.3454,0.4677,0.96,0.8611,2.3099,32604.2907,10.6487,0.094,0.0123,0.87,0.7917,0.7828,1738,pytorch_distributed_training,0.8281,1738,true,571.68,1.299,0.8738,0.8734,true,213.47,1132.26,204967,true,true,0.98,0.0,true,0.98,0.01,35,0,false,false,,,,1.0,observed,1.0,observed,1.0,observed,1.0,observed,0.4993,privacy_redacted,1.0,observed,1.0,observed,1.0,observed,1.0,observed,1.0,observed,1.0,observed,0.8863,delayed_log_delivery,1.0,observed,1.0,observed,1.0,observed,0.0,not_scheduled,1.0,observed,valid,operator_signed,operator_signed,bms_meter,features-v0.1.0,policy-thresholds-v0.1.0,h100e-normalization-v0.1.0,sha256:187a55bf08abc7ffa4f4aac5a1da062d5ae100f32ad08e804ff0eb73c8ef02bf,false,false,false,training_primary_semantic
feat_8b2f2598da6759106c2bd309,synthetic_v0_seed_20260510,20260510,site_b,linked_job_group,jobgrp_hmac_b424fdff791b,2026-05-17T05:04:34Z,2026-05-18T05:04:34Z,86400,episode_large_fine_tune_00082,large_fine_tune,3,0.89,two independent primary layers plus corroboration support likely training,synthetic_latent_truth_plus_composite_rules,true,15.4551,2048.0,1761,0.865,0.94,0.0,0.0,913.32,207.94,15.4551,0.446,0.9254,train,true,,,,,,81.21,90.21,0.836,88.11,0.8513,1.0,0.9544,0.0,,,false,0.6762,0.8302,0.0,0.7956,821,0.9024,0.3959,0.5385,0.96,0.5338,2.3099,14459.4071,8.6642,0.0862,0.1081,0.8372,0.5364,0.5537,913,pytorch_distributed_training,0.8978,913,true,169.73,2.356,0.8188,0.9088,false,209.58,1280.43,343550,true,true,0.98,0.0,true,0.98,0.01,61,0,false,false,,,,1.0,observed,1.0,observed,1.0,observed,1.0,observed,0.0,routine_profiler_disabled,1.0,observed,1.0,observed,1.0,observed,1.0,observed,1.0,observed,1.0,observed,0.8833,delayed_log_delivery,1.0,observed,1.0,observed,1.0,observed,0.0,not_scheduled,1.0,observed,valid,operator_signed,operator_signed,bms_meter,features-v0.1.0,policy-thresholds-v0.1.0,h100e-normalization-v0.1.0,sha256:e0136f75050bc1ac7c23b7cdf54316f43e70b3ced7efe2aa0b2b39e1916d3fb2,false,false,false,training_primary_semantic
feat_4de3d8dfde5134cf164186c2,synthetic_v0_seed_20260510,20260510,site_a,linked_job_group,jobgrp_hmac_df0ce4cc74cd,2026-05-17T09:56:46Z,2026-05-18T09:56:46Z,86400,episode_adversarial_fragmented_training_00073,adversarial_fragmented_training,2,0.78,fragmented sub-threshold activity is elevated until jobs/accounts are linked,synthetic_latent_truth_plus_composite_rules,true,3.5547,4096.0,3522,0.83,0.94,0.0,0.4061,528.1,82.71,3.5547,0.1289,0.42,unknown,true,,,,,,76.0,91.0,0.78,86.0,0.74,0.959,0.9613,0.0,,,false,0.408,0.506,0.0,0.48,334,0.55,0.2725,0.198,0.96,0.45,4.4398,22003.392,3.4462,0.0952,0.3261,0.8421,0.471,0.495,528,pytorch_distributed_training,0.544,528,true,0.0,0.686,0.6336,0.0,false,,,,false,false,0.98,0.0,true,0.98,0.01,24,0,false,false,,,,1.0,observed,1.0,observed,0.0,not_applicable,1.0,observed,0.0,routine_profiler_disabled,1.0,observed,1.0,observed,1.0,observed,1.0,observed,1.0,observed,1.0,observed,0.0,privacy_redacted,1.0,observed,1.0,observed,1.0,observed,0.0,not_scheduled,1.0,observed,valid,operator_signed,operator_signed,bms_meter,features-v0.1.0,policy-thresholds-v0.1.0,h100e-normalization-v0.1.0,sha256:941a3c8f22656477b8d8313531b993583142bd6f2c468950e381b4e4f6903879,false,false,false,training_fragmented
feat_7809d8522f3fd4f1e11d3c82,synthetic_v0_seed_20260510,20260510,site_b,linked_job_group,jobgrp_hmac_94cfceb8aeec,2026-05-17T14:49:13Z,2026-05-18T14:49:13Z,86400,episode_adversarial_fragmented_training_00080,adversarial_fragmented_training,2,0.78,fragmented sub-threshold activity is elevated until jobs/accounts are linked,synthetic_latent_truth_plus_composite_rules,true,12.0993,2048.0,1761,0.865,0.94,0.0,0.2582,758.05,196.13,12.0993,0.3701,0.42,unknown,true,,,,,,76.0,91.0,0.78,86.0,0.74,0.959,0.9613,0.0,,,false,0.408,0.506,0.0,0.48,479,0.55,0.2725,0.198,0.96,0.4827,2.3099,11626.5212,8.1721,0.0952,0.1269,0.8421,0.4965,0.5179,758,pytorch_distributed_training,0.544,758,true,0.0,0.101,0.5368,0.0,false,,,,false,false,0.98,0.0,true,0.98,0.01,72,0,false,false,,,,1.0,observed,1.0,observed,1.0,observed,1.0,observed,0.0,routine_profiler_disabled,1.0,observed,1.0,observed,1.0,observed,1.0,observed,1.0,observed,1.0,observed,0.0,privacy_redacted,1.0,observed,1.0,observed,1.0,observed,0.0,not_scheduled,1.0,observed,valid,operator_signed,operator_signed,bms_meter,features-v0.1.0,policy-thresholds-v0.1.0,h100e-normalization-v0.1.0,sha256:de36370426caaf6dd06cdcde67faad300428fc6f2f0b1bdd52d41e044db3a60f,false,false,false,training_fragmented
feat_5fcd5a1c7a5a646b4acdd489,synthetic_v0_seed_20260510,20260510,site_a,linked_job_group,jobgrp_hmac_322d92d40f6e,2026-05-17T16:30:40Z,2026-05-18T16:30:40Z,86400,episode_adversarial_fragmented_training_00105,adversarial_fragmented_training,2,0.78,fragmented sub-threshold activity is elevated until jobs/accounts are linked,synthetic_latent_truth_plus_composite_rules,true,3.6776,4096.0,3522,0.83,0.94,0.0,0.4277,258.69,174.69,3.6776,0.0632,0.42,unknown,false,,,,,,76.0,91.0,0.78,86.0,0.74,0.959,0.9613,0.0,,,false,0.408,0.506,0.0,0.48,163,0.55,0.2725,0.198,0.96,0.45,4.4398,22003.392,7.2787,0.0952,0.3892,0.8421,0.471,0.495,258,pytorch_distributed_training,0.544,258,true,0.0,0.485,0.5608,0.0,false,,,,false,false,0.98,0.0,true,0.98,0.01,70,0,false,false,,,,1.0,observed,1.0,observed,0.0,not_applicable,1.0,observed,0.0,routine_profiler_disabled,1.0,observed,1.0,observed,1.0,observed,1.0,observed,1.0,observed,1.0,observed,0.0,privacy_redacted,1.0,observed,1.0,observed,1.0,observed,0.0,not_scheduled,1.0,observed,valid,operator_signed,operator_signed,bms_meter,features-v0.1.0,policy-thresholds-v0.1.0,h100e-normalization-v0.1.0,sha256:d69667cc2153e4516fbdb6cac0127bb0072b408667fdc202676bdf7363acc9c8,false,false,false,training_fragmented
feat_3b07141b46c69b36f4249220,synthetic_v0_seed_20260510,20260510,site_b,linked_job_group,jobgrp_hmac_93f6692f0629,2026-05-17T19:48:19Z,2026-05-18T19:48:19Z,86400,episode_pretraining_00036,pretraining,4,0.96,authenticated ML evidence crosses the policy compute threshold,synthetic_latent_truth_plus_composite_rules,true,34.5827,2048.0,1761,0.865,0.94,0.0,0.0,1707.66,248.85,34.5827,0.8338,0.9635,train,true,,,,,,83.17,92.17,0.8607,86.4,0.7228,0.9583,0.9715,0.0,,,false,0.6453,0.7728,0.0,0.7591,1536,0.84,0.374,0.4783,0.96,0.8195,2.3099,30298.0666,10.3688,0.0823,0.0095,0.8495,0.7592,0.7536,1707,pytorch_distributed_training,0.9244,1707,true,447.7,1.141,0.78,0.626,true,69.65,776.36,208032,true,true,0.98,0.0,true,0.98,0.01,41,0,false,false,,,,1.0,observed,1.0,observed,1.0,observed,1.0,observed,0.0,routine_profiler_disabled,1.0,observed,1.0,observed,1.0,observed,1.0,observed,1.0,observed,1.0,observed,0.6942,delayed_log_delivery,1.0,observed,1.0,observed,1.0,observed,0.0,not_scheduled,1.0,observed,valid,operator_signed,operator_signed,bms_meter,features-v0.1.0,policy-thresholds-v0.1.0,h100e-normalization-v0.1.0,sha256:3538f7d059a13db8982e9c9cded47c70c6e867b9c156866a1abb747986ed9ba0,false,false,false,training_primary_semantic
feat_54ef1e67ab5dd1735ef3df17,synthetic_v0_seed_20260510,20260510,site_a,topology_domain,fabricdom_hmac_3742dc5fd292,2026-05-17T20:16:05Z,2026-05-18T20:16:05Z,86400,episode_normal_inference_00077,normal_inference,1,0.78,routine inference on capable monitored capacity leaves training possible but not elevated,synthetic_latent_truth_plus_composite_rules,true,0.1844,4096.0,3522,0.83,0.94,0.0,0.0,31.23,72.56,0.1844,0.0076,0.4783,inference,false,,,,,,29.58,45.11,0.1302,31.92,0.5418,0.4227,0.5623,0.0,,,false,0.0951,0.0711,0.0,0.1119,2,0.0773,0.1071,0.0065,0.96,0.2227,4.4398,0.0,3.0233,0.1992,0.2184,0.5549,0.2937,0.3359,31,ray_batch_inference,0.5848,31,false,0.0,0.0,0.0,0.0,false,,,,false,false,0.98,0.0,true,0.98,0.01,25,0,false,false,,,,1.0,observed,1.0,observed,0.0,not_applicable,1.0,observed,0.0,routine_profiler_disabled,1.0,observed,1.0,observed,1.0,observed,1.0,observed,1.0,observed,1.0,observed,0.0,privacy_redacted,1.0,observed,1.0,observed,1.0,observed,0.0,not_scheduled,1.0,observed,valid,operator_signed,operator_signed,bms_meter,features-v0.1.0,policy-thresholds-v0.1.0,h100e-normalization-v0.1.0,sha256:d0989e39dd6aa729e4041ffd3183053f7f667f4469938b4d158683f5f0484c4c,false,false,false,none
feat_685029aae35f63f972423862,synthetic_v0_seed_20260510,20260510,site_a,topology_domain,fabricdom_hmac_1033bc9fce76,2026-05-17T20:53:28Z,2026-05-18T20:53:28Z,86400,episode_reserved_but_unused_capacity_00203,reserved_but_unused_capacity,1,0.82,capacity-only evidence is capped at training possible,synthetic_latent_truth_plus_composite_rules,true,17.1846,4096.0,3522,0.83,0.94,0.0,0.0,1285.04,164.33,17.1846,0.3137,0.86,reserved,true,,,,,,3.0,12.0,0.0,2.0,0.08,0.038,0.2743,0.0,,,false,0.0255,0.0,0.0,0.03,0,0.0,0.08,0.0,0.96,0.1994,4.4398,0.0,6.8471,0.22,0.1634,0.3475,0.3145,0.3546,1285,none,0.852,1285,false,0.0,0.0,0.0,0.0,false,,,,false,false,0.98,0.0,true,0.98,0.01,31,0,false,false,,,,1.0,observed,1.0,observed,0.0,not_applicable,1.0,observed,0.0,routine_profiler_disabled,1.0,observed,1.0,observed,1.0,observed,1.0,observed,1.0,observed,1.0,observed,0.0,privacy_redacted,1.0,observed,1.0,observed,1.0,observed,0.0,not_scheduled,1.0,observed,valid,operator_signed,operator_signed,bms_meter,features-v0.1.0,policy-thresholds-v0.1.0,h100e-normalization-v0.1.0,sha256:b5fa27833f818612e2e4168389eee47fcb64970479f875c446903bdd5c400ae4,true,false,false,capacity_only
feat_a1cb25d8379029110b14f54e,synthetic_v0_seed_20260510,20260510,site_b,linked_job_group,jobgrp_hmac_55e519d03ef8,2026-05-17T21:13:33Z,2026-05-18T21:13:33Z,86400,episode_adversarial_fragmented_training_00119,adversarial_fragmented_training,2,0.78,fragmented sub-threshold activity is elevated until jobs/accounts are linked,synthetic_latent_truth_plus_composite_rules,true,4.6938,2048.0,1761,0.865,0.94,0.0,0.2144,728.38,79.19,4.6938,0.3557,0.42,unknown,true,,,,,,76.0,91.0,0.78,86.0,0.74,0.959,0.9613,0.0,,,false,0.408,0.506,0.0,0.48,460,0.55,0.2725,0.198,0.96,0.4724,2.3099,11055.509,3.2996,0.0952,0.1305,0.8421,0.4885,0.5107,728,pytorch_distributed_training,0.544,728,true,0.0,0.282,0.5172,0.0,false,,,,false,false,0.98,0.0,true,0.98,0.01,29,0,false,false,,,,1.0,observed,1.0,observed,1.0,observed,1.0,observed,0.0,routine_profiler_disabled,1.0,observed,1.0,observed,1.0,observed,1.0,observed,1.0,observed,1.0,observed,0.0,privacy_redacted,1.0,observed,1.0,observed,1.0,observed,0.0,not_scheduled,1.0,observed,valid,operator_signed,operator_signed,bms_meter,features-v0.1.0,policy-thresholds-v0.1.0,h100e-normalization-v0.1.0,sha256:a22a0b621afb4f7e053f3681953ba31e6fa0866481f3d6e2ff33e747b19b5bc1,false,false,false,training_fragmented
feat_f88d3d8128e71136f33f96ed,synthetic_v0_seed_20260510,20260510,site_b,topology_domain,fabricdom_hmac_237678a624ca,2026-05-17T22:03:59Z,2026-05-18T22:03:59Z,86400,episode_large_etl_data_movement_00182,large_etl_data_movement,1,0.72,physical activity alone is weak and non-semantic,synthetic_latent_truth_plus_composite_rules,true,0.0019,2048.0,1761,0.865,0.94,0.0,0.0,2.21,10.39,0.0019,0.0011,0.25,data,false,,,,,226.97,22.0,48.0,0.08,12.0,0.28,0.178,0.5874,0.0,,,false,0.153,0.046,0.0,0.18,0,0.05,0.0975,0.0067,0.96,0.2204,2.3099,0.0,0.4329,0.2072,0.2198,0.5729,0.2919,0.3343,2,etl_data_pipeline,0.425,2,false,1293.26,0.0,0.0,0.0,false,,,,false,false,0.98,0.0,true,0.98,0.01,4,0,false,false,,,,1.0,observed,1.0,observed,1.0,observed,1.0,observed,0.0,routine_profiler_disabled,1.0,observed,1.0,observed,1.0,observed,1.0,observed,1.0,observed,1.0,observed,0.0,privacy_redacted,1.0,observed,1.0,observed,1.0,observed,0.0,not_scheduled,1.0,observed,valid,operator_signed,operator_signed,bms_meter,features-v0.1.0,policy-thresholds-v0.1.0,h100e-normalization-v0.1.0,sha256:1798764a05b310cebf489da537f02e46e56f9bc62e57cb7e22f58d8834e3433a,false,false,true,physical_only
feat_7fd3b7fb0321ed8250b9b48c,synthetic_v0_seed_20260510,20260510,site_c,topology_domain,fabricdom_hmac_8f408e3606,2026-05-17T22:21:11Z,2026-05-18T22:21:11Z,86400,episode_idle_00150,idle,0,0.95,capacity below policy threshold with strong coverage,synthetic_latent_truth_plus_composite_rules,false,0.0,384.0,276,0.9,0.66,0.0,0.0,0.0,0.0,0.0,0.0,0.0,none,false,,,,,,0.0,0.0,0.0,0.0,0.0,0.0,0.18,0.0,,,false,0.0,0.0,0.0,0.0,0,0.0,0.0,0.0,0.96,0.2613,0.5794,0.0,1.3346,0.2265,0.0,0.08,0.1,0.12,0,none,0.0,0,false,0.0,0.0,0.0,0.0,false,,,,false,false,0.98,0.0,true,0.98,0.01,41,0,false,false,,,,1.0,observed,1.0,observed,1.0,observed,1.0,observed,0.0,routine_profiler_disabled,1.0,observed,1.0,observed,1.0,observed,1.0,observed,1.0,observed,1.0,observed,0.0,privacy_redacted,1.0,observed,1.0,observed,1.0,observed,0.0,not_scheduled,1.0,observed,valid,auditor_reconciled,auditor_reconciled,bms_meter,features-v0.1.0,policy-thresholds-v0.1.0,h100e-normalization-v0.1.0,sha256:3f71066cd912747a4106591cdfb656ec52f64b5e2207cf73102d1ae330dcc0de,false,false,false,none
feat_46b4e32c12d1d98e9cc01da9,synthetic_v0_seed_20260510,20260510,site_b,linked_job_group,jobgrp_hmac_ae666d3df7c1,2026-05-17T22:41:22Z,2026-05-18T22:41:22Z,86400,episode_cloud_reservation_used_for_training_00031,cloud_reservation_used_for_training,3,0.89,two independent primary layers plus corroboration support likely training,synthetic_latent_truth_plus_composite_rules,true,34.3848,2048.0,1761,0.865,0.94,0.0,0.0,1701.81,248.28,34.3848,0.831,0.8612,train,true,1701,248.28,0.8678,0.9366,65.67,89.48,98.0,0.8279,90.93,0.8386,1.0,1.0,0.0,,,false,0.582,0.7702,0.0,0.6847,1531,0.8372,0.373,0.4299,0.96,0.8552,2.3099,32277.206,10.345,0.0875,0.0242,0.87,0.7871,0.7786,1701,pytorch_distributed_training,0.8528,1701,true,546.27,1.286,0.7501,0.7451,false,51.86,3028.31,510703,true,true,0.98,0.0,true,0.98,0.01,5,0,false,false,,,,1.0,observed,1.0,observed,1.0,observed,1.0,observed,0.0,routine_profiler_disabled,1.0,observed,1.0,observed,1.0,observed,1.0,observed,1.0,observed,1.0,observed,0.8007,delayed_log_delivery,1.0,observed,1.0,observed,1.0,observed,0.0,not_scheduled,1.0,observed,valid,operator_signed,operator_signed,bms_meter,features-v0.1.0,policy-thresholds-v0.1.0,h100e-normalization-v0.1.0,sha256:288621c330967f51dbcece18c635b201940b96aca8a054b179a3b383b21faf8c,false,false,false,training_primary_semantic
feat_24ca2ba28f60d8bc65a405ae,synthetic_v0_seed_20260510,20260510,site_b,linked_job_group,jobgrp_hmac_085d92f20c27,2026-05-18T02:14:43Z,2026-05-19T02:14:43Z,86400,episode_large_fine_tune_00165,large_fine_tune,3,0.89,two independent primary layers plus corroboration support likely training,synthetic_latent_truth_plus_composite_rules,true,6.6984,2048.0,1761,0.865,0.94,0.0,0.0,1306.48,63.0,6.6984,0.6379,0.918,train,true,,,,,,89.21,98.0,0.8748,95.81,0.7981,1.0,1.0,0.0,,,false,0.7406,0.7383,0.0,0.8713,1175,0.8025,0.3609,0.5244,0.96,0.7076,2.3099,24094.5454,2.625,0.08,0.0697,0.87,0.6719,0.6753,1306,pytorch_distributed_training,0.8926,1306,true,746.51,0.65,0.8325,0.7759,false,180.11,550.81,551841,true,true,0.98,0.0,true,0.98,0.01,35,0,false,false,,,,1.0,observed,1.0,observed,1.0,observed,1.0,observed,0.0,routine_profiler_disabled,1.0,observed,1.0,observed,1.0,observed,1.0,observed,1.0,observed,1.0,observed,0.8465,delayed_log_delivery,1.0,observed,1.0,observed,1.0,observed,0.0,not_scheduled,1.0,observed,valid,operator_signed,operator_signed,bms_meter,features-v0.1.0,policy-thresholds-v0.1.0,h100e-normalization-v0.1.0,sha256:4ab3cb26f3188c251a4bed245e46f7d808a72de246e9488e0b03a6673154a202,false,false,false,training_primary_semantic
feat_add0968be503f635b3d48609,synthetic_v0_seed_20260510,20260510,site_c,topology_domain,fabricdom_hmac_8f408e3606,2026-05-18T02:36:28Z,2026-05-19T02:36:28Z,86400,episode_storage_rebuild_00071,storage_rebuild,0,0.95,capacity below policy threshold with strong coverage,synthetic_latent_truth_plus_composite_rules,false,0.0,384.0,276,0.9,0.66,0.0,0.0,0.0,5.2729,0.0,0.0,0.0,none,false,,,,,,0.0,0.0,0.0,0.0,0.0,0.0,0.18,0.0,,,false,0.0,0.0,0.0,0.0,0,0.0,0.0,0.0,0.96,0.6363,0.5794,2500.0024,0.2197,0.18,0.0,0.08,0.1,0.12,0,storage_rebuild,0.0,0,false,1141.89,0.0,0.0,0.0811,false,,,,false,false,0.98,0.0,true,0.98,0.01,49,0,false,false,,,,1.0,observed,1.0,observed,1.0,observed,1.0,observed,0.0,routine_profiler_disabled,1.0,observed,1.0,observed,1.0,observed,1.0,observed,1.0,observed,1.0,observed,0.0,privacy_redacted,1.0,observed,1.0,observed,1.0,observed,0.0,not_scheduled,1.0,observed,valid,auditor_reconciled,auditor_reconciled,bms_meter,features-v0.1.0,policy-thresholds-v0.1.0,h100e-normalization-v0.1.0,sha256:b27c02799ac669610ef539d789eb8526f72d4e73cc19046072726482c5f76287,false,false,true,physical_only
feat_1d01131702ad03258644a8bc,synthetic_v0_seed_20260510,20260510,site_c,topology_domain,fabricdom_hmac_49e20f3493d6,2026-05-18T03:07:07Z,2026-05-19T03:07:07Z,86400,episode_reserved_but_unused_capacity_00126,reserved_but_unused_capacity,0,0.95,capacity below policy threshold with strong coverage,synthetic_latent_truth_plus_composite_rules,false,7.148,384.0,276,0.9,0.66,0.0,0.0,384.0,228.74,7.148,1.0,0.86,reserved,true,,,,,,3.0,12.0,0.0,2.0,0.08,0.038,0.2743,0.0,,,false,0.0255,0.0,0.0,0.03,0,0.0,0.08,0.0,0.96,0.2856,0.5794,0.0,9.5308,0.22,0.0393,0.3475,0.3646,0.3995,384,none,0.852,384,false,0.0,0.0,0.0,0.0,false,,,,false,false,0.98,0.0,true,0.98,0.01,39,0,false,false,,,,1.0,observed,1.0,observed,1.0,observed,1.0,observed,0.0,routine_profiler_disabled,1.0,observed,1.0,observed,1.0,observed,1.0,observed,1.0,observed,1.0,observed,0.0,privacy_redacted,1.0,observed,1.0,observed,1.0,observed,0.0,not_scheduled,1.0,observed,valid,auditor_reconciled,auditor_reconciled,bms_meter,features-v0.1.0,policy-thresholds-v0.1.0,h100e-normalization-v0.1.0,sha256:e09ac971e5ceba47b9f842a0cd340e1fc3e292ede4353e69d0c3d1b34de08856,true,false,false,capacity_only
feat_e8ccb1da7a27a1cd07daa4d8,synthetic_v0_seed_20260510,20260510,site_a,topology_domain,fabricdom_hmac_414ac7622b29,2026-05-18T04:08:26Z,2026-05-19T04:08:26Z,86400,episode_reserved_but_unused_capacity_00027,reserved_but_unused_capacity,1,0.82,capacity-only evidence is capped at training possible,synthetic_latent_truth_plus_composite_rules,true,15.0352,4096.0,3522,0.83,0.94,0.0,0.0,1178.61,156.75,15.0352,0.2877,0.86,reserved,true,,,,,,3.0,12.0,0.0,2.0,0.08,0.038,0.2743,0.0,,,false,0.0255,0.0,0.0,0.03,0,0.0,0.08,0.0,0.96,0.2403,4.4398,0.0,6.5312,0.22,0.168,0.3475,0.3126,0.3528,1178,none,0.852,1178,false,0.0,0.0,0.0,0.0,false,,,,false,false,0.98,0.0,true,0.98,0.01,11,0,false,false,,,,1.0,observed,1.0,observed,0.0,not_applicable,1.0,observed,0.0,routine_profiler_disabled,1.0,observed,1.0,observed,1.0,observed,1.0,observed,1.0,observed,1.0,observed,0.0,privacy_redacted,1.0,observed,1.0,observed,1.0,observed,0.0,not_scheduled,1.0,observed,valid,operator_signed,operator_signed,bms_meter,features-v0.1.0,policy-thresholds-v0.1.0,h100e-normalization-v0.1.0,sha256:5d3e8040d64eae98f6321e02f03f4f30ac944f70f7a62d6ba327b5388479b49e,true,false,false,capacity_only
feat_7cff9daf934b7643dea09f44,synthetic_v0_seed_20260510,20260510,site_b,linked_job_group,jobgrp_hmac_b424fdff791b,2026-05-18T05:04:34Z,2026-05-19T05:04:34Z,86400,episode_large_fine_tune_00082,large_fine_tune,3,0.89,two independent primary layers plus corroboration support likely training,synthetic_latent_truth_plus_composite_rules,true,15.4551,2048.0,1761,0.865,0.94,0.0,0.0,913.32,207.94,15.4551,0.446,0.9254,train,true,,,,,,81.21,90.21,0.836,88.11,0.8513,1.0,0.9544,0.0,,,false,0.6762,0.8302,0.0,0.7956,821,0.9024,0.3959,0.5385,0.96,0.5338,2.3099,14459.4071,8.6642,0.0862,0.1081,0.8372,0.5364,0.5537,913,pytorch_distributed_training,0.8978,913,true,169.73,2.356,0.8188,0.9088,false,209.58,1280.43,343550,true,true,0.98,0.0,true,0.98,0.01,61,0,false,false,,,,1.0,observed,1.0,observed,1.0,observed,1.0,observed,0.0,routine_profiler_disabled,1.0,observed,1.0,observed,1.0,observed,1.0,observed,1.0,observed,1.0,observed,0.8833,delayed_log_delivery,1.0,observed,1.0,observed,1.0,observed,0.0,not_scheduled,1.0,observed,valid,operator_signed,operator_signed,bms_meter,features-v0.1.0,policy-thresholds-v0.1.0,h100e-normalization-v0.1.0,sha256:8352b2d4d2495604649238be5f896008acd319708bb221a0b80174ed793a5b86,false,false,false,training_primary_semantic
feat_8f48a9bea28bcb904505d27d,synthetic_v0_seed_20260510,20260510,site_a,linked_job_group,jobgrp_hmac_a623fd1eb469,2026-05-18T05:57:38Z,2026-05-19T05:57:38Z,86400,episode_underclocked_long_duration_training_00190,underclocked_long_duration_training,3,0.86,one strong primary layer plus semantic/supportive corroboration supports likely training,synthetic_latent_truth_plus_composite_rules,true,15.872,4096.0,3522,0.83,0.94,0.0,0.0,811.83,240.24,15.872,0.1982,0.86,unknown,true,,,,,,58.0,76.0,0.62,72.0,0.7,0.823,0.8309,0.0,,,false,0.4675,0.644,0.0,0.55,653,0.7,0.325,0.2888,0.96,0.38,4.4398,14544.4608,10.01,0.1208,-0.0775,0.7482,0.4164,0.446,811,pytorch_distributed_training,0.852,811,true,0.0,0.299,0.7385,0.0,false,,,,false,false,0.98,0.0,true,0.98,0.01,6,0,false,false,,,,1.0,observed,1.0,observed,0.0,not_applicable,1.0,observed,0.0,routine_profiler_disabled,1.0,observed,1.0,observed,1.0,observed,1.0,observed,1.0,observed,1.0,observed,0.0,privacy_redacted,1.0,observed,1.0,observed,1.0,observed,0.0,not_scheduled,1.0,observed,valid,operator_signed,operator_signed,bms_meter,features-v0.1.0,policy-thresholds-v0.1.0,h100e-normalization-v0.1.0,sha256:75c9c08e901e1eed59096ebf03630961e33f18edd16c51b054c30542bc894216,false,false,false,training_primary_semantic
feat_1c99f57f865c8d24d1c9a4aa,synthetic_v0_seed_20260510,20260510,site_c,topology_domain,fabricdom_hmac_8f408e3606,2026-05-18T08:18:43Z,2026-05-19T08:18:43Z,86400,episode_idle_00103,idle,0,0.95,capacity below policy threshold with strong coverage,synthetic_latent_truth_plus_composite_rules,false,0.0,384.0,276,0.9,0.66,0.0,0.0,0.0,0.0,0.0,0.0,0.0,none,false,,,,,,0.0,0.0,0.0,0.0,0.0,0.0,0.18,0.0,,,false,0.0,0.0,0.0,0.0,0,0.0,0.0,0.0,0.96,0.2069,0.5794,0.0,2.9958,0.1219,0.0,0.08,0.1,0.12,0,none,0.0,0,false,0.0,0.0,0.0,0.0,false,,,,false,false,0.98,0.0,true,0.98,0.01,65,0,false,false,,,,1.0,observed,1.0,observed,1.0,observed,1.0,observed,0.0,routine_profiler_disabled,1.0,observed,1.0,observed,1.0,observed,1.0,observed,1.0,observed,1.0,observed,0.0,privacy_redacted,1.0,observed,1.0,observed,1.0,observed,0.0,not_scheduled,1.0,observed,valid,auditor_reconciled,auditor_reconciled,bms_meter,features-v0.1.0,policy-thresholds-v0.1.0,h100e-normalization-v0.1.0,sha256:0af0965d9bc2e3ae93881bf1a692057cde4c28e1f9b8c32993befc0dfc10a5a2,false,false,false,none
feat_cc85244a6db4907f65c44a25,synthetic_v0_seed_20260510,20260510,site_a,linked_job_group,jobgrp_hmac_ab869290b1d8,2026-05-18T08:35:59Z,2026-05-19T08:35:59Z,86400,episode_pretraining_00025,pretraining,4,0.93,"scheduler, GPU, fabric, power, and storage cohere under high integrity",synthetic_latent_truth_plus_composite_rules,true,68.8809,4096.0,3522,0.83,0.94,0.0,0.0,2035.13,415.9,68.8809,0.4969,0.927,train,true,,,,,,91.83,98.0,0.912,88.05,0.8755,1.0,1.0,0.0,0.5971,0.8256,true,0.7456,0.8409,0.0,0.8771,1831,0.9141,0.3999,0.6013,0.96,0.5998,4.4398,37965.5048,17.3292,0.0741,0.1029,0.87,0.5878,0.5999,2035,pytorch_distributed_training,0.8989,2035,true,167.27,0.504,0.8767,0.7689,false,415.89,3719.61,378511,true,true,0.98,0.0,true,0.98,0.01,67,0,false,false,,,,1.0,observed,1.0,observed,0.0,not_applicable,1.0,observed,0.5176,privacy_redacted,1.0,observed,1.0,observed,1.0,observed,1.0,observed,1.0,observed,1.0,observed,0.8707,delayed_log_delivery,1.0,observed,1.0,observed,1.0,observed,0.0,not_scheduled,1.0,observed,valid,operator_signed,operator_signed,bms_meter,features-v0.1.0,policy-thresholds-v0.1.0,h100e-normalization-v0.1.0,sha256:dbac4e500a09bd4a135e08afe4c6bd6e0ebd6b96ff5421f7b3624ef74f95f40b,false,false,false,training_primary_semantic
feat_0020ef2459954bb9fc93fe14,synthetic_v0_seed_20260510,20260510,site_c,topology_domain,fabricdom_hmac_8f408e3606,2026-05-18T10:10:22Z,2026-05-19T10:10:22Z,86400,episode_maintenance_window_00127,maintenance_window,1,0.63,"capacity below threshold, but coverage is not strong enough for negative certification",synthetic_latent_truth_plus_composite_rules,false,0.0,384.0,276,0.9,0.66,0.0,0.0,0.0,2.9913,0.0,0.0,0.0,none,false,,,,,,0.0,0.0,0.0,0.0,0.0,0.0,0.18,0.0,,,false,0.0,0.0,0.0,0.0,0,0.0,0.0,0.0,0.96,0.2,0.5794,0.0,0.1246,0.18,0.0,0.08,0.1,0.12,0,none,0.0,0,false,0.0,0.0,0.0,0.0,false,,,,false,false,0.98,0.0,true,0.4948,0.5052,37,4,false,true,,,,1.0,observed,1.0,observed,1.0,observed,0.4948,collector_gap,0.0,routine_profiler_disabled,1.0,observed,0.4948,collector_gap,1.0,observed,1.0,observed,1.0,observed,1.0,observed,0.0,privacy_redacted,1.0,observed,0.4948,collector_gap,1.0,observed,0.0,not_scheduled,1.0,observed,valid,auditor_reconciled,auditor_reconciled,bms_meter,features-v0.1.0,policy-thresholds-v0.1.0,h100e-normalization-v0.1.0,sha256:b43eb5b945055519d17403eb65483d96c4f904a774964a05b711050370a17bf8,false,true,false,integrity_only
feat_e5d644d80914e3c9bf0f4430,synthetic_v0_seed_20260510,20260510,site_a,linked_job_group,jobgrp_hmac_225bd3642128,2026-05-18T10:43:00Z,2026-05-19T10:43:00Z,86400,episode_counter_suppressed_candidate_window_00019,counter_suppressed_candidate_window,2,0.74,one primary layer is materially elevated,synthetic_latent_truth_plus_composite_rules,true,7.8746,4096.0,3522,0.83,0.94,0.0,0.0,810.53,119.38,7.8746,0.1979,0.88,unknown,true,,,,,,,,,,,,,0.0,,,false,0.578,0.6624,0.0,0.68,671,0.72,0.332,0.3672,0.96,0.8325,4.4398,62761.1232,4.9742,0.22,0.4279,0.2724,0.2916,0.334,810,unknown_cc_mode,0.866,810,true,0.0,0.0,0.0,0.0,false,,,,false,false,0.98,0.7981,true,0.1014,0.8986,49,0,false,false,0.5524,1.5592,0.6957,1.0,observed,1.0,observed,0.0,not_applicable,0.1014,counter_disabled_by_cc_mode,0.0,routine_profiler_disabled,1.0,observed,1.0,observed,1.0,observed,1.0,observed,1.0,observed,1.0,observed,0.0,privacy_redacted,1.0,observed,1.0,observed,1.0,observed,1.0,observed,1.0,observed,valid,operator_signed,operator_signed,bms_meter,features-v0.1.0,policy-thresholds-v0.1.0,h100e-normalization-v0.1.0,sha256:4c93e9d3d025e71a2c95a9161b55f4040ee03e9a21df19df7f77b4f83b355285,false,false,false,training_suppressed_counters
feat_cf0550f8b1818142cb05b040,synthetic_v0_seed_20260510,20260510,site_b,linked_job_group,jobgrp_hmac_7e8e7c7d3a1c,2026-05-18T13:54:03Z,2026-05-19T13:54:03Z,86400,episode_pretraining_00041,pretraining,4,0.96,authenticated ML evidence crosses the policy compute threshold,synthetic_latent_truth_plus_composite_rules,true,36.1527,2048.0,1761,0.865,0.94,0.0,0.0,1738.26,255.57,36.1527,0.8488,0.8258,train,true,,,,,,87.83,96.83,0.7875,91.82,0.8727,1.0,1.0,0.0,0.7035,0.7874,true,0.699,0.6977,0.0,0.8223,1515,0.7584,0.3454,0.4677,0.96,0.8611,2.3099,32604.2907,10.6487,0.094,0.0123,0.87,0.7917,0.7828,1738,pytorch_distributed_training,0.8281,1738,true,571.68,1.299,0.8738,0.8734,true,213.47,1132.26,204967,true,true,0.98,0.0,true,0.98,0.01,35,0,false,false,,,,1.0,observed,1.0,observed,1.0,observed,1.0,observed,0.4993,privacy_redacted,1.0,observed,1.0,observed,1.0,observed,1.0,observed,1.0,observed,1.0,observed,0.8863,delayed_log_delivery,1.0,observed,1.0,observed,1.0,observed,0.0,not_scheduled,1.0,observed,valid,operator_signed,operator_signed,bms_meter,features-v0.1.0,policy-thresholds-v0.1.0,h100e-normalization-v0.1.0,sha256:bf8e3c509688788441f59de7e9345471c202e7ba1a16104edc0fe2a12f39d781,false,false,false,training_primary_semantic
feat_3371311b24bd2fbd70ba5ba4,synthetic_v0_seed_20260510,20260510,site_b,linked_job_group,jobgrp_hmac_d4bd284e42dc,2026-05-18T14:02:16Z,2026-05-19T14:02:16Z,86400,episode_large_fine_tune_00147,large_fine_tune,3,0.89,two independent primary layers plus corroboration support likely training,synthetic_latent_truth_plus_composite_rules,true,8.6985,2048.0,1761,0.865,0.94,0.0,0.0,815.89,131.01,8.6985,0.3984,0.9686,train,true,,,,,,84.23,93.23,0.8883,88.93,0.7472,0.9872,0.9807,0.0,,,false,0.7509,0.6786,0.0,0.8834,692,0.7376,0.3382,0.4887,0.96,0.5097,2.3099,13123.3494,5.4587,0.0779,0.119,0.8561,0.5176,0.5368,815,pytorch_distributed_training,0.928,815,true,203.75,0.53,0.9141,0.7731,false,,,,false,false,0.98,0.0,true,0.98,0.01,46,0,false,false,,,,1.0,observed,1.0,observed,1.0,observed,1.0,observed,0.0,routine_profiler_disabled,1.0,observed,1.0,observed,1.0,observed,1.0,observed,1.0,observed,1.0,observed,0.0,privacy_redacted,1.0,observed,1.0,observed,1.0,observed,0.0,not_scheduled,1.0,observed,valid,operator_signed,operator_signed,bms_meter,features-v0.1.0,policy-thresholds-v0.1.0,h100e-normalization-v0.1.0,sha256:ba8e5940d95d947346bd8f933d7e7b29b4a756a20e265618efc36f6ed61c3ea6,false,false,false,training_primary_semantic
feat_8bccd9f1e9ef3d49eba98c1a,synthetic_v0_seed_20260510,20260510,site_b,linked_job_group,jobgrp_hmac_94cfceb8aeec,2026-05-18T14:49:13Z,2026-05-19T14:49:13Z,86400,episode_adversarial_fragmented_training_00080,adversarial_fragmented_training,2,0.78,fragmented sub-threshold activity is elevated until jobs/accounts are linked,synthetic_latent_truth_plus_composite_rules,true,12.0993,2048.0,1761,0.865,0.94,0.0,0.2582,758.05,196.13,12.0993,0.3701,0.42,unknown,true,,,,,,76.0,91.0,0.78,86.0,0.74,0.959,0.9613,0.0,,,false,0.408,0.506,0.0,0.48,479,0.55,0.2725,0.198,0.96,0.4827,2.3099,11626.5212,8.1721,0.0952,0.1269,0.8421,0.4965,0.5179,758,pytorch_distributed_training,0.544,758,true,0.0,0.101,0.5368,0.0,false,,,,false,false,0.98,0.0,true,0.98,0.01,72,0,false,false,,,,1.0,observed,1.0,observed,1.0,observed,1.0,observed,0.0,routine_profiler_disabled,1.0,observed,1.0,observed,1.0,observed,1.0,observed,1.0,observed,1.0,observed,0.0,privacy_redacted,1.0,observed,1.0,observed,1.0,observed,0.0,not_scheduled,1.0,observed,valid,operator_signed,operator_signed,bms_meter,features-v0.1.0,policy-thresholds-v0.1.0,h100e-normalization-v0.1.0,sha256:901a9f541a4cd7f98856cedda0c2e321e1b2dff967b6aead56dbb91d5cf57128,false,false,false,training_fragmented
feat_477578f6499649de7a3c335a,synthetic_v0_seed_20260510,20260510,site_b,linked_job_group,jobgrp_hmac_857cba2dd89c,2026-05-18T16:25:34Z,2026-05-19T16:25:34Z,86400,episode_counter_suppressed_candidate_window_00069,counter_suppressed_candidate_window,2,0.74,one primary layer is materially elevated,synthetic_latent_truth_plus_composite_rules,true,5.0784,2048.0,1761,0.865,0.94,0.0,0.0,1007.52,61.94,5.0784,0.492,0.88,unknown,true,,,,,,,,,,,,,0.0,,,false,0.578,0.6624,0.0,0.68,834,0.72,0.332,0.3672,0.96,0.7289,2.3099,25275.3765,2.5808,0.22,0.2988,0.2724,0.2916,0.334,1007,unknown_cc_mode,0.866,1007,true,0.0,0.0,0.0,0.0,false,,,,false,false,0.98,0.7733,true,0.1792,0.8208,39,0,false,false,0.5641,1.2181,0.3478,1.0,observed,1.0,observed,1.0,observed,0.1792,counter_disabled_by_cc_mode,0.0,routine_profiler_disabled,1.0,observed,1.0,observed,1.0,observed,1.0,observed,1.0,observed,1.0,observed,0.0,privacy_redacted,1.0,observed,1.0,observed,1.0,observed,1.0,observed,1.0,observed,valid,operator_signed,operator_signed,bms_meter,features-v0.1.0,policy-thresholds-v0.1.0,h100e-normalization-v0.1.0,sha256:bc04970d465085b89950fd6d52e58ff55c356516ef6c3591dd678e31132d4d78,false,false,false,training_suppressed_counters
feat_33d94b0256f69d097dee4ffb,synthetic_v0_seed_20260510,20260510,site_a,linked_job_group,jobgrp_hmac_322d92d40f6e,2026-05-18T16:30:40Z,2026-05-19T16:30:40Z,86400,episode_adversarial_fragmented_training_00105,adversarial_fragmented_training,2,0.78,fragmented sub-threshold activity is elevated until jobs/accounts are linked,synthetic_latent_truth_plus_composite_rules,true,3.6776,4096.0,3522,0.83,0.94,0.0,0.4277,258.69,174.69,3.6776,0.0632,0.42,unknown,false,,,,,,76.0,91.0,0.78,86.0,0.74,0.959,0.9613,0.0,,,false,0.408,0.506,0.0,0.48,163,0.55,0.2725,0.198,0.96,0.45,4.4398,22003.392,7.2787,0.0952,0.3892,0.8421,0.471,0.495,258,pytorch_distributed_training,0.544,258,true,0.0,0.485,0.5608,0.0,false,,,,false,false,0.98,0.0,true,0.98,0.01,70,0,false,false,,,,1.0,observed,1.0,observed,0.0,not_applicable,1.0,observed,0.0,routine_profiler_disabled,1.0,observed,1.0,observed,1.0,observed,1.0,observed,1.0,observed,1.0,observed,0.0,privacy_redacted,1.0,observed,1.0,observed,1.0,observed,0.0,not_scheduled,1.0,observed,valid,operator_signed,operator_signed,bms_meter,features-v0.1.0,policy-thresholds-v0.1.0,h100e-normalization-v0.1.0,sha256:2665eb34436e9e94016e298d47d8a2753b3eaafd4b1dd43a92710313140b57a0,false,false,false,training_fragmented
feat_27b3dd6780a09ad553636220,synthetic_v0_seed_20260510,20260510,site_a,topology_domain,fabricdom_hmac_3687e6f320b0,2026-05-18T18:50:58Z,2026-05-19T18:50:58Z,86400,episode_normal_inference_00179,normal_inference,1,0.78,routine inference on capable monitored capacity leaves training possible but not elevated,synthetic_latent_truth_plus_composite_rules,true,0.0279,4096.0,3522,0.83,0.94,0.0,0.0,14.76,23.19,0.0279,0.0036,0.6507,inference,false,,,,,,48.17,74.17,0.238,51.95,0.2931,0.5408,0.815,0.0,,,false,0.1053,0.1286,0.0,0.1239,2,0.1398,0.1289,0.013,0.96,0.38,4.4398,14544.4608,0.9663,0.1819,0.3771,0.7368,0.4164,0.446,14,vllm_inference,0.7055,14,false,0.0,0.0,0.0,0.0,false,,,,false,false,0.98,0.0,true,0.98,0.01,21,0,false,false,,,,1.0,observed,1.0,observed,0.0,not_applicable,1.0,observed,0.0,routine_profiler_disabled,1.0,observed,1.0,observed,1.0,observed,1.0,observed,1.0,observed,1.0,observed,0.0,privacy_redacted,1.0,observed,1.0,observed,1.0,observed,0.0,not_scheduled,1.0,observed,valid,operator_signed,operator_signed,bms_meter,features-v0.1.0,policy-thresholds-v0.1.0,h100e-normalization-v0.1.0,sha256:9e125d0ffe368386730934b6f53c1a420b563889e32fbbbf76f6394a244a1231,false,false,false,none
feat_4f3ed3a6a3c3ccf967cc6bfc,synthetic_v0_seed_20260510,20260510,site_a,linked_job_group,jobgrp_hmac_a60314b5d69a,2026-05-18T19:10:20Z,2026-05-19T19:10:20Z,86400,episode_underclocked_long_duration_training_00017,underclocked_long_duration_training,3,0.86,one strong primary layer plus semantic/supportive corroboration supports likely training,synthetic_latent_truth_plus_composite_rules,true,16.05,4096.0,3522,0.83,0.94,0.0,0.0,513.42,384.13,16.05,0.1253,0.86,unknown,true,,,,,,58.0,76.0,0.62,72.0,0.7,0.823,0.8309,0.0,,,false,0.4675,0.644,0.0,0.55,413,0.7,0.325,0.2888,0.96,0.38,4.4398,14544.4608,16.0054,0.1208,-0.0349,0.7482,0.4164,0.446,513,pytorch_distributed_training,0.852,513,true,0.0,0.481,0.6069,0.0,false,,,,false,false,0.98,0.0,true,0.98,0.01,65,0,false,false,,,,1.0,observed,1.0,observed,0.0,not_applicable,1.0,observed,0.0,routine_profiler_disabled,1.0,observed,1.0,observed,1.0,observed,1.0,observed,1.0,observed,1.0,observed,0.0,privacy_redacted,1.0,observed,1.0,observed,1.0,observed,0.0,not_scheduled,1.0,observed,valid,operator_signed,operator_signed,bms_meter,features-v0.1.0,policy-thresholds-v0.1.0,h100e-normalization-v0.1.0,sha256:e8ae9ab691f2aba4ec21e52724be36e6fa97552ef886b2ff037d6015b0ad9126,false,false,false,training_primary_semantic
feat_434abcff89aab63f0d44ad49,synthetic_v0_seed_20260510,20260510,site_a,topology_domain,fabricdom_hmac_3742dc5fd292,2026-05-18T20:16:05Z,2026-05-19T20:16:05Z,86400,episode_normal_inference_00077,normal_inference,1,0.78,routine inference on capable monitored capacity leaves training possible but not elevated,synthetic_latent_truth_plus_composite_rules,true,0.1844,4096.0,3522,0.83,0.94,0.0,0.0,31.23,72.56,0.1844,0.0076,0.4783,inference,false,,,,,,29.58,45.11,0.1302,31.92,0.5418,0.4227,0.5623,0.0,,,false,0.0951,0.0711,0.0,0.1119,2,0.0773,0.1071,0.0065,0.96,0.2227,4.4398,0.0,3.0233,0.1992,0.2184,0.5549,0.2937,0.3359,31,ray_batch_inference,0.5848,31,false,0.0,0.0,0.0,0.0,false,,,,false,false,0.98,0.0,true,0.98,0.01,25,0,false,false,,,,1.0,observed,1.0,observed,0.0,not_applicable,1.0,observed,0.0,routine_profiler_disabled,1.0,observed,1.0,observed,1.0,observed,1.0,observed,1.0,observed,1.0,observed,0.0,privacy_redacted,1.0,observed,1.0,observed,1.0,observed,0.0,not_scheduled,1.0,observed,valid,operator_signed,operator_signed,bms_meter,features-v0.1.0,policy-thresholds-v0.1.0,h100e-normalization-v0.1.0,sha256:f29a6c7ff36e03b65bd905c034debd757ff3a1d5985e9e445d54e23f5936dc4a,false,false,false,none
feat_1440a8fa2bfbeb45f9ff994a,synthetic_v0_seed_20260510,20260510,site_c,topology_domain,fabricdom_hmac_c70922b7a655,2026-05-18T20:22:30Z,2026-05-19T20:22:30Z,86400,episode_normal_inference_00048,normal_inference,0,0.95,capacity below policy threshold with strong coverage,synthetic_latent_truth_plus_composite_rules,false,0.0291,384.0,276,0.9,0.66,0.0,0.0,4.27,83.74,0.0291,0.0111,0.538,inference,false,,,,,,48.49,53.31,0.3156,35.05,0.4782,0.435,0.6336,0.0,,,false,0.063,0.0951,0.0,0.0741,0,0.1033,0.1162,0.0057,0.96,0.2246,0.5794,0.0,3.4892,0.1695,0.2176,0.6062,0.2952,0.3372,4,ray_batch_inference,0.6266,4,false,0.0,0.0,0.0,0.0,false,,,,false,false,0.98,0.0,true,0.98,0.01,25,0,false,false,,,,1.0,observed,1.0,observed,1.0,observed,1.0,observed,0.0,routine_profiler_disabled,1.0,observed,1.0,observed,1.0,observed,1.0,observed,1.0,observed,1.0,observed,0.0,privacy_redacted,1.0,observed,1.0,observed,1.0,observed,0.0,not_scheduled,1.0,observed,valid,auditor_reconciled,auditor_reconciled,bms_meter,features-v0.1.0,policy-thresholds-v0.1.0,h100e-normalization-v0.1.0,sha256:7efcf96a53f724f384481c969a1ad7be2384f9acb5526022647a877f3385b4fc,false,false,false,none
feat_74d026857565f61efc4bb8c3,synthetic_v0_seed_20260510,20260510,site_a,topology_domain,fabricdom_hmac_1033bc9fce76,2026-05-18T20:53:28Z,2026-05-19T20:53:28Z,86400,episode_reserved_but_unused_capacity_00203,reserved_but_unused_capacity,1,0.82,capacity-only evidence is capped at training possible,synthetic_latent_truth_plus_composite_rules,true,17.1846,4096.0,3522,0.83,0.94,0.0,0.0,1285.04,164.33,17.1846,0.3137,0.86,reserved,true,,,,,,3.0,12.0,0.0,2.0,0.08,0.038,0.2743,0.0,,,false,0.0255,0.0,0.0,0.03,0,0.0,0.08,0.0,0.96,0.1994,4.4398,0.0,6.8471,0.22,0.1634,0.3475,0.3145,0.3546,1285,none,0.852,1285,false,0.0,0.0,0.0,0.0,false,,,,false,false,0.98,0.0,true,0.98,0.01,31,0,false,false,,,,1.0,observed,1.0,observed,0.0,not_applicable,1.0,observed,0.0,routine_profiler_disabled,1.0,observed,1.0,observed,1.0,observed,1.0,observed,1.0,observed,1.0,observed,0.0,privacy_redacted,1.0,observed,1.0,observed,1.0,observed,0.0,not_scheduled,1.0,observed,valid,operator_signed,operator_signed,bms_meter,features-v0.1.0,policy-thresholds-v0.1.0,h100e-normalization-v0.1.0,sha256:2e6e003f508e2ef9b3d28a2c01ac401b6ca61cfe751ee3095d21364400b4bbfb,true,false,false,capacity_only
feat_ac2ec3d636af001aae6518a3,synthetic_v0_seed_20260510,20260510,site_b,linked_job_group,jobgrp_hmac_55e519d03ef8,2026-05-18T21:13:33Z,2026-05-19T21:13:33Z,86400,episode_adversarial_fragmented_training_00119,adversarial_fragmented_training,2,0.78,fragmented sub-threshold activity is elevated until jobs/accounts are linked,synthetic_latent_truth_plus_composite_rules,true,4.6938,2048.0,1761,0.865,0.94,0.0,0.2144,728.38,79.19,4.6938,0.3557,0.42,unknown,true,,,,,,76.0,91.0,0.78,86.0,0.74,0.959,0.9613,0.0,,,false,0.408,0.506,0.0,0.48,460,0.55,0.2725,0.198,0.96,0.4724,2.3099,11055.509,3.2996,0.0952,0.1305,0.8421,0.4885,0.5107,728,pytorch_distributed_training,0.544,728,true,0.0,0.282,0.5172,0.0,false,,,,false,false,0.98,0.0,true,0.98,0.01,29,0,false,false,,,,1.0,observed,1.0,observed,1.0,observed,1.0,observed,0.0,routine_profiler_disabled,1.0,observed,1.0,observed,1.0,observed,1.0,observed,1.0,observed,1.0,observed,0.0,privacy_redacted,1.0,observed,1.0,observed,1.0,observed,0.0,not_scheduled,1.0,observed,valid,operator_signed,operator_signed,bms_meter,features-v0.1.0,policy-thresholds-v0.1.0,h100e-normalization-v0.1.0,sha256:a2e76334bbdea8b404cfb17dff71337ff684a0eaf0559bffc433b47878772449,false,false,false,training_fragmented
feat_6d1b956f8a95b3c5a6e36544,synthetic_v0_seed_20260510,20260510,site_c,topology_domain,fabricdom_hmac_8f408e3606,2026-05-18T21:49:04Z,2026-05-19T21:49:04Z,86400,episode_idle_00175,idle,0,0.95,capacity below policy threshold with strong coverage,synthetic_latent_truth_plus_composite_rules,false,0.0,384.0,276,0.9,0.66,0.0,0.0,0.0,0.0,0.0,0.0,0.0,none,false,,,,,,0.0,0.0,0.0,0.0,0.0,0.0,0.18,0.0,,,false,0.0,0.0,0.0,0.0,0,0.0,0.0,0.0,0.96,0.2476,0.5794,0.0,0.3725,0.1513,0.0,0.08,0.1,0.12,0,none,0.0,0,false,0.0,0.0,0.0,0.0,false,,,,false,false,0.98,0.0,true,0.98,0.01,62,0,false,false,,,,1.0,observed,1.0,observed,1.0,observed,1.0,observed,0.0,routine_profiler_disabled,1.0,observed,1.0,observed,1.0,observed,1.0,observed,1.0,observed,1.0,observed,0.0,privacy_redacted,1.0,observed,1.0,observed,1.0,observed,0.0,not_scheduled,1.0,observed,valid,auditor_reconciled,auditor_reconciled,bms_meter,features-v0.1.0,policy-thresholds-v0.1.0,h100e-normalization-v0.1.0,sha256:d6fcd1be480a0372dccb216c8611a449cd2852c72688e98c110f459c261a61a5,false,false,false,none
feat_39e67482b329fc00fc94dd95,synthetic_v0_seed_20260510,20260510,site_b,linked_job_group,jobgrp_hmac_772e33f4cb94,2026-05-19T01:00:04Z,2026-05-20T01:00:04Z,86400,episode_underclocked_long_duration_training_00110,underclocked_long_duration_training,3,0.86,one strong primary layer plus semantic/supportive corroboration supports likely training,synthetic_latent_truth_plus_composite_rules,true,39.3635,2048.0,1761,0.865,0.94,0.0,0.0,1952.09,247.79,39.3635,0.9532,0.86,unknown,true,,,,,,58.0,76.0,0.62,72.0,0.7,0.823,0.8309,0.0,,,false,0.4675,0.644,0.0,0.55,1571,0.7,0.325,0.2888,0.96,0.785,2.3099,28385.4528,10.3246,0.1208,-0.0312,0.7482,0.7323,0.7295,1952,pytorch_distributed_training,0.852,1952,true,0.0,1.084,0.7672,0.0,false,,,,false,false,0.98,0.0,true,0.98,0.01,73,0,false,false,,,,1.0,observed,1.0,observed,1.0,observed,1.0,observed,0.0,routine_profiler_disabled,1.0,observed,1.0,observed,1.0,observed,1.0,observed,1.0,observed,1.0,observed,0.0,privacy_redacted,1.0,observed,1.0,observed,1.0,observed,0.0,not_scheduled,1.0,observed,valid,operator_signed,operator_signed,bms_meter,features-v0.1.0,policy-thresholds-v0.1.0,h100e-normalization-v0.1.0,sha256:bd527320437ee43a40964fd84c8082b5f4277c10f18c8ff5d825a9b517148fd0,false,false,false,training_primary_semantic
feat_795d570fc8eefa4261ca1794,synthetic_v0_seed_20260510,20260510,site_b,linked_job_group,jobgrp_hmac_085d92f20c27,2026-05-19T02:14:43Z,2026-05-20T02:14:43Z,86400,episode_large_fine_tune_00165,large_fine_tune,3,0.89,two independent primary layers plus corroboration support likely training,synthetic_latent_truth_plus_composite_rules,true,6.6984,2048.0,1761,0.865,0.94,0.0,0.0,1306.48,63.0,6.6984,0.6379,0.918,train,true,,,,,,89.21,98.0,0.8748,95.81,0.7981,1.0,1.0,0.0,,,false,0.7406,0.7383,0.0,0.8713,1175,0.8025,0.3609,0.5244,0.96,0.7076,2.3099,24094.5454,2.625,0.08,0.0697,0.87,0.6719,0.6753,1306,pytorch_distributed_training,0.8926,1306,true,746.51,0.65,0.8325,0.7759,false,180.11,550.81,551841,true,true,0.98,0.0,true,0.98,0.01,35,0,false,false,,,,1.0,observed,1.0,observed,1.0,observed,1.0,observed,0.0,routine_profiler_disabled,1.0,observed,1.0,observed,1.0,observed,1.0,observed,1.0,observed,1.0,observed,0.8465,delayed_log_delivery,1.0,observed,1.0,observed,1.0,observed,0.0,not_scheduled,1.0,observed,valid,operator_signed,operator_signed,bms_meter,features-v0.1.0,policy-thresholds-v0.1.0,h100e-normalization-v0.1.0,sha256:8d1c9d005b8ba21a20586027ad78ea4c24a7f4f73efbb04f710b37c3aacf2f63,false,false,false,training_primary_semantic
feat_c76cfaec587eb3eae01e5f4e,synthetic_v0_seed_20260510,20260510,site_a,linked_job_group,jobgrp_hmac_0dfaaaccd189,2026-05-19T03:49:34Z,2026-05-20T03:49:34Z,86400,episode_pretraining_00058,pretraining,4,0.96,authenticated ML evidence crosses the policy compute threshold,synthetic_latent_truth_plus_composite_rules,true,24.2038,4096.0,3522,0.83,0.94,0.0,0.0,1559.61,190.7,24.2038,0.3808,0.8941,train,true,,,,,,85.79,94.79,0.8234,87.18,0.8833,1.0,0.9943,0.0,0.8283,0.5881,true,0.6497,0.6859,0.0,0.7643,1337,0.7456,0.341,0.4274,0.96,0.5015,4.4398,27491.0342,7.9458,0.0883,0.1229,0.8659,0.5112,0.531,1559,pytorch_distributed_training,0.8759,1559,true,109.04,1.215,0.7842,0.7415,true,160.68,3246.42,350713,true,true,0.98,0.0,true,0.98,0.01,6,0,false,false,,,,1.0,observed,1.0,observed,0.0,not_applicable,1.0,observed,0.4245,privacy_redacted,1.0,observed,1.0,observed,1.0,observed,1.0,observed,1.0,observed,1.0,observed,0.9092,delayed_log_delivery,1.0,observed,1.0,observed,1.0,observed,0.0,not_scheduled,1.0,observed,valid,operator_signed,operator_signed,bms_meter,features-v0.1.0,policy-thresholds-v0.1.0,h100e-normalization-v0.1.0,sha256:1c7743e3f3c30a49ae719c8b3befca3fa18cb2b8b6a7260af529d9ea31e28f7d,false,false,false,training_primary_semantic
feat_f8490d478e7729e33b99d684,synthetic_v0_seed_20260510,20260510,site_b,linked_job_group,jobgrp_hmac_93f6692f0629,2026-05-19T03:55:36Z,2026-05-20T03:55:36Z,86400,episode_pretraining_00036,pretraining,4,0.96,authenticated ML evidence crosses the policy compute threshold,synthetic_latent_truth_plus_composite_rules,true,34.5827,2048.0,1761,0.865,0.94,0.0,0.0,1707.66,248.85,34.5827,0.8338,0.9635,train,true,,,,,,83.17,92.17,0.8607,86.4,0.7228,0.9583,0.9715,0.0,,,false,0.6453,0.7728,0.0,0.7591,1536,0.84,0.374,0.4783,0.96,0.8195,2.3099,30298.0666,10.3688,0.0823,0.0095,0.8495,0.7592,0.7536,1707,pytorch_distributed_training,0.9244,1707,true,447.7,1.141,0.78,0.626,true,69.65,776.36,208032,true,true,0.98,0.0,true,0.98,0.01,41,0,false,false,,,,1.0,observed,1.0,observed,1.0,observed,1.0,observed,0.0,routine_profiler_disabled,1.0,observed,1.0,observed,1.0,observed,1.0,observed,1.0,observed,1.0,observed,0.6942,delayed_log_delivery,1.0,observed,1.0,observed,1.0,observed,0.0,not_scheduled,1.0,observed,valid,operator_signed,operator_signed,bms_meter,features-v0.1.0,policy-thresholds-v0.1.0,h100e-normalization-v0.1.0,sha256:9ad671bb73c0c6a6008639450f8dee07138a92394df23febff4702886efdb52b,false,false,false,training_primary_semantic
feat_005d0b268c75f5a7ed7cc8a0,synthetic_v0_seed_20260510,20260510,site_c,topology_domain,fabricdom_hmac_8f408e3606,2026-05-19T04:00:54Z,2026-05-20T04:00:54Z,86400,episode_idle_00097,idle,0,0.95,capacity below policy threshold with strong coverage,synthetic_latent_truth_plus_composite_rules,false,0.0,384.0,276,0.9,0.66,0.0,0.0,0.0,0.0,0.0,0.0,0.0,none,false,,,,,,0.0,0.0,0.0,0.0,0.0,0.0,0.18,0.0,,,false,0.0,0.0,0.0,0.0,0,0.0,0.0,0.0,0.96,0.1296,0.5794,0.0,0.3483,0.13,0.0,0.08,0.1,0.12,0,none,0.0,0,false,0.0,0.0,0.0,0.0,false,,,,false,false,0.98,0.0,true,0.98,0.01,49,0,false,false,,,,1.0,observed,1.0,observed,1.0,observed,1.0,observed,0.0,routine_profiler_disabled,1.0,observed,1.0,observed,1.0,observed,1.0,observed,1.0,observed,1.0,observed,0.0,privacy_redacted,1.0,observed,1.0,observed,1.0,observed,0.0,not_scheduled,1.0,observed,valid,auditor_reconciled,auditor_reconciled,bms_meter,features-v0.1.0,policy-thresholds-v0.1.0,h100e-normalization-v0.1.0,sha256:3d15051ce0052b8ad8c0c12a4a22568df2876ccb76f856488224e0ce94fb6bdc,false,false,false,none
feat_29e92e2118a6fedc871ae703,synthetic_v0_seed_20260510,20260510,site_b,linked_job_group,jobgrp_hmac_b424fdff791b,2026-05-19T05:04:34Z,2026-05-20T05:04:34Z,86400,episode_large_fine_tune_00082,large_fine_tune,3,0.89,two independent primary layers plus corroboration support likely training,synthetic_latent_truth_plus_composite_rules,true,15.4551,2048.0,1761,0.865,0.94,0.0,0.0,913.32,207.94,15.4551,0.446,0.9254,train,true,,,,,,81.21,90.21,0.836,88.11,0.8513,1.0,0.9544,0.0,,,false,0.6762,0.8302,0.0,0.7956,821,0.9024,0.3959,0.5385,0.96,0.5338,2.3099,14459.4071,8.6642,0.0862,0.1081,0.8372,0.5364,0.5537,913,pytorch_distributed_training,0.8978,913,true,169.73,2.356,0.8188,0.9088,false,209.58,1280.43,343550,true,true,0.98,0.0,true,0.98,0.01,61,0,false,false,,,,1.0,observed,1.0,observed,1.0,observed,1.0,observed,0.0,routine_profiler_disabled,1.0,observed,1.0,observed,1.0,observed,1.0,observed,1.0,observed,1.0,observed,0.8833,delayed_log_delivery,1.0,observed,1.0,observed,1.0,observed,0.0,not_scheduled,1.0,observed,valid,operator_signed,operator_signed,bms_meter,features-v0.1.0,policy-thresholds-v0.1.0,h100e-normalization-v0.1.0,sha256:5bcde2bd031061a21509544bf75342f660205df1d3c398a533598afafa012425,false,false,false,training_primary_semantic
feat_28539360481c9ea35f40504c,synthetic_v0_seed_20260510,20260510,site_b,linked_job_group,jobgrp_hmac_ae666d3df7c1,2026-05-19T06:43:44Z,2026-05-20T06:43:44Z,86400,episode_cloud_reservation_used_for_training_00031,cloud_reservation_used_for_training,3,0.89,two independent primary layers plus corroboration support likely training,synthetic_latent_truth_plus_composite_rules,true,34.3848,2048.0,1761,0.865,0.94,0.0,0.0,1701.81,248.28,34.3848,0.831,0.8612,train,true,1701,248.28,0.8678,0.9366,65.67,89.48,98.0,0.8279,90.93,0.8386,1.0,1.0,0.0,,,false,0.582,0.7702,0.0,0.6847,1531,0.8372,0.373,0.4299,0.96,0.8552,2.3099,32277.206,10.345,0.0875,0.0242,0.87,0.7871,0.7786,1701,pytorch_distributed_training,0.8528,1701,true,546.27,1.286,0.7501,0.7451,false,51.86,3028.31,510703,true,true,0.98,0.0,true,0.98,0.01,5,0,false,false,,,,1.0,observed,1.0,observed,1.0,observed,1.0,observed,0.0,routine_profiler_disabled,1.0,observed,1.0,observed,1.0,observed,1.0,observed,1.0,observed,1.0,observed,0.8007,delayed_log_delivery,1.0,observed,1.0,observed,1.0,observed,0.0,not_scheduled,1.0,observed,valid,operator_signed,operator_signed,bms_meter,features-v0.1.0,policy-thresholds-v0.1.0,h100e-normalization-v0.1.0,sha256:508dd7a27aea1b919694d5ae4c46870fa9cc54fd4e8df6ec147124730b26fb94,false,false,false,training_primary_semantic
feat_ac606a8a996cce3a8c254f1e,synthetic_v0_seed_20260510,20260510,site_c,topology_domain,fabricdom_hmac_8f408e3606,2026-05-19T08:18:43Z,2026-05-20T08:18:43Z,86400,episode_idle_00103,idle,0,0.95,capacity below policy threshold with strong coverage,synthetic_latent_truth_plus_composite_rules,false,0.0,384.0,276,0.9,0.66,0.0,0.0,0.0,0.0,0.0,0.0,0.0,none,false,,,,,,0.0,0.0,0.0,0.0,0.0,0.0,0.18,0.0,,,false,0.0,0.0,0.0,0.0,0,0.0,0.0,0.0,0.96,0.2069,0.5794,0.0,2.9958,0.1219,0.0,0.08,0.1,0.12,0,none,0.0,0,false,0.0,0.0,0.0,0.0,false,,,,false,false,0.98,0.0,true,0.98,0.01,65,0,false,false,,,,1.0,observed,1.0,observed,1.0,observed,1.0,observed,0.0,routine_profiler_disabled,1.0,observed,1.0,observed,1.0,observed,1.0,observed,1.0,observed,1.0,observed,0.0,privacy_redacted,1.0,observed,1.0,observed,1.0,observed,0.0,not_scheduled,1.0,observed,valid,auditor_reconciled,auditor_reconciled,bms_meter,features-v0.1.0,policy-thresholds-v0.1.0,h100e-normalization-v0.1.0,sha256:48c7d357652fae837c031c8d85fb0864b90a9a772c8f2a71db27ec1ce8c6d978,false,false,false,none
feat_ba23c15fee65c5542e4bf831,synthetic_v0_seed_20260510,20260510,site_c,topology_domain,fabricdom_hmac_49e20f3493d6,2026-05-19T08:22:00Z,2026-05-20T08:22:00Z,86400,episode_reserved_but_unused_capacity_00126,reserved_but_unused_capacity,0,0.95,capacity below policy threshold with strong coverage,synthetic_latent_truth_plus_composite_rules,false,7.148,384.0,276,0.9,0.66,0.0,0.0,384.0,228.74,7.148,1.0,0.86,reserved,true,,,,,,3.0,12.0,0.0,2.0,0.08,0.038,0.2743,0.0,,,false,0.0255,0.0,0.0,0.03,0,0.0,0.08,0.0,0.96,0.2856,0.5794,0.0,9.5308,0.22,0.0393,0.3475,0.3646,0.3995,384,none,0.852,384,false,0.0,0.0,0.0,0.0,false,,,,false,false,0.98,0.0,true,0.98,0.01,39,0,false,false,,,,1.0,observed,1.0,observed,1.0,observed,1.0,observed,0.0,routine_profiler_disabled,1.0,observed,1.0,observed,1.0,observed,1.0,observed,1.0,observed,1.0,observed,0.0,privacy_redacted,1.0,observed,1.0,observed,1.0,observed,0.0,not_scheduled,1.0,observed,valid,auditor_reconciled,auditor_reconciled,bms_meter,features-v0.1.0,policy-thresholds-v0.1.0,h100e-normalization-v0.1.0,sha256:30f87168af942905f7082c7f58e3eaa0ecbd719b463373b1a9573d752b88b3c6,true,false,false,capacity_only
feat_7b18c1ba8edc1d94b886bb71,synthetic_v0_seed_20260510,20260510,site_a,linked_job_group,jobgrp_hmac_225bd3642128,2026-05-19T10:43:00Z,2026-05-20T10:43:00Z,86400,episode_counter_suppressed_candidate_window_00019,counter_suppressed_candidate_window,2,0.74,one primary layer is materially elevated,synthetic_latent_truth_plus_composite_rules,true,7.8746,4096.0,3522,0.83,0.94,0.0,0.0,810.53,119.38,7.8746,0.1979,0.88,unknown,true,,,,,,,,,,,,,0.0,,,false,0.578,0.6624,0.0,0.68,671,0.72,0.332,0.3672,0.96,0.8325,4.4398,62761.1232,4.9742,0.22,0.4279,0.2724,0.2916,0.334,810,unknown_cc_mode,0.866,810,true,0.0,0.0,0.0,0.0,false,,,,false,false,0.98,0.7981,true,0.1014,0.8986,49,0,false,false,0.5524,1.5592,0.6957,1.0,observed,1.0,observed,0.0,not_applicable,0.1014,counter_disabled_by_cc_mode,0.0,routine_profiler_disabled,1.0,observed,1.0,observed,1.0,observed,1.0,observed,1.0,observed,1.0,observed,0.0,privacy_redacted,1.0,observed,1.0,observed,1.0,observed,1.0,observed,1.0,observed,valid,operator_signed,operator_signed,bms_meter,features-v0.1.0,policy-thresholds-v0.1.0,h100e-normalization-v0.1.0,sha256:d57508e7640251d8bd8f4e68a513177c03425cc6ba3c3f1cf3774d7557d15233,false,false,false,training_suppressed_counters
feat_33d70f801a2e9ceb781eec79,synthetic_v0_seed_20260510,20260510,site_c,topology_domain,fabricdom_hmac_8f408e3606,2026-05-19T11:53:43Z,2026-05-20T11:53:43Z,86400,episode_idle_00051,idle,0,0.95,capacity below policy threshold with strong coverage,synthetic_latent_truth_plus_composite_rules,false,0.0,384.0,276,0.9,0.66,0.0,0.0,0.0,0.0,0.0,0.0,0.0,none,false,,,,,,0.0,0.0,0.0,0.0,0.0,0.0,0.18,0.0,,,false,0.0,0.0,0.0,0.0,0,0.0,0.0,0.0,0.96,0.1397,0.5794,0.0,1.9058,0.1267,0.0,0.08,0.1,0.12,0,none,0.0,0,false,0.0,0.0,0.0,0.0,false,,,,false,false,0.98,0.0,true,0.98,0.01,19,0,false,false,,,,1.0,observed,1.0,observed,1.0,observed,1.0,observed,0.0,routine_profiler_disabled,1.0,observed,1.0,observed,1.0,observed,1.0,observed,1.0,observed,1.0,observed,0.0,privacy_redacted,1.0,observed,1.0,observed,1.0,observed,0.0,not_scheduled,1.0,observed,valid,auditor_reconciled,auditor_reconciled,bms_meter,features-v0.1.0,policy-thresholds-v0.1.0,h100e-normalization-v0.1.0,sha256:5d2cc77f63b40924a16bfa277cca3dc591491890358592f9ecad044b38649221,false,false,false,none
feat_ebe6509fb060f0249ac09498,synthetic_v0_seed_20260510,20260510,site_a,linked_job_group,jobgrp_hmac_a623fd1eb469,2026-05-19T12:51:08Z,2026-05-20T12:51:08Z,86400,episode_underclocked_long_duration_training_00190,underclocked_long_duration_training,3,0.86,one strong primary layer plus semantic/supportive corroboration supports likely training,synthetic_latent_truth_plus_composite_rules,true,15.872,4096.0,3522,0.83,0.94,0.0,0.0,811.83,240.24,15.872,0.1982,0.86,unknown,true,,,,,,58.0,76.0,0.62,72.0,0.7,0.823,0.8309,0.0,,,false,0.4675,0.644,0.0,0.55,653,0.7,0.325,0.2888,0.96,0.38,4.4398,14544.4608,10.01,0.1208,-0.0775,0.7482,0.4164,0.446,811,pytorch_distributed_training,0.852,811,true,0.0,0.299,0.7385,0.0,false,,,,false,false,0.98,0.0,true,0.98,0.01,6,0,false,false,,,,1.0,observed,1.0,observed,0.0,not_applicable,1.0,observed,0.0,routine_profiler_disabled,1.0,observed,1.0,observed,1.0,observed,1.0,observed,1.0,observed,1.0,observed,0.0,privacy_redacted,1.0,observed,1.0,observed,1.0,observed,0.0,not_scheduled,1.0,observed,valid,operator_signed,operator_signed,bms_meter,features-v0.1.0,policy-thresholds-v0.1.0,h100e-normalization-v0.1.0,sha256:970ad5c278f3ec624f8a636aabbbf71e826700fa651ff4d6ae87ec6c6cf6061f,false,false,false,training_primary_semantic
feat_67661e5fa7893dd2c4d8cb78,synthetic_v0_seed_20260510,20260510,site_b,linked_job_group,jobgrp_hmac_d4bd284e42dc,2026-05-19T14:02:16Z,2026-05-20T14:02:16Z,86400,episode_large_fine_tune_00147,large_fine_tune,3,0.89,two independent primary layers plus corroboration support likely training,synthetic_latent_truth_plus_composite_rules,true,8.6985,2048.0,1761,0.865,0.94,0.0,0.0,815.89,131.01,8.6985,0.3984,0.9686,train,true,,,,,,84.23,93.23,0.8883,88.93,0.7472,0.9872,0.9807,0.0,,,false,0.7509,0.6786,0.0,0.8834,692,0.7376,0.3382,0.4887,0.96,0.5097,2.3099,13123.3494,5.4587,0.0779,0.119,0.8561,0.5176,0.5368,815,pytorch_distributed_training,0.928,815,true,203.75,0.53,0.9141,0.7731,false,,,,false,false,0.98,0.0,true,0.98,0.01,46,0,false,false,,,,1.0,observed,1.0,observed,1.0,observed,1.0,observed,0.0,routine_profiler_disabled,1.0,observed,1.0,observed,1.0,observed,1.0,observed,1.0,observed,1.0,observed,0.0,privacy_redacted,1.0,observed,1.0,observed,1.0,observed,0.0,not_scheduled,1.0,observed,valid,operator_signed,operator_signed,bms_meter,features-v0.1.0,policy-thresholds-v0.1.0,h100e-normalization-v0.1.0,sha256:666e33c491100a721b3a4e065c3d46d51b3a7af8c12833401e3c7bd769e2c689,false,false,false,training_primary_semantic
feat_317e8a9701415106052843d1,synthetic_v0_seed_20260510,20260510,site_c,topology_domain,fabricdom_hmac_6ec3040ea2a7,2026-05-19T14:18:59Z,2026-05-20T14:18:59Z,86400,episode_large_batch_inference_00176,large_batch_inference,0,0.95,capacity below policy threshold with strong coverage,synthetic_latent_truth_plus_composite_rules,false,0.203,384.0,276,0.9,0.66,0.0,0.0,150.03,16.62,0.203,0.3907,0.78,inference,false,,,,,,68.0,88.0,0.62,72.0,0.62,0.803,0.9352,0.0,,,false,0.187,0.138,0.0,0.22,25,0.15,0.1325,0.0248,0.96,0.4882,0.5794,440.7252,0.6925,0.1208,0.1228,0.8233,0.5008,0.5217,150,large_batch_inference,0.796,150,false,40.34,0.0,0.0,0.0,false,,,,false,false,0.98,0.0,true,0.98,0.01,32,0,false,false,,,,1.0,observed,1.0,observed,1.0,observed,1.0,observed,0.0,routine_profiler_disabled,1.0,observed,1.0,observed,1.0,observed,1.0,observed,1.0,observed,1.0,observed,0.0,privacy_redacted,1.0,observed,1.0,observed,1.0,observed,0.0,not_scheduled,1.0,observed,valid,auditor_reconciled,auditor_reconciled,bms_meter,features-v0.1.0,policy-thresholds-v0.1.0,h100e-normalization-v0.1.0,sha256:06154bcecf9b22125b57899b73809e426cf2d8eb2b6216e16a19652a5bc3a6d4,false,false,false,false_positive_primary
feat_5915056c4bf78c7e8313d606,synthetic_v0_seed_20260510,20260510,site_b,linked_job_group,jobgrp_hmac_94cfceb8aeec,2026-05-19T14:49:13Z,2026-05-20T14:49:13Z,86400,episode_adversarial_fragmented_training_00080,adversarial_fragmented_training,2,0.78,fragmented sub-threshold activity is elevated until jobs/accounts are linked,synthetic_latent_truth_plus_composite_rules,true,12.0993,2048.0,1761,0.865,0.94,0.0,0.2582,758.05,196.13,12.0993,0.3701,0.42,unknown,true,,,,,,76.0,91.0,0.78,86.0,0.74,0.959,0.9613,0.0,,,false,0.408,0.506,0.0,0.48,479,0.55,0.2725,0.198,0.96,0.4827,2.3099,11626.5212,8.1721,0.0952,0.1269,0.8421,0.4965,0.5179,758,pytorch_distributed_training,0.544,758,true,0.0,0.101,0.5368,0.0,false,,,,false,false,0.98,0.0,true,0.98,0.01,72,0,false,false,,,,1.0,observed,1.0,observed,1.0,observed,1.0,observed,0.0,routine_profiler_disabled,1.0,observed,1.0,observed,1.0,observed,1.0,observed,1.0,observed,1.0,observed,0.0,privacy_redacted,1.0,observed,1.0,observed,1.0,observed,0.0,not_scheduled,1.0,observed,valid,operator_signed,operator_signed,bms_meter,features-v0.1.0,policy-thresholds-v0.1.0,h100e-normalization-v0.1.0,sha256:45b2c41cad4ca7852ea134d3f7e7899efbbd4a3f645ac465fa3942fa9b7b5bcb,false,false,false,training_fragmented
feat_c4b5338364fec04aa2f859e1,synthetic_v0_seed_20260510,20260510,site_b,topology_domain,fabricdom_hmac_1e77604096e1,2026-05-19T16:16:09Z,2026-05-20T16:16:09Z,86400,episode_hpc_mpi_simulation_00090,hpc_mpi_simulation,2,0.78,hpc_mpi_simulation is a high-load false-positive class requiring cross-checks,synthetic_latent_truth_plus_composite_rules,true,2.3621,2048.0,1761,0.865,0.94,0.0,0.0,538.71,53.88,2.3621,0.263,0.86,hpc,true,,,,,,70.0,92.0,0.68,42.0,0.46,0.493,0.97,0.0,,,false,0.612,0.5336,0.0,0.72,359,0.58,0.283,0.3132,0.96,0.45,2.3099,9813.696,2.245,0.1112,0.1949,0.8484,0.471,0.495,538,mpi_hpc_simulation,0.852,538,true,0.0,0.0,0.08,0.0,false,,,,false,false,0.98,0.0,true,0.98,0.01,51,0,false,false,,,,1.0,observed,1.0,observed,1.0,observed,1.0,observed,0.0,routine_profiler_disabled,1.0,observed,1.0,observed,1.0,observed,1.0,observed,1.0,observed,1.0,observed,0.0,privacy_redacted,1.0,observed,1.0,observed,1.0,observed,0.0,not_scheduled,1.0,observed,valid,operator_signed,operator_signed,bms_meter,features-v0.1.0,policy-thresholds-v0.1.0,h100e-normalization-v0.1.0,sha256:7673a535de084db5e1a2d1e186bbad960eaf7af1c59c380b2ca9eb2d31395b32,false,false,false,false_positive_primary
feat_24f72a04cc076d7a36a46af6,synthetic_v0_seed_20260510,20260510,site_b,linked_job_group,jobgrp_hmac_857cba2dd89c,2026-05-19T16:25:34Z,2026-05-20T16:25:34Z,86400,episode_counter_suppressed_candidate_window_00069,counter_suppressed_candidate_window,2,0.74,one primary layer is materially elevated,synthetic_latent_truth_plus_composite_rules,true,5.0784,2048.0,1761,0.865,0.94,0.0,0.0,1007.52,61.94,5.0784,0.492,0.88,unknown,true,,,,,,,,,,,,,0.0,,,false,0.578,0.6624,0.0,0.68,834,0.72,0.332,0.3672,0.96,0.7289,2.3099,25275.3765,2.5808,0.22,0.2988,0.2724,0.2916,0.334,1007,unknown_cc_mode,0.866,1007,true,0.0,0.0,0.0,0.0,false,,,,false,false,0.98,0.7733,true,0.1792,0.8208,39,0,false,false,0.5641,1.2181,0.3478,1.0,observed,1.0,observed,1.0,observed,0.1792,counter_disabled_by_cc_mode,0.0,routine_profiler_disabled,1.0,observed,1.0,observed,1.0,observed,1.0,observed,1.0,observed,1.0,observed,0.0,privacy_redacted,1.0,observed,1.0,observed,1.0,observed,1.0,observed,1.0,observed,valid,operator_signed,operator_signed,bms_meter,features-v0.1.0,policy-thresholds-v0.1.0,h100e-normalization-v0.1.0,sha256:abfe8ba22a52a3b80513444fbea4708bf40530c3aeb1c3258ef42e1031570306,false,false,false,training_suppressed_counters
feat_4ba9cf60ed6a5258a55871c2,synthetic_v0_seed_20260510,20260510,site_a,linked_job_group,jobgrp_hmac_322d92d40f6e,2026-05-19T16:30:40Z,2026-05-20T16:30:40Z,86400,episode_adversarial_fragmented_training_00105,adversarial_fragmented_training,2,0.78,fragmented sub-threshold activity is elevated until jobs/accounts are linked,synthetic_latent_truth_plus_composite_rules,true,3.6776,4096.0,3522,0.83,0.94,0.0,0.4277,258.69,174.69,3.6776,0.0632,0.42,unknown,false,,,,,,76.0,91.0,0.78,86.0,0.74,0.959,0.9613,0.0,,,false,0.408,0.506,0.0,0.48,163,0.55,0.2725,0.198,0.96,0.45,4.4398,22003.392,7.2787,0.0952,0.3892,0.8421,0.471,0.495,258,pytorch_distributed_training,0.544,258,true,0.0,0.485,0.5608,0.0,false,,,,false,false,0.98,0.0,true,0.98,0.01,70,0,false,false,,,,1.0,observed,1.0,observed,0.0,not_applicable,1.0,observed,0.0,routine_profiler_disabled,1.0,observed,1.0,observed,1.0,observed,1.0,observed,1.0,observed,1.0,observed,0.0,privacy_redacted,1.0,observed,1.0,observed,1.0,observed,0.0,not_scheduled,1.0,observed,valid,operator_signed,operator_signed,bms_meter,features-v0.1.0,policy-thresholds-v0.1.0,h100e-normalization-v0.1.0,sha256:7accd6e92fa979f8ab3b25e13858c49990dd98a8c1783d229792d70bba0aed86,false,false,false,training_fragmented
feat_ee2eff19c63ea7d493325187,synthetic_v0_seed_20260510,20260510,site_c,topology_domain,fabricdom_hmac_c70922b7a655,2026-05-19T20:22:30Z,2026-05-20T20:22:30Z,86400,episode_normal_inference_00048,normal_inference,0,0.95,capacity below policy threshold with strong coverage,synthetic_latent_truth_plus_composite_rules,false,0.0291,384.0,276,0.9,0.66,0.0,0.0,4.27,83.74,0.0291,0.0111,0.538,inference,false,,,,,,48.49,53.31,0.3156,35.05,0.4782,0.435,0.6336,0.0,,,false,0.063,0.0951,0.0,0.0741,0,0.1033,0.1162,0.0057,0.96,0.2246,0.5794,0.0,3.4892,0.1695,0.2176,0.6062,0.2952,0.3372,4,ray_batch_inference,0.6266,4,false,0.0,0.0,0.0,0.0,false,,,,false,false,0.98,0.0,true,0.98,0.01,25,0,false,false,,,,1.0,observed,1.0,observed,1.0,observed,1.0,observed,0.0,routine_profiler_disabled,1.0,observed,1.0,observed,1.0,observed,1.0,observed,1.0,observed,1.0,observed,0.0,privacy_redacted,1.0,observed,1.0,observed,1.0,observed,0.0,not_scheduled,1.0,observed,valid,auditor_reconciled,auditor_reconciled,bms_meter,features-v0.1.0,policy-thresholds-v0.1.0,h100e-normalization-v0.1.0,sha256:84822a20b3245ba5cb05e96651030c8597313773c41da336ba1741ab89fe96b6,false,false,false,none
feat_236000497eb872041f6aefd3,synthetic_v0_seed_20260510,20260510,site_a,topology_domain,fabricdom_hmac_1033bc9fce76,2026-05-19T20:53:28Z,2026-05-20T20:53:28Z,86400,episode_reserved_but_unused_capacity_00203,reserved_but_unused_capacity,1,0.82,capacity-only evidence is capped at training possible,synthetic_latent_truth_plus_composite_rules,true,17.1846,4096.0,3522,0.83,0.94,0.0,0.0,1285.04,164.33,17.1846,0.3137,0.86,reserved,true,,,,,,3.0,12.0,0.0,2.0,0.08,0.038,0.2743,0.0,,,false,0.0255,0.0,0.0,0.03,0,0.0,0.08,0.0,0.96,0.1994,4.4398,0.0,6.8471,0.22,0.1634,0.3475,0.3145,0.3546,1285,none,0.852,1285,false,0.0,0.0,0.0,0.0,false,,,,false,false,0.98,0.0,true,0.98,0.01,31,0,false,false,,,,1.0,observed,1.0,observed,0.0,not_applicable,1.0,observed,0.0,routine_profiler_disabled,1.0,observed,1.0,observed,1.0,observed,1.0,observed,1.0,observed,1.0,observed,0.0,privacy_redacted,1.0,observed,1.0,observed,1.0,observed,0.0,not_scheduled,1.0,observed,valid,operator_signed,operator_signed,bms_meter,features-v0.1.0,policy-thresholds-v0.1.0,h100e-normalization-v0.1.0,sha256:58d930a849a984d99113536639d3badc53ba2398c225a6a76a920b7c9f85462e,true,false,false,capacity_only
feat_983038b1a1c0bd540b0eca99,synthetic_v0_seed_20260510,20260510,site_b,linked_job_group,jobgrp_hmac_55e519d03ef8,2026-05-19T21:13:33Z,2026-05-20T21:13:33Z,86400,episode_adversarial_fragmented_training_00119,adversarial_fragmented_training,2,0.78,fragmented sub-threshold activity is elevated until jobs/accounts are linked,synthetic_latent_truth_plus_composite_rules,true,4.6938,2048.0,1761,0.865,0.94,0.0,0.2144,728.38,79.19,4.6938,0.3557,0.42,unknown,true,,,,,,76.0,91.0,0.78,86.0,0.74,0.959,0.9613,0.0,,,false,0.408,0.506,0.0,0.48,460,0.55,0.2725,0.198,0.96,0.4724,2.3099,11055.509,3.2996,0.0952,0.1305,0.8421,0.4885,0.5107,728,pytorch_distributed_training,0.544,728,true,0.0,0.282,0.5172,0.0,false,,,,false,false,0.98,0.0,true,0.98,0.01,29,0,false,false,,,,1.0,observed,1.0,observed,1.0,observed,1.0,observed,0.0,routine_profiler_disabled,1.0,observed,1.0,observed,1.0,observed,1.0,observed,1.0,observed,1.0,observed,0.0,privacy_redacted,1.0,observed,1.0,observed,1.0,observed,0.0,not_scheduled,1.0,observed,valid,operator_signed,operator_signed,bms_meter,features-v0.1.0,policy-thresholds-v0.1.0,h100e-normalization-v0.1.0,sha256:5de055511f7c174af4dce9ccee44dcf0795e30a50763e9f6046223b6cfc7ef49,false,false,false,training_fragmented
feat_70c48e36742ab93bc471d297,synthetic_v0_seed_20260510,20260510,site_b,linked_job_group,jobgrp_hmac_7e8e7c7d3a1c,2026-05-19T22:58:56Z,2026-05-20T22:58:56Z,86400,episode_pretraining_00041,pretraining,4,0.96,authenticated ML evidence crosses the policy compute threshold,synthetic_latent_truth_plus_composite_rules,true,36.1527,2048.0,1761,0.865,0.94,0.0,0.0,1738.26,255.57,36.1527,0.8488,0.8258,train,true,,,,,,87.83,96.83,0.7875,91.82,0.8727,1.0,1.0,0.0,0.7035,0.7874,true,0.699,0.6977,0.0,0.8223,1515,0.7584,0.3454,0.4677,0.96,0.8611,2.3099,32604.2907,10.6487,0.094,0.0123,0.87,0.7917,0.7828,1738,pytorch_distributed_training,0.8281,1738,true,571.68,1.299,0.8738,0.8734,true,213.47,1132.26,204967,true,true,0.98,0.0,true,0.98,0.01,35,0,false,false,,,,1.0,observed,1.0,observed,1.0,observed,1.0,observed,0.4993,privacy_redacted,1.0,observed,1.0,observed,1.0,observed,1.0,observed,1.0,observed,1.0,observed,0.8863,delayed_log_delivery,1.0,observed,1.0,observed,1.0,observed,0.0,not_scheduled,1.0,observed,valid,operator_signed,operator_signed,bms_meter,features-v0.1.0,policy-thresholds-v0.1.0,h100e-normalization-v0.1.0,sha256:cc1466f2706f8001ea32b931a98d69a4487f3bfabfdd561112817ac2df31798c,false,false,false,training_primary_semantic
feat_70d0365d11f95cecdb146d81,synthetic_v0_seed_20260510,20260510,site_c,topology_domain,fabricdom_hmac_3e5b53a1e57d,2026-05-20T00:58:56Z,2026-05-21T00:58:56Z,86400,episode_large_etl_data_movement_00188,large_etl_data_movement,0,0.95,capacity below policy threshold with strong coverage,synthetic_latent_truth_plus_composite_rules,false,0.006,384.0,276,0.9,0.66,0.0,0.0,3.38,21.71,0.006,0.0088,0.25,data,false,,,,,455.6,22.0,48.0,0.08,12.0,0.28,0.178,0.5874,0.0,,,false,0.153,0.046,0.0,0.18,0,0.05,0.0975,0.0067,0.96,0.2233,0.5794,0.0,0.9046,0.2072,0.2181,0.5729,0.2942,0.3363,3,etl_data_pipeline,0.425,3,false,2057.79,0.0,0.0,0.0,false,,,,false,false,0.98,0.0,true,0.98,0.01,25,0,false,false,,,,1.0,observed,1.0,observed,1.0,observed,1.0,observed,0.0,routine_profiler_disabled,1.0,observed,1.0,observed,1.0,observed,1.0,observed,1.0,observed,1.0,observed,0.0,privacy_redacted,1.0,observed,1.0,observed,1.0,observed,0.0,not_scheduled,1.0,observed,valid,auditor_reconciled,auditor_reconciled,bms_meter,features-v0.1.0,policy-thresholds-v0.1.0,h100e-normalization-v0.1.0,sha256:2930ac226c1cac55fb8669a9e3934d8c932fc1218d2493c4a0bf106db97b1813,false,false,true,physical_only
feat_2f2592f3ed7ccc2f78be01a0,synthetic_v0_seed_20260510,20260510,site_c,topology_domain,fabricdom_hmac_8f408e3606,2026-05-20T01:47:01Z,2026-05-21T01:47:01Z,86400,episode_idle_00043,idle,0,0.95,capacity below policy threshold with strong coverage,synthetic_latent_truth_plus_composite_rules,false,0.0,384.0,276,0.9,0.66,0.0,0.0,0.0,0.0,0.0,0.0,0.0,none,false,,,,,,0.0,0.0,0.0,0.0,0.0,0.0,0.18,0.0,,,false,0.0,0.0,0.0,0.0,0,0.0,0.0,0.0,0.96,0.1827,0.5794,0.0,2.7721,0.1337,0.0,0.08,0.1,0.12,0,none,0.0,0,false,0.0,0.0,0.0,0.0,false,,,,false,false,0.98,0.0,true,0.98,0.01,66,0,false,false,,,,1.0,observed,1.0,observed,1.0,observed,1.0,observed,0.0,routine_profiler_disabled,1.0,observed,1.0,observed,1.0,observed,1.0,observed,1.0,observed,1.0,observed,0.0,privacy_redacted,1.0,observed,1.0,observed,1.0,observed,0.0,not_scheduled,1.0,observed,valid,auditor_reconciled,auditor_reconciled,bms_meter,features-v0.1.0,policy-thresholds-v0.1.0,h100e-normalization-v0.1.0,sha256:81131fe87b5b759f89887b7f08de1e8cdaaa41eb3cdc485f83719832a6fc8a02,false,false,false,none
feat_174b8661f97e057a0bee761a,synthetic_v0_seed_20260510,20260510,site_c,topology_domain,fabricdom_hmac_8f408e3606,2026-05-20T03:00:25Z,2026-05-21T03:00:25Z,86400,episode_idle_00100,idle,0,0.95,capacity below policy threshold with strong coverage,synthetic_latent_truth_plus_composite_rules,false,0.0,384.0,276,0.9,0.66,0.0,0.0,0.0,0.0,0.0,0.0,0.0,none,false,,,,,,0.0,0.0,0.0,0.0,0.0,0.0,0.18,0.0,,,false,0.0,0.0,0.0,0.0,0,0.0,0.0,0.0,0.96,0.1569,0.5794,0.0,0.6012,0.1493,0.0,0.08,0.1,0.12,0,none,0.0,0,false,0.0,0.0,0.0,0.0,false,,,,false,false,0.98,0.0,true,0.98,0.01,39,0,false,false,,,,1.0,observed,1.0,observed,1.0,observed,1.0,observed,0.0,routine_profiler_disabled,1.0,observed,1.0,observed,1.0,observed,1.0,observed,1.0,observed,1.0,observed,0.0,privacy_redacted,1.0,observed,1.0,observed,1.0,observed,0.0,not_scheduled,1.0,observed,valid,auditor_reconciled,auditor_reconciled,bms_meter,features-v0.1.0,policy-thresholds-v0.1.0,h100e-normalization-v0.1.0,sha256:879c34255bf1bd424f95f93bb3c374852e03a525e339730260547f636b3cb7d4,false,false,false,none
feat_866213923382f07038d12c02,synthetic_v0_seed_20260510,20260510,site_a,linked_job_group,jobgrp_hmac_0dfaaaccd189,2026-05-20T03:49:34Z,2026-05-21T03:49:34Z,86400,episode_pretraining_00058,pretraining,4,0.96,authenticated ML evidence crosses the policy compute threshold,synthetic_latent_truth_plus_composite_rules,true,24.2038,4096.0,3522,0.83,0.94,0.0,0.0,1559.61,190.7,24.2038,0.3808,0.8941,train,true,,,,,,85.79,94.79,0.8234,87.18,0.8833,1.0,0.9943,0.0,0.8283,0.5881,true,0.6497,0.6859,0.0,0.7643,1337,0.7456,0.341,0.4274,0.96,0.5015,4.4398,27491.0342,7.9458,0.0883,0.1229,0.8659,0.5112,0.531,1559,pytorch_distributed_training,0.8759,1559,true,109.04,1.215,0.7842,0.7415,true,160.68,3246.42,350713,true,true,0.98,0.0,true,0.98,0.01,6,0,false,false,,,,1.0,observed,1.0,observed,0.0,not_applicable,1.0,observed,0.4245,privacy_redacted,1.0,observed,1.0,observed,1.0,observed,1.0,observed,1.0,observed,1.0,observed,0.9092,delayed_log_delivery,1.0,observed,1.0,observed,1.0,observed,0.0,not_scheduled,1.0,observed,valid,operator_signed,operator_signed,bms_meter,features-v0.1.0,policy-thresholds-v0.1.0,h100e-normalization-v0.1.0,sha256:02051520554da61187a643fe2a92752f3cacdf49b6cbfb773fc5f5e807542ffd,false,false,false,training_primary_semantic
feat_fadcd2a9e1de5448e0e0e4a9,synthetic_v0_seed_20260510,20260510,site_a,topology_domain,fabricdom_hmac_07a55957f869,2026-05-20T04:02:26Z,2026-05-21T04:02:26Z,86400,episode_large_batch_inference_00191,large_batch_inference,2,0.78,large_batch_inference is a high-load false-positive class requiring cross-checks,synthetic_latent_truth_plus_composite_rules,true,0.6679,4096.0,3522,0.83,0.94,0.0,0.0,273.28,30.03,0.6679,0.0667,0.78,inference,false,,,,,,68.0,88.0,0.62,72.0,0.62,0.803,0.9352,0.0,,,false,0.187,0.138,0.0,0.22,47,0.15,0.1325,0.0248,0.96,0.45,4.4398,22003.392,1.2512,0.1208,0.3876,0.8233,0.471,0.495,273,large_batch_inference,0.796,273,false,47.43,0.0,0.0,0.0,false,,,,false,false,0.98,0.0,true,0.98,0.01,71,0,false,false,,,,1.0,observed,1.0,observed,0.0,not_applicable,1.0,observed,0.0,routine_profiler_disabled,1.0,observed,1.0,observed,1.0,observed,1.0,observed,1.0,observed,1.0,observed,0.0,privacy_redacted,1.0,observed,1.0,observed,1.0,observed,0.0,not_scheduled,1.0,observed,valid,operator_signed,operator_signed,bms_meter,features-v0.1.0,policy-thresholds-v0.1.0,h100e-normalization-v0.1.0,sha256:cc13e69e3dc40fc14afa94052282f7ab04b6b998fb6224559e61162ea4c88afd,false,false,false,false_positive_primary
feat_e30087adb6a4d67b3ca1486b,synthetic_v0_seed_20260510,20260510,site_b,linked_job_group,jobgrp_hmac_b424fdff791b,2026-05-20T05:04:34Z,2026-05-21T05:04:34Z,86400,episode_large_fine_tune_00082,large_fine_tune,3,0.89,two independent primary layers plus corroboration support likely training,synthetic_latent_truth_plus_composite_rules,true,15.4551,2048.0,1761,0.865,0.94,0.0,0.0,913.32,207.94,15.4551,0.446,0.9254,train,true,,,,,,81.21,90.21,0.836,88.11,0.8513,1.0,0.9544,0.0,,,false,0.6762,0.8302,0.0,0.7956,821,0.9024,0.3959,0.5385,0.96,0.5338,2.3099,14459.4071,8.6642,0.0862,0.1081,0.8372,0.5364,0.5537,913,pytorch_distributed_training,0.8978,913,true,169.73,2.356,0.8188,0.9088,false,209.58,1280.43,343550,true,true,0.98,0.0,true,0.98,0.01,61,0,false,false,,,,1.0,observed,1.0,observed,1.0,observed,1.0,observed,0.0,routine_profiler_disabled,1.0,observed,1.0,observed,1.0,observed,1.0,observed,1.0,observed,1.0,observed,0.8833,delayed_log_delivery,1.0,observed,1.0,observed,1.0,observed,0.0,not_scheduled,1.0,observed,valid,operator_signed,operator_signed,bms_meter,features-v0.1.0,policy-thresholds-v0.1.0,h100e-normalization-v0.1.0,sha256:d0cd9363162954cbd33f76c17c612c1ebd224d11110534c812d16199c25e3ccb,false,false,false,training_primary_semantic
feat_72964caa4e526e3ae6d7af83,synthetic_v0_seed_20260510,20260510,site_c,topology_domain,fabricdom_hmac_5ddf1fd7d45b,2026-05-20T05:28:43Z,2026-05-21T05:28:43Z,86400,episode_normal_inference_00085,normal_inference,0,0.95,capacity below policy threshold with strong coverage,synthetic_latent_truth_plus_composite_rules,false,0.067,384.0,276,0.9,0.66,0.0,0.0,9.55,86.21,0.067,0.0249,0.6956,inference,false,,,,,,42.41,60.23,0.1759,34.93,0.2324,0.3724,0.6937,0.0,,,false,0.116,0.0626,0.0,0.1365,0,0.068,0.1038,0.007,0.96,0.2317,0.5794,0.0,3.5921,0.1919,0.2144,0.6495,0.3007,0.3422,9,tensorrt_llm_serving,0.7369,9,false,0.0,0.0,0.0,0.0,false,,,,false,false,0.98,0.0,true,0.98,0.01,46,0,false,false,,,,1.0,observed,1.0,observed,1.0,observed,1.0,observed,0.0,routine_profiler_disabled,1.0,observed,1.0,observed,1.0,observed,1.0,observed,1.0,observed,1.0,observed,0.0,privacy_redacted,1.0,observed,1.0,observed,1.0,observed,0.0,not_scheduled,1.0,observed,valid,auditor_reconciled,auditor_reconciled,bms_meter,features-v0.1.0,policy-thresholds-v0.1.0,h100e-normalization-v0.1.0,sha256:1b3e89cc2c1e1cfc6f7502643b856c8ef7f6a0a431042ad1344319930b2dd21a,false,false,false,none
feat_8b953a9bdd50a2c6667085c2,synthetic_v0_seed_20260510,20260510,site_b,linked_job_group,jobgrp_hmac_772e33f4cb94,2026-05-20T08:58:14Z,2026-05-21T08:58:14Z,86400,episode_underclocked_long_duration_training_00110,underclocked_long_duration_training,3,0.86,one strong primary layer plus semantic/supportive corroboration supports likely training,synthetic_latent_truth_plus_composite_rules,true,39.3635,2048.0,1761,0.865,0.94,0.0,0.0,1952.09,247.79,39.3635,0.9532,0.86,unknown,true,,,,,,58.0,76.0,0.62,72.0,0.7,0.823,0.8309,0.0,,,false,0.4675,0.644,0.0,0.55,1571,0.7,0.325,0.2888,0.96,0.785,2.3099,28385.4528,10.3246,0.1208,-0.0312,0.7482,0.7323,0.7295,1952,pytorch_distributed_training,0.852,1952,true,0.0,1.084,0.7672,0.0,false,,,,false,false,0.98,0.0,true,0.98,0.01,73,0,false,false,,,,1.0,observed,1.0,observed,1.0,observed,1.0,observed,0.0,routine_profiler_disabled,1.0,observed,1.0,observed,1.0,observed,1.0,observed,1.0,observed,1.0,observed,0.0,privacy_redacted,1.0,observed,1.0,observed,1.0,observed,0.0,not_scheduled,1.0,observed,valid,operator_signed,operator_signed,bms_meter,features-v0.1.0,policy-thresholds-v0.1.0,h100e-normalization-v0.1.0,sha256:84380a08e2cc426537c58d6076b5cdb3aaf59094c70250030fdde1bb1462a000,false,false,false,training_primary_semantic
feat_744888f7bdb0b39bc1749928,synthetic_v0_seed_20260510,20260510,site_c,topology_domain,fabricdom_hmac_1ed5d3bd098e,2026-05-20T09:32:06Z,2026-05-21T09:32:06Z,86400,episode_reserved_but_unused_capacity_00104,reserved_but_unused_capacity,0,0.95,capacity below policy threshold with strong coverage,synthetic_latent_truth_plus_composite_rules,false,3.7351,384.0,276,0.9,0.66,0.0,0.0,384.0,119.52,3.7351,1.0,0.86,reserved,true,,,,,,3.0,12.0,0.0,2.0,0.08,0.038,0.2743,0.0,,,false,0.0255,0.0,0.0,0.03,0,0.0,0.08,0.0,0.96,0.3165,0.5794,0.0,4.98,0.22,0.0393,0.3475,0.3646,0.3995,384,none,0.852,384,false,0.0,0.0,0.0,0.0,false,,,,false,false,0.98,0.0,true,0.98,0.01,67,0,false,false,,,,1.0,observed,1.0,observed,1.0,observed,1.0,observed,0.0,routine_profiler_disabled,1.0,observed,1.0,observed,1.0,observed,1.0,observed,1.0,observed,1.0,observed,0.0,privacy_redacted,1.0,observed,1.0,observed,1.0,observed,0.0,not_scheduled,1.0,observed,valid,auditor_reconciled,auditor_reconciled,bms_meter,features-v0.1.0,policy-thresholds-v0.1.0,h100e-normalization-v0.1.0,sha256:422be02b4eb149f365e27375df62bc2b7c10127b2bc3b23aa3bf4fad63b02634,true,false,false,capacity_only
feat_2dc889bca6fe59a29e0f23de,synthetic_v0_seed_20260510,20260510,site_a,linked_job_group,jobgrp_hmac_155a31867ac6,2026-05-20T10:05:26Z,2026-05-21T10:05:26Z,86400,episode_adversarial_fragmented_training_00192,adversarial_fragmented_training,2,0.78,fragmented sub-threshold activity is elevated until jobs/accounts are linked,synthetic_latent_truth_plus_composite_rules,true,2.0851,4096.0,3522,0.83,0.94,0.0,0.3337,433.53,59.1,2.0851,0.1058,0.42,unknown,false,,,,,,76.0,91.0,0.78,86.0,0.74,0.959,0.9613,0.0,,,false,0.408,0.506,0.0,0.48,274,0.55,0.2725,0.198,0.96,0.45,4.4398,22003.392,2.4625,0.0952,0.3483,0.8421,0.471,0.495,433,pytorch_distributed_training,0.544,433,true,0.0,0.713,0.6745,0.0,false,,,,false,false,0.98,0.0,true,0.98,0.01,52,0,false,false,,,,1.0,observed,1.0,observed,0.0,not_applicable,1.0,observed,0.0,routine_profiler_disabled,1.0,observed,1.0,observed,1.0,observed,1.0,observed,1.0,observed,1.0,observed,0.0,privacy_redacted,1.0,observed,1.0,observed,1.0,observed,0.0,not_scheduled,1.0,observed,valid,operator_signed,operator_signed,bms_meter,features-v0.1.0,policy-thresholds-v0.1.0,h100e-normalization-v0.1.0,sha256:17a908092f8b490f4daf9a4626cd3f05d598f89e2b02917502fc753402330d40,false,false,false,training_fragmented
feat_3b0ebc377cd20955cbc287ce,synthetic_v0_seed_20260510,20260510,site_a,linked_job_group,jobgrp_hmac_225bd3642128,2026-05-20T10:43:00Z,2026-05-21T10:43:00Z,86400,episode_counter_suppressed_candidate_window_00019,counter_suppressed_candidate_window,2,0.74,one primary layer is materially elevated,synthetic_latent_truth_plus_composite_rules,true,7.8746,4096.0,3522,0.83,0.94,0.0,0.0,810.53,119.38,7.8746,0.1979,0.88,unknown,true,,,,,,,,,,,,,0.0,,,false,0.578,0.6624,0.0,0.68,671,0.72,0.332,0.3672,0.96,0.8325,4.4398,62761.1232,4.9742,0.22,0.4279,0.2724,0.2916,0.334,810,unknown_cc_mode,0.866,810,true,0.0,0.0,0.0,0.0,false,,,,false,false,0.98,0.7981,true,0.1014,0.8986,49,0,false,false,0.5524,1.5592,0.6957,1.0,observed,1.0,observed,0.0,not_applicable,0.1014,counter_disabled_by_cc_mode,0.0,routine_profiler_disabled,1.0,observed,1.0,observed,1.0,observed,1.0,observed,1.0,observed,1.0,observed,0.0,privacy_redacted,1.0,observed,1.0,observed,1.0,observed,1.0,observed,1.0,observed,valid,operator_signed,operator_signed,bms_meter,features-v0.1.0,policy-thresholds-v0.1.0,h100e-normalization-v0.1.0,sha256:3ffcd1454fd540df6ccdda30459e8245a7e071d7d1a9b174b61dfbe9fd1c9a30,false,false,false,training_suppressed_counters
feat_7fbcaebbd51e61cc2ffa7ff1,synthetic_v0_seed_20260510,20260510,site_b,linked_job_group,jobgrp_hmac_93f6692f0629,2026-05-20T12:02:53Z,2026-05-21T12:02:53Z,86400,episode_pretraining_00036,pretraining,4,0.96,authenticated ML evidence crosses the policy compute threshold,synthetic_latent_truth_plus_composite_rules,true,34.5827,2048.0,1761,0.865,0.94,0.0,0.0,1707.66,248.85,34.5827,0.8338,0.9635,train,true,,,,,,83.17,92.17,0.8607,86.4,0.7228,0.9583,0.9715,0.0,,,false,0.6453,0.7728,0.0,0.7591,1536,0.84,0.374,0.4783,0.96,0.8195,2.3099,30298.0666,10.3688,0.0823,0.0095,0.8495,0.7592,0.7536,1707,pytorch_distributed_training,0.9244,1707,true,447.7,1.141,0.78,0.626,true,69.65,776.36,208032,true,true,0.98,0.0,true,0.98,0.01,41,0,false,false,,,,1.0,observed,1.0,observed,1.0,observed,1.0,observed,0.0,routine_profiler_disabled,1.0,observed,1.0,observed,1.0,observed,1.0,observed,1.0,observed,1.0,observed,0.6942,delayed_log_delivery,1.0,observed,1.0,observed,1.0,observed,0.0,not_scheduled,1.0,observed,valid,operator_signed,operator_signed,bms_meter,features-v0.1.0,policy-thresholds-v0.1.0,h100e-normalization-v0.1.0,sha256:b1cfaf793aa7c0118e542bd5f5f1843f1a0ed07c91f230877eca46d0ce25357f,false,false,false,training_primary_semantic
feat_275cf7b960b99309c4b6c3b2,synthetic_v0_seed_20260510,20260510,site_c,topology_domain,fabricdom_hmac_49e20f3493d6,2026-05-20T13:36:53Z,2026-05-21T13:36:53Z,86400,episode_reserved_but_unused_capacity_00126,reserved_but_unused_capacity,0,0.95,capacity below policy threshold with strong coverage,synthetic_latent_truth_plus_composite_rules,false,7.148,384.0,276,0.9,0.66,0.0,0.0,384.0,228.74,7.148,1.0,0.86,reserved,true,,,,,,3.0,12.0,0.0,2.0,0.08,0.038,0.2743,0.0,,,false,0.0255,0.0,0.0,0.03,0,0.0,0.08,0.0,0.96,0.2856,0.5794,0.0,9.5308,0.22,0.0393,0.3475,0.3646,0.3995,384,none,0.852,384,false,0.0,0.0,0.0,0.0,false,,,,false,false,0.98,0.0,true,0.98,0.01,39,0,false,false,,,,1.0,observed,1.0,observed,1.0,observed,1.0,observed,0.0,routine_profiler_disabled,1.0,observed,1.0,observed,1.0,observed,1.0,observed,1.0,observed,1.0,observed,0.0,privacy_redacted,1.0,observed,1.0,observed,1.0,observed,0.0,not_scheduled,1.0,observed,valid,auditor_reconciled,auditor_reconciled,bms_meter,features-v0.1.0,policy-thresholds-v0.1.0,h100e-normalization-v0.1.0,sha256:86679e50d781afbf05bc81dae1f1f3c8aa669e5ecec43835e62035534ef82dff,true,false,false,capacity_only
feat_0da571f56b7764b8af2ed4da,synthetic_v0_seed_20260510,20260510,site_b,linked_job_group,jobgrp_hmac_d4bd284e42dc,2026-05-20T14:02:16Z,2026-05-21T14:02:16Z,86400,episode_large_fine_tune_00147,large_fine_tune,3,0.89,two independent primary layers plus corroboration support likely training,synthetic_latent_truth_plus_composite_rules,true,8.6985,2048.0,1761,0.865,0.94,0.0,0.0,815.89,131.01,8.6985,0.3984,0.9686,train,true,,,,,,84.23,93.23,0.8883,88.93,0.7472,0.9872,0.9807,0.0,,,false,0.7509,0.6786,0.0,0.8834,692,0.7376,0.3382,0.4887,0.96,0.5097,2.3099,13123.3494,5.4587,0.0779,0.119,0.8561,0.5176,0.5368,815,pytorch_distributed_training,0.928,815,true,203.75,0.53,0.9141,0.7731,false,,,,false,false,0.98,0.0,true,0.98,0.01,46,0,false,false,,,,1.0,observed,1.0,observed,1.0,observed,1.0,observed,0.0,routine_profiler_disabled,1.0,observed,1.0,observed,1.0,observed,1.0,observed,1.0,observed,1.0,observed,0.0,privacy_redacted,1.0,observed,1.0,observed,1.0,observed,0.0,not_scheduled,1.0,observed,valid,operator_signed,operator_signed,bms_meter,features-v0.1.0,policy-thresholds-v0.1.0,h100e-normalization-v0.1.0,sha256:93e023e5a1a8958c5304c453dc3a4f71c26a37b0be85d10444aee96c957e95cb,false,false,false,training_primary_semantic
feat_3013bb2de649667825668391,synthetic_v0_seed_20260510,20260510,site_b,linked_job_group,jobgrp_hmac_ae666d3df7c1,2026-05-20T14:46:07Z,2026-05-21T14:46:07Z,86400,episode_cloud_reservation_used_for_training_00031,cloud_reservation_used_for_training,3,0.89,two independent primary layers plus corroboration support likely training,synthetic_latent_truth_plus_composite_rules,true,34.3848,2048.0,1761,0.865,0.94,0.0,0.0,1701.81,248.28,34.3848,0.831,0.8612,train,true,1701,248.28,0.8678,0.9366,65.67,89.48,98.0,0.8279,90.93,0.8386,1.0,1.0,0.0,,,false,0.582,0.7702,0.0,0.6847,1531,0.8372,0.373,0.4299,0.96,0.8552,2.3099,32277.206,10.345,0.0875,0.0242,0.87,0.7871,0.7786,1701,pytorch_distributed_training,0.8528,1701,true,546.27,1.286,0.7501,0.7451,false,51.86,3028.31,510703,true,true,0.98,0.0,true,0.98,0.01,5,0,false,false,,,,1.0,observed,1.0,observed,1.0,observed,1.0,observed,0.0,routine_profiler_disabled,1.0,observed,1.0,observed,1.0,observed,1.0,observed,1.0,observed,1.0,observed,0.8007,delayed_log_delivery,1.0,observed,1.0,observed,1.0,observed,0.0,not_scheduled,1.0,observed,valid,operator_signed,operator_signed,bms_meter,features-v0.1.0,policy-thresholds-v0.1.0,h100e-normalization-v0.1.0,sha256:ea161f7ddbfc22ab81512b255ffe30e5d6a5f75d2131918311b2dffd01f18863,false,false,false,training_primary_semantic
feat_7a2eda82d11f5a81bb9432cd,synthetic_v0_seed_20260510,20260510,site_b,topology_domain,fabricdom_hmac_1e77604096e1,2026-05-20T16:16:09Z,2026-05-21T16:16:09Z,86400,episode_hpc_mpi_simulation_00090,hpc_mpi_simulation,2,0.78,hpc_mpi_simulation is a high-load false-positive class requiring cross-checks,synthetic_latent_truth_plus_composite_rules,true,2.3621,2048.0,1761,0.865,0.94,0.0,0.0,538.71,53.88,2.3621,0.263,0.86,hpc,true,,,,,,70.0,92.0,0.68,42.0,0.46,0.493,0.97,0.0,,,false,0.612,0.5336,0.0,0.72,359,0.58,0.283,0.3132,0.96,0.45,2.3099,9813.696,2.245,0.1112,0.1949,0.8484,0.471,0.495,538,mpi_hpc_simulation,0.852,538,true,0.0,0.0,0.08,0.0,false,,,,false,false,0.98,0.0,true,0.98,0.01,51,0,false,false,,,,1.0,observed,1.0,observed,1.0,observed,1.0,observed,0.0,routine_profiler_disabled,1.0,observed,1.0,observed,1.0,observed,1.0,observed,1.0,observed,1.0,observed,0.0,privacy_redacted,1.0,observed,1.0,observed,1.0,observed,0.0,not_scheduled,1.0,observed,valid,operator_signed,operator_signed,bms_meter,features-v0.1.0,policy-thresholds-v0.1.0,h100e-normalization-v0.1.0,sha256:d36e73b6765ba280ea043e8aa19e0181bc076763dbfcaedb6033e464ab4ab54b,false,false,false,false_positive_primary
feat_761d5ecf0f0e3c18cb78711e,synthetic_v0_seed_20260510,20260510,site_a,linked_job_group,jobgrp_hmac_322d92d40f6e,2026-05-20T16:30:40Z,2026-05-21T16:30:40Z,86400,episode_adversarial_fragmented_training_00105,adversarial_fragmented_training,2,0.78,fragmented sub-threshold activity is elevated until jobs/accounts are linked,synthetic_latent_truth_plus_composite_rules,true,3.6776,4096.0,3522,0.83,0.94,0.0,0.4277,258.69,174.69,3.6776,0.0632,0.42,unknown,false,,,,,,76.0,91.0,0.78,86.0,0.74,0.959,0.9613,0.0,,,false,0.408,0.506,0.0,0.48,163,0.55,0.2725,0.198,0.96,0.45,4.4398,22003.392,7.2787,0.0952,0.3892,0.8421,0.471,0.495,258,pytorch_distributed_training,0.544,258,true,0.0,0.485,0.5608,0.0,false,,,,false,false,0.98,0.0,true,0.98,0.01,70,0,false,false,,,,1.0,observed,1.0,observed,0.0,not_applicable,1.0,observed,0.0,routine_profiler_disabled,1.0,observed,1.0,observed,1.0,observed,1.0,observed,1.0,observed,1.0,observed,0.0,privacy_redacted,1.0,observed,1.0,observed,1.0,observed,0.0,not_scheduled,1.0,observed,valid,operator_signed,operator_signed,bms_meter,features-v0.1.0,policy-thresholds-v0.1.0,h100e-normalization-v0.1.0,sha256:2fd7d74d5a9fd5a8411bf51065ec2170a24f38532560308fa0581ea38a737c2c,false,false,false,training_fragmented
feat_8602b9fbdcf41edc0a1e8ea1,synthetic_v0_seed_20260510,20260510,site_a,linked_job_group,jobgrp_hmac_ab869290b1d8,2026-05-20T16:35:07Z,2026-05-21T16:35:07Z,86400,episode_pretraining_00025,pretraining,4,0.93,"scheduler, GPU, fabric, power, and storage cohere under high integrity",synthetic_latent_truth_plus_composite_rules,true,68.8809,4096.0,3522,0.83,0.94,0.0,0.0,2035.13,415.9,68.8809,0.4969,0.927,train,true,,,,,,91.83,98.0,0.912,88.05,0.8755,1.0,1.0,0.0,0.5971,0.8256,true,0.7456,0.8409,0.0,0.8771,1831,0.9141,0.3999,0.6013,0.96,0.5998,4.4398,37965.5048,17.3292,0.0741,0.1029,0.87,0.5878,0.5999,2035,pytorch_distributed_training,0.8989,2035,true,167.27,0.504,0.8767,0.7689,false,415.89,3719.61,378511,true,true,0.98,0.0,true,0.98,0.01,67,0,false,false,,,,1.0,observed,1.0,observed,0.0,not_applicable,1.0,observed,0.5176,privacy_redacted,1.0,observed,1.0,observed,1.0,observed,1.0,observed,1.0,observed,1.0,observed,0.8707,delayed_log_delivery,1.0,observed,1.0,observed,1.0,observed,0.0,not_scheduled,1.0,observed,valid,operator_signed,operator_signed,bms_meter,features-v0.1.0,policy-thresholds-v0.1.0,h100e-normalization-v0.1.0,sha256:a6be192a8569601d3077e26b8ea032e551fe0998d746a34400959849773f8193,false,false,false,training_primary_semantic
feat_d65d605a976637c1f785179e,synthetic_v0_seed_20260510,20260510,site_b,linked_job_group,jobgrp_hmac_4a4e4d6b8eda,2026-05-20T17:39:41Z,2026-05-21T17:39:41Z,86400,episode_large_fine_tune_00047,large_fine_tune,4,0.96,authenticated ML evidence crosses the policy compute threshold,synthetic_latent_truth_plus_composite_rules,true,7.7334,2048.0,1761,0.865,0.94,0.0,0.0,1401.91,67.78,7.7334,0.6845,0.8782,train,true,,,,,,81.27,90.27,0.8531,87.27,0.8498,0.9979,0.9549,0.0,0.6728,0.7419,true,0.7325,0.8497,0.0,0.8617,1261,0.9235,0.4032,0.5969,0.96,0.702,2.3099,23784.0922,2.8242,0.0835,0.0484,0.8375,0.6676,0.6714,1401,pytorch_distributed_training,0.8647,1401,true,667.78,2.161,0.6205,0.7402,true,120.16,4272.95,163539,true,true,0.98,0.0,true,0.98,0.01,3,0,false,false,,,,1.0,observed,1.0,observed,1.0,observed,1.0,observed,0.5321,privacy_redacted,1.0,observed,1.0,observed,1.0,observed,1.0,observed,1.0,observed,1.0,observed,0.8572,delayed_log_delivery,1.0,observed,1.0,observed,1.0,observed,0.0,not_scheduled,1.0,observed,valid,operator_signed,operator_signed,bms_meter,features-v0.1.0,policy-thresholds-v0.1.0,h100e-normalization-v0.1.0,sha256:6412eb25f18eb866cb8045eecbe38018ff875622e0722d0296288f41c41165b8,false,false,false,training_primary_semantic
feat_49a527b1b9fe4e6703b6e4a0,synthetic_v0_seed_20260510,20260510,site_a,linked_job_group,jobgrp_hmac_a623fd1eb469,2026-05-20T19:44:38Z,2026-05-21T19:44:38Z,86400,episode_underclocked_long_duration_training_00190,underclocked_long_duration_training,3,0.86,one strong primary layer plus semantic/supportive corroboration supports likely training,synthetic_latent_truth_plus_composite_rules,true,15.872,4096.0,3522,0.83,0.94,0.0,0.0,811.83,240.24,15.872,0.1982,0.86,unknown,true,,,,,,58.0,76.0,0.62,72.0,0.7,0.823,0.8309,0.0,,,false,0.4675,0.644,0.0,0.55,653,0.7,0.325,0.2888,0.96,0.38,4.4398,14544.4608,10.01,0.1208,-0.0775,0.7482,0.4164,0.446,811,pytorch_distributed_training,0.852,811,true,0.0,0.299,0.7385,0.0,false,,,,false,false,0.98,0.0,true,0.98,0.01,6,0,false,false,,,,1.0,observed,1.0,observed,0.0,not_applicable,1.0,observed,0.0,routine_profiler_disabled,1.0,observed,1.0,observed,1.0,observed,1.0,observed,1.0,observed,1.0,observed,0.0,privacy_redacted,1.0,observed,1.0,observed,1.0,observed,0.0,not_scheduled,1.0,observed,valid,operator_signed,operator_signed,bms_meter,features-v0.1.0,policy-thresholds-v0.1.0,h100e-normalization-v0.1.0,sha256:cf064a965dad88a1e6f76b4cbfe635eb37c7c311f8894a2a2083034b87195211,false,false,false,training_primary_semantic
feat_68891dd9cfffb5c10e4256e4,synthetic_v0_seed_20260510,20260510,site_c,topology_domain,fabricdom_hmac_c70922b7a655,2026-05-20T20:22:30Z,2026-05-21T20:22:30Z,86400,episode_normal_inference_00048,normal_inference,0,0.95,capacity below policy threshold with strong coverage,synthetic_latent_truth_plus_composite_rules,false,0.0291,384.0,276,0.9,0.66,0.0,0.0,4.27,83.74,0.0291,0.0111,0.538,inference,false,,,,,,48.49,53.31,0.3156,35.05,0.4782,0.435,0.6336,0.0,,,false,0.063,0.0951,0.0,0.0741,0,0.1033,0.1162,0.0057,0.96,0.2246,0.5794,0.0,3.4892,0.1695,0.2176,0.6062,0.2952,0.3372,4,ray_batch_inference,0.6266,4,false,0.0,0.0,0.0,0.0,false,,,,false,false,0.98,0.0,true,0.98,0.01,25,0,false,false,,,,1.0,observed,1.0,observed,1.0,observed,1.0,observed,0.0,routine_profiler_disabled,1.0,observed,1.0,observed,1.0,observed,1.0,observed,1.0,observed,1.0,observed,0.0,privacy_redacted,1.0,observed,1.0,observed,1.0,observed,0.0,not_scheduled,1.0,observed,valid,auditor_reconciled,auditor_reconciled,bms_meter,features-v0.1.0,policy-thresholds-v0.1.0,h100e-normalization-v0.1.0,sha256:2ef12fa01a442e227e00520fdb208167e7e90a92a01a7e7186f7fb91ce9fc548,false,false,false,none
feat_cc13aa34683904176af14af3,synthetic_v0_seed_20260510,20260510,site_b,topology_domain,fabricdom_hmac_91e1474b6e,2026-05-20T21:10:56Z,2026-05-21T21:10:56Z,86400,episode_idle_00180,idle,0,0.94,idle window has strong critical-layer coverage,synthetic_latent_truth_plus_composite_rules,true,0.0,2048.0,1761,0.865,0.94,0.0,0.0,0.0,0.0,0.0,0.0,0.0,none,false,,,,,,0.0,0.0,0.0,0.0,0.0,0.0,0.18,0.0,,,false,0.0,0.0,0.0,0.0,0,0.0,0.0,0.0,0.96,0.1499,2.3099,0.0,0.4704,0.2372,0.0,0.08,0.1,0.12,0,none,0.0,0,false,0.0,0.0,0.0,0.0,false,,,,false,false,0.98,0.0,true,0.98,0.01,63,0,false,false,,,,1.0,observed,1.0,observed,1.0,observed,1.0,observed,0.0,routine_profiler_disabled,1.0,observed,1.0,observed,1.0,observed,1.0,observed,1.0,observed,1.0,observed,0.0,privacy_redacted,1.0,observed,1.0,observed,1.0,observed,0.0,not_scheduled,1.0,observed,valid,operator_signed,operator_signed,bms_meter,features-v0.1.0,policy-thresholds-v0.1.0,h100e-normalization-v0.1.0,sha256:3bc98087f314f026549ad95a6607afd21ba9a2d289336aa2583801ea108962ff,false,false,false,none
feat_b204fa55425abeb7216831bf,synthetic_v0_seed_20260510,20260510,site_a,topology_domain,fabricdom_hmac_3542e9d49fc3,2026-05-20T22:25:24Z,2026-05-21T22:25:24Z,86400,episode_normal_inference_00205,normal_inference,1,0.78,routine inference on capable monitored capacity leaves training possible but not elevated,synthetic_latent_truth_plus_composite_rules,true,0.0011,4096.0,3522,0.83,0.94,0.0,0.0,4.09,3.24,0.0011,0.001,0.5783,inference,false,,,,,,38.71,63.2,0.2998,57.03,0.305,0.5895,0.7195,0.0,,,false,0.1064,0.0184,0.0,0.1251,0,0.02,0.087,0.0019,0.96,0.2205,4.4398,0.0,0.135,0.172,0.2198,0.668,0.292,0.3343,4,vllm_inference,0.6548,4,false,0.0,0.0,0.0,0.0,false,,,,false,false,0.98,0.0,true,0.98,0.01,25,0,false,false,,,,1.0,observed,1.0,observed,0.0,not_applicable,1.0,observed,0.0,routine_profiler_disabled,1.0,observed,1.0,observed,1.0,observed,1.0,observed,1.0,observed,1.0,observed,0.0,privacy_redacted,1.0,observed,1.0,observed,1.0,observed,0.0,not_scheduled,1.0,observed,valid,operator_signed,operator_signed,bms_meter,features-v0.1.0,policy-thresholds-v0.1.0,h100e-normalization-v0.1.0,sha256:7056484e99cf938e93c117f77e092901fb4592759d40d6e54451a93086d30b2b,false,false,false,none
feat_d9846ab514dd62cdc5b1a062,synthetic_v0_seed_20260510,20260510,site_a,linked_job_group,jobgrp_hmac_a60314b5d69a,2026-05-20T22:37:10Z,2026-05-21T22:37:10Z,86400,episode_underclocked_long_duration_training_00017,underclocked_long_duration_training,3,0.86,one strong primary layer plus semantic/supportive corroboration supports likely training,synthetic_latent_truth_plus_composite_rules,true,16.05,4096.0,3522,0.83,0.94,0.0,0.0,513.42,384.13,16.05,0.1253,0.86,unknown,true,,,,,,58.0,76.0,0.62,72.0,0.7,0.823,0.8309,0.0,,,false,0.4675,0.644,0.0,0.55,413,0.7,0.325,0.2888,0.96,0.38,4.4398,14544.4608,16.0054,0.1208,-0.0349,0.7482,0.4164,0.446,513,pytorch_distributed_training,0.852,513,true,0.0,0.481,0.6069,0.0,false,,,,false,false,0.98,0.0,true,0.98,0.01,65,0,false,false,,,,1.0,observed,1.0,observed,0.0,not_applicable,1.0,observed,0.0,routine_profiler_disabled,1.0,observed,1.0,observed,1.0,observed,1.0,observed,1.0,observed,1.0,observed,0.0,privacy_redacted,1.0,observed,1.0,observed,1.0,observed,0.0,not_scheduled,1.0,observed,valid,operator_signed,operator_signed,bms_meter,features-v0.1.0,policy-thresholds-v0.1.0,h100e-normalization-v0.1.0,sha256:98baa1c7748b940a3c768a1336863d88a688e3ac3c137642428c4372bd0229b2,false,false,false,training_primary_semantic
feat_0ff9a6f25fbb75fd95e07055,synthetic_v0_seed_20260510,20260510,site_c,topology_domain,fabricdom_hmac_8f408e3606,2026-05-21T01:47:01Z,2026-05-22T01:47:01Z,86400,episode_idle_00043,idle,0,0.95,capacity below policy threshold with strong coverage,synthetic_latent_truth_plus_composite_rules,false,0.0,384.0,276,0.9,0.66,0.0,0.0,0.0,0.0,0.0,0.0,0.0,none,false,,,,,,0.0,0.0,0.0,0.0,0.0,0.0,0.18,0.0,,,false,0.0,0.0,0.0,0.0,0,0.0,0.0,0.0,0.96,0.1827,0.5794,0.0,2.7721,0.1337,0.0,0.08,0.1,0.12,0,none,0.0,0,false,0.0,0.0,0.0,0.0,false,,,,false,false,0.98,0.0,true,0.98,0.01,66,0,false,false,,,,1.0,observed,1.0,observed,1.0,observed,1.0,observed,0.0,routine_profiler_disabled,1.0,observed,1.0,observed,1.0,observed,1.0,observed,1.0,observed,1.0,observed,0.0,privacy_redacted,1.0,observed,1.0,observed,1.0,observed,0.0,not_scheduled,1.0,observed,valid,auditor_reconciled,auditor_reconciled,bms_meter,features-v0.1.0,policy-thresholds-v0.1.0,h100e-normalization-v0.1.0,sha256:ab6e61b8a6557606e19ffefe57a6fa9dd5c3ff93b654a52e94cc79345d8aee62,false,false,false,none
feat_73f5ff27086f491e3eddb93e,synthetic_v0_seed_20260510,20260510,site_a,linked_job_group,jobgrp_hmac_0dfaaaccd189,2026-05-21T03:49:34Z,2026-05-22T03:49:34Z,86400,episode_pretraining_00058,pretraining,4,0.96,authenticated ML evidence crosses the policy compute threshold,synthetic_latent_truth_plus_composite_rules,true,24.2038,4096.0,3522,0.83,0.94,0.0,0.0,1559.61,190.7,24.2038,0.3808,0.8941,train,true,,,,,,85.79,94.79,0.8234,87.18,0.8833,1.0,0.9943,0.0,0.8283,0.5881,true,0.6497,0.6859,0.0,0.7643,1337,0.7456,0.341,0.4274,0.96,0.5015,4.4398,27491.0342,7.9458,0.0883,0.1229,0.8659,0.5112,0.531,1559,pytorch_distributed_training,0.8759,1559,true,109.04,1.215,0.7842,0.7415,true,160.68,3246.42,350713,true,true,0.98,0.0,true,0.98,0.01,6,0,false,false,,,,1.0,observed,1.0,observed,0.0,not_applicable,1.0,observed,0.4245,privacy_redacted,1.0,observed,1.0,observed,1.0,observed,1.0,observed,1.0,observed,1.0,observed,0.9092,delayed_log_delivery,1.0,observed,1.0,observed,1.0,observed,0.0,not_scheduled,1.0,observed,valid,operator_signed,operator_signed,bms_meter,features-v0.1.0,policy-thresholds-v0.1.0,h100e-normalization-v0.1.0,sha256:5832e856875fdcf767f044520ee573493b0ba857f2c9f8a462560644f19e4469,false,false,false,training_primary_semantic
feat_ccd23d3dd0c13d26a54b60f2,synthetic_v0_seed_20260510,20260510,site_c,topology_domain,fabricdom_hmac_9ecafe1317dd,2026-05-21T04:14:54Z,2026-05-22T04:14:54Z,86400,episode_large_etl_data_movement_00143,large_etl_data_movement,0,0.95,capacity below policy threshold with strong coverage,synthetic_latent_truth_plus_composite_rules,false,0.0261,384.0,276,0.9,0.66,0.0,0.0,7.65,41.93,0.0261,0.0199,0.25,data,false,,,,,417.47,22.0,48.0,0.08,12.0,0.28,0.178,0.5874,0.0,,,false,0.153,0.046,0.0,0.18,0,0.05,0.0975,0.0067,0.96,0.2275,0.5794,0.0,1.7471,0.2072,0.2158,0.5729,0.2974,0.3392,7,etl_data_pipeline,0.425,7,false,957.89,0.0,0.0,0.0,false,,,,false,false,0.98,0.0,true,0.98,0.01,58,0,false,false,,,,1.0,observed,1.0,observed,1.0,observed,1.0,observed,0.0,routine_profiler_disabled,1.0,observed,1.0,observed,1.0,observed,1.0,observed,1.0,observed,1.0,observed,0.0,privacy_redacted,1.0,observed,1.0,observed,1.0,observed,0.0,not_scheduled,1.0,observed,valid,auditor_reconciled,auditor_reconciled,bms_meter,features-v0.1.0,policy-thresholds-v0.1.0,h100e-normalization-v0.1.0,sha256:e386c4ebbbe8c3265188246c9da7be74d92154e387cbadc5ce9a1984b3d952a5,false,false,true,physical_only
feat_4ec2c6a68a0186291579ec10,synthetic_v0_seed_20260510,20260510,site_c,topology_domain,fabricdom_hmac_5ddf1fd7d45b,2026-05-21T05:28:43Z,2026-05-22T05:28:43Z,86400,episode_normal_inference_00085,normal_inference,0,0.95,capacity below policy threshold with strong coverage,synthetic_latent_truth_plus_composite_rules,false,0.067,384.0,276,0.9,0.66,0.0,0.0,9.55,86.21,0.067,0.0249,0.6956,inference,false,,,,,,42.41,60.23,0.1759,34.93,0.2324,0.3724,0.6937,0.0,,,false,0.116,0.0626,0.0,0.1365,0,0.068,0.1038,0.007,0.96,0.2317,0.5794,0.0,3.5921,0.1919,0.2144,0.6495,0.3007,0.3422,9,tensorrt_llm_serving,0.7369,9,false,0.0,0.0,0.0,0.0,false,,,,false,false,0.98,0.0,true,0.98,0.01,46,0,false,false,,,,1.0,observed,1.0,observed,1.0,observed,1.0,observed,0.0,routine_profiler_disabled,1.0,observed,1.0,observed,1.0,observed,1.0,observed,1.0,observed,1.0,observed,0.0,privacy_redacted,1.0,observed,1.0,observed,1.0,observed,0.0,not_scheduled,1.0,observed,valid,auditor_reconciled,auditor_reconciled,bms_meter,features-v0.1.0,policy-thresholds-v0.1.0,h100e-normalization-v0.1.0,sha256:e3398c74b1ceffd6e7efe8a99ce50c05b1fbe4b09882f5e1a8ae528c846ea3d1,false,false,false,none
feat_18432e801dde644a45f9be98,synthetic_v0_seed_20260510,20260510,site_b,linked_job_group,jobgrp_hmac_7e8e7c7d3a1c,2026-05-21T08:03:49Z,2026-05-22T08:03:49Z,86400,episode_pretraining_00041,pretraining,4,0.96,authenticated ML evidence crosses the policy compute threshold,synthetic_latent_truth_plus_composite_rules,true,36.1527,2048.0,1761,0.865,0.94,0.0,0.0,1738.26,255.57,36.1527,0.8488,0.8258,train,true,,,,,,87.83,96.83,0.7875,91.82,0.8727,1.0,1.0,0.0,0.7035,0.7874,true,0.699,0.6977,0.0,0.8223,1515,0.7584,0.3454,0.4677,0.96,0.8611,2.3099,32604.2907,10.6487,0.094,0.0123,0.87,0.7917,0.7828,1738,pytorch_distributed_training,0.8281,1738,true,571.68,1.299,0.8738,0.8734,true,213.47,1132.26,204967,true,true,0.98,0.0,true,0.98,0.01,35,0,false,false,,,,1.0,observed,1.0,observed,1.0,observed,1.0,observed,0.4993,privacy_redacted,1.0,observed,1.0,observed,1.0,observed,1.0,observed,1.0,observed,1.0,observed,0.8863,delayed_log_delivery,1.0,observed,1.0,observed,1.0,observed,0.0,not_scheduled,1.0,observed,valid,operator_signed,operator_signed,bms_meter,features-v0.1.0,policy-thresholds-v0.1.0,h100e-normalization-v0.1.0,sha256:e639be45182e858ab15c88e824416ec720867d5e83d582caf7ac1bf3a8d7ecc8,false,false,false,training_primary_semantic
feat_cb26d6f4a6d42eca9899b071,synthetic_v0_seed_20260510,20260510,site_b,topology_domain,fabricdom_hmac_18b746fc5c67,2026-05-21T09:20:01Z,2026-05-22T09:20:01Z,86400,episode_normal_inference_00050,normal_inference,1,0.78,routine inference on capable monitored capacity leaves training possible but not elevated,synthetic_latent_truth_plus_composite_rules,true,0.2457,2048.0,1761,0.865,0.94,0.0,0.0,61.14,49.38,0.2457,0.0299,0.3172,inference,false,,,,,,53.0,65.13,0.2624,33.99,0.5558,0.4449,0.7363,0.0,,,false,0.0527,0.0304,0.0,0.062,2,0.033,0.0916,0.0015,0.96,0.2352,2.3099,0.0,2.0575,0.178,0.2132,0.6801,0.3035,0.3446,61,tensorrt_llm_serving,0.472,61,false,0.0,0.0,0.0,0.0,false,,,,false,false,0.98,0.0,true,0.98,0.01,71,0,false,false,,,,1.0,observed,1.0,observed,1.0,observed,1.0,observed,0.0,routine_profiler_disabled,1.0,observed,1.0,observed,1.0,observed,1.0,observed,1.0,observed,1.0,observed,0.0,privacy_redacted,1.0,observed,1.0,observed,1.0,observed,0.0,not_scheduled,1.0,observed,valid,operator_signed,operator_signed,bms_meter,features-v0.1.0,policy-thresholds-v0.1.0,h100e-normalization-v0.1.0,sha256:514d80dbb874ec490390cb341b2671acd569e4ea5c97ea7d5c884829d609bd23,false,false,false,none
feat_7fe40181c03b193167f927b4,synthetic_v0_seed_20260510,20260510,site_c,topology_domain,fabricdom_hmac_1ed5d3bd098e,2026-05-21T09:32:06Z,2026-05-22T09:32:06Z,86400,episode_reserved_but_unused_capacity_00104,reserved_but_unused_capacity,0,0.95,capacity below policy threshold with strong coverage,synthetic_latent_truth_plus_composite_rules,false,3.7351,384.0,276,0.9,0.66,0.0,0.0,384.0,119.52,3.7351,1.0,0.86,reserved,true,,,,,,3.0,12.0,0.0,2.0,0.08,0.038,0.2743,0.0,,,false,0.0255,0.0,0.0,0.03,0,0.0,0.08,0.0,0.96,0.3165,0.5794,0.0,4.98,0.22,0.0393,0.3475,0.3646,0.3995,384,none,0.852,384,false,0.0,0.0,0.0,0.0,false,,,,false,false,0.98,0.0,true,0.98,0.01,67,0,false,false,,,,1.0,observed,1.0,observed,1.0,observed,1.0,observed,0.0,routine_profiler_disabled,1.0,observed,1.0,observed,1.0,observed,1.0,observed,1.0,observed,1.0,observed,0.0,privacy_redacted,1.0,observed,1.0,observed,1.0,observed,0.0,not_scheduled,1.0,observed,valid,auditor_reconciled,auditor_reconciled,bms_meter,features-v0.1.0,policy-thresholds-v0.1.0,h100e-normalization-v0.1.0,sha256:bb9cc2e06eb6d4e54ae0c3391038125b1af4a457bae5d3853c331d095357954f,true,false,false,capacity_only
feat_f333fc8d23f923e333ee4d0c,synthetic_v0_seed_20260510,20260510,site_a,linked_job_group,jobgrp_hmac_155a31867ac6,2026-05-21T10:05:26Z,2026-05-22T10:05:26Z,86400,episode_adversarial_fragmented_training_00192,adversarial_fragmented_training,2,0.78,fragmented sub-threshold activity is elevated until jobs/accounts are linked,synthetic_latent_truth_plus_composite_rules,true,2.0851,4096.0,3522,0.83,0.94,0.0,0.3337,433.53,59.1,2.0851,0.1058,0.42,unknown,false,,,,,,76.0,91.0,0.78,86.0,0.74,0.959,0.9613,0.0,,,false,0.408,0.506,0.0,0.48,274,0.55,0.2725,0.198,0.96,0.45,4.4398,22003.392,2.4625,0.0952,0.3483,0.8421,0.471,0.495,433,pytorch_distributed_training,0.544,433,true,0.0,0.713,0.6745,0.0,false,,,,false,false,0.98,0.0,true,0.98,0.01,52,0,false,false,,,,1.0,observed,1.0,observed,0.0,not_applicable,1.0,observed,0.0,routine_profiler_disabled,1.0,observed,1.0,observed,1.0,observed,1.0,observed,1.0,observed,1.0,observed,0.0,privacy_redacted,1.0,observed,1.0,observed,1.0,observed,0.0,not_scheduled,1.0,observed,valid,operator_signed,operator_signed,bms_meter,features-v0.1.0,policy-thresholds-v0.1.0,h100e-normalization-v0.1.0,sha256:24bc20f1d0e4f290a09342e801449ac0ae0c99be65abaa5bd30f24c2c41c7ee8,false,false,false,training_fragmented
feat_15328c5b5f2c39c88b0e6fc5,synthetic_v0_seed_20260510,20260510,site_a,linked_job_group,jobgrp_hmac_225bd3642128,2026-05-21T10:43:00Z,2026-05-22T10:43:00Z,86400,episode_counter_suppressed_candidate_window_00019,counter_suppressed_candidate_window,2,0.74,one primary layer is materially elevated,synthetic_latent_truth_plus_composite_rules,true,7.8746,4096.0,3522,0.83,0.94,0.0,0.0,810.53,119.38,7.8746,0.1979,0.88,unknown,true,,,,,,,,,,,,,0.0,,,false,0.578,0.6624,0.0,0.68,671,0.72,0.332,0.3672,0.96,0.8325,4.4398,62761.1232,4.9742,0.22,0.4279,0.2724,0.2916,0.334,810,unknown_cc_mode,0.866,810,true,0.0,0.0,0.0,0.0,false,,,,false,false,0.98,0.7981,true,0.1014,0.8986,49,0,false,false,0.5524,1.5592,0.6957,1.0,observed,1.0,observed,0.0,not_applicable,0.1014,counter_disabled_by_cc_mode,0.0,routine_profiler_disabled,1.0,observed,1.0,observed,1.0,observed,1.0,observed,1.0,observed,1.0,observed,0.0,privacy_redacted,1.0,observed,1.0,observed,1.0,observed,1.0,observed,1.0,observed,valid,operator_signed,operator_signed,bms_meter,features-v0.1.0,policy-thresholds-v0.1.0,h100e-normalization-v0.1.0,sha256:9c3645a9461dd34cce9b4fb71ece955d8d34630728be27319e9d2eedf5d99b4a,false,false,false,training_suppressed_counters
feat_02f4b3c2e4876f8a8df0dd03,synthetic_v0_seed_20260510,20260510,site_c,topology_domain,fabricdom_hmac_c232579f245d,2026-05-21T11:24:47Z,2026-05-22T11:24:47Z,86400,episode_normal_inference_00059,normal_inference,0,0.95,capacity below policy threshold with strong coverage,synthetic_latent_truth_plus_composite_rules,false,0.0456,384.0,276,0.9,0.66,0.0,0.0,16.98,33.03,0.0456,0.0442,0.5925,inference,false,,,,,,42.55,62.52,0.1454,34.94,0.2367,0.3736,0.7137,0.0,,,false,0.1291,0.0715,0.0,0.1519,1,0.0777,0.1072,0.0088,0.96,0.2416,0.5794,0.0,1.3762,0.1967,0.2101,0.6639,0.3084,0.3491,16,ray_batch_inference,0.6647,16,false,0.0,0.0,0.0,0.0,false,,,,false,false,0.98,0.0,true,0.98,0.01,57,0,false,false,,,,1.0,observed,1.0,observed,1.0,observed,1.0,observed,0.0,routine_profiler_disabled,1.0,observed,1.0,observed,1.0,observed,1.0,observed,1.0,observed,1.0,observed,0.0,privacy_redacted,1.0,observed,1.0,observed,1.0,observed,0.0,not_scheduled,1.0,observed,valid,auditor_reconciled,auditor_reconciled,bms_meter,features-v0.1.0,policy-thresholds-v0.1.0,h100e-normalization-v0.1.0,sha256:09c7b6837af1072d67b48a7641b68a28c5f7d0b1ab2666558c79693cf635f5f1,false,false,false,none
feat_f0914bb44508964174cfcb04,synthetic_v0_seed_20260510,20260510,site_c,topology_domain,fabricdom_hmac_8f408e3606,2026-05-21T11:50:02Z,2026-05-22T11:50:02Z,86400,episode_idle_00108,idle,0,0.95,capacity below policy threshold with strong coverage,synthetic_latent_truth_plus_composite_rules,false,0.0,384.0,276,0.9,0.66,0.0,0.0,0.0,0.0,0.0,0.0,0.0,none,false,,,,,,0.0,0.0,0.0,0.0,0.0,0.0,0.18,0.0,,,false,0.0,0.0,0.0,0.0,0,0.0,0.0,0.0,0.96,0.2303,0.5794,0.0,0.3258,0.1754,0.0,0.08,0.1,0.12,0,none,0.0,0,false,0.0,0.0,0.0,0.0,false,,,,false,false,0.98,0.0,true,0.98,0.01,35,0,false,false,,,,1.0,observed,1.0,observed,1.0,observed,1.0,observed,0.0,routine_profiler_disabled,1.0,observed,1.0,observed,1.0,observed,1.0,observed,1.0,observed,1.0,observed,0.0,privacy_redacted,1.0,observed,1.0,observed,1.0,observed,0.0,not_scheduled,1.0,observed,valid,auditor_reconciled,auditor_reconciled,bms_meter,features-v0.1.0,policy-thresholds-v0.1.0,h100e-normalization-v0.1.0,sha256:485f92ce0131fceaf01366210ba23baa441f4bb97f5b46cc16c2efaa02787ff0,false,false,false,none
feat_3096b92fba89a0ebdf9fbffa,synthetic_v0_seed_20260510,20260510,site_c,linked_job_group,jobgrp_hmac_294002b1d853,2026-05-21T13:35:18Z,2026-05-22T13:35:18Z,86400,episode_small_fine_tune_00114,small_fine_tune,0,0.95,capacity below policy threshold with strong coverage,synthetic_latent_truth_plus_composite_rules,false,0.0122,384.0,276,0.9,0.66,0.0,0.0,71.99,2.09,0.0122,0.1875,0.82,fine_tune,false,,,,,,68.0,89.0,0.7,78.0,0.68,0.872,0.9439,0.0,,,false,0.272,0.4784,0.0,0.32,43,0.52,0.262,0.1248,0.96,0.45,0.5794,0.0,0.0871,0.108,0.273,0.8296,0.471,0.495,71,pytorch_distributed_training,0.824,71,true,0.0,0.104,0.48,0.0,false,3.94,2.74,3640,true,true,0.98,0.0,true,0.98,0.01,47,0,false,false,,,,1.0,observed,1.0,observed,1.0,observed,1.0,observed,0.0,routine_profiler_disabled,1.0,observed,1.0,observed,1.0,observed,1.0,observed,1.0,observed,1.0,observed,0.55,delayed_log_delivery,1.0,observed,1.0,observed,1.0,observed,0.0,not_scheduled,1.0,observed,valid,auditor_reconciled,auditor_reconciled,bms_meter,features-v0.1.0,policy-thresholds-v0.1.0,h100e-normalization-v0.1.0,sha256:3024369a1335c31021a5a1ddc967560ca45256527e90cd9b3cbf63f71e015a13,false,false,false,none
feat_10c333a40b8d713f9d19bd89,synthetic_v0_seed_20260510,20260510,site_b,linked_job_group,jobgrp_hmac_d4bd284e42dc,2026-05-21T14:02:16Z,2026-05-22T14:02:16Z,86400,episode_large_fine_tune_00147,large_fine_tune,3,0.89,two independent primary layers plus corroboration support likely training,synthetic_latent_truth_plus_composite_rules,true,8.6985,2048.0,1761,0.865,0.94,0.0,0.0,815.89,131.01,8.6985,0.3984,0.9686,train,true,,,,,,84.23,93.23,0.8883,88.93,0.7472,0.9872,0.9807,0.0,,,false,0.7509,0.6786,0.0,0.8834,692,0.7376,0.3382,0.4887,0.96,0.5097,2.3099,13123.3494,5.4587,0.0779,0.119,0.8561,0.5176,0.5368,815,pytorch_distributed_training,0.928,815,true,203.75,0.53,0.9141,0.7731,false,,,,false,false,0.98,0.0,true,0.98,0.01,46,0,false,false,,,,1.0,observed,1.0,observed,1.0,observed,1.0,observed,0.0,routine_profiler_disabled,1.0,observed,1.0,observed,1.0,observed,1.0,observed,1.0,observed,1.0,observed,0.0,privacy_redacted,1.0,observed,1.0,observed,1.0,observed,0.0,not_scheduled,1.0,observed,valid,operator_signed,operator_signed,bms_meter,features-v0.1.0,policy-thresholds-v0.1.0,h100e-normalization-v0.1.0,sha256:c5c22151b18487d883b89d1270acb2833c3ce4725dd9ada73bbb74cdc4338cae,false,false,false,training_primary_semantic
feat_02e3a841d230eb60f70a662f,synthetic_v0_seed_20260510,20260510,site_a,linked_job_group,jobgrp_hmac_322d92d40f6e,2026-05-21T16:30:40Z,2026-05-22T16:30:40Z,86400,episode_adversarial_fragmented_training_00105,adversarial_fragmented_training,2,0.78,fragmented sub-threshold activity is elevated until jobs/accounts are linked,synthetic_latent_truth_plus_composite_rules,true,3.6776,4096.0,3522,0.83,0.94,0.0,0.4277,258.69,174.69,3.6776,0.0632,0.42,unknown,false,,,,,,76.0,91.0,0.78,86.0,0.74,0.959,0.9613,0.0,,,false,0.408,0.506,0.0,0.48,163,0.55,0.2725,0.198,0.96,0.45,4.4398,22003.392,7.2787,0.0952,0.3892,0.8421,0.471,0.495,258,pytorch_distributed_training,0.544,258,true,0.0,0.485,0.5608,0.0,false,,,,false,false,0.98,0.0,true,0.98,0.01,70,0,false,false,,,,1.0,observed,1.0,observed,0.0,not_applicable,1.0,observed,0.0,routine_profiler_disabled,1.0,observed,1.0,observed,1.0,observed,1.0,observed,1.0,observed,1.0,observed,0.0,privacy_redacted,1.0,observed,1.0,observed,1.0,observed,0.0,not_scheduled,1.0,observed,valid,operator_signed,operator_signed,bms_meter,features-v0.1.0,policy-thresholds-v0.1.0,h100e-normalization-v0.1.0,sha256:463bc5fb429d7e3f1f7f8b0abc61b1f9bb79ae016e0f0e6500708457667cf8ff,false,false,false,training_fragmented
feat_bb18a37a86705ebd0a7d05a9,synthetic_v0_seed_20260510,20260510,site_b,linked_job_group,jobgrp_hmac_23ab5de0b7e3,2026-05-21T16:34:51Z,2026-05-22T16:34:51Z,86400,episode_counter_suppressed_candidate_window_00093,counter_suppressed_candidate_window,2,0.74,one primary layer is materially elevated,synthetic_latent_truth_plus_composite_rules,true,1.6163,2048.0,1761,0.865,0.94,0.0,0.0,543.97,36.51,1.6163,0.2656,0.88,unknown,true,,,,,,,,,,,,,0.0,,,false,0.578,0.6624,0.0,0.68,450,0.72,0.332,0.3672,0.96,0.7919,2.3099,28767.9756,1.5212,0.22,0.3452,0.2724,0.2916,0.334,543,unknown_cc_mode,0.866,543,true,0.0,0.0,0.0,0.0,false,,,,false,false,0.98,0.9122,true,0.0685,0.9315,42,0,false,false,0.4856,1.5916,0.3486,1.0,observed,1.0,observed,1.0,observed,0.0685,counter_disabled_by_cc_mode,0.0,routine_profiler_disabled,1.0,observed,1.0,observed,1.0,observed,1.0,observed,1.0,observed,1.0,observed,0.0,privacy_redacted,1.0,observed,1.0,observed,1.0,observed,1.0,observed,1.0,observed,valid,operator_signed,operator_signed,bms_meter,features-v0.1.0,policy-thresholds-v0.1.0,h100e-normalization-v0.1.0,sha256:3249a4d520c649c230826c4240d240ef6c182376e4d30327bcadb52b2a2f62d4,false,false,false,training_suppressed_counters
feat_da722ad0fdd376883f7a8f9d,synthetic_v0_seed_20260510,20260510,site_c,topology_domain,fabricdom_hmac_da7f9486c9cc,2026-05-21T16:46:19Z,2026-05-22T16:46:19Z,86400,episode_nccl_benchmark_00196,nccl_benchmark,0,0.95,capacity below policy threshold with strong coverage,synthetic_latent_truth_plus_composite_rules,false,0.0124,384.0,276,0.9,0.66,0.0,0.0,74.42,2.05,0.0124,0.1938,0.92,benchmark,false,,,,,,58.0,96.0,0.52,84.0,0.4,0.856,1.0,0.0,0.5209,0.5055,true,0.782,0.7912,0.0,0.92,66,0.86,0.381,0.5934,0.96,0.45,0.5794,0.0,0.0854,0.1368,0.2562,0.87,0.471,0.495,74,nccl_benchmark,0.894,74,true,0.0,0.0,0.0,0.0,false,,,,false,false,0.98,0.0,true,0.98,0.01,51,0,false,false,,,,1.0,observed,1.0,observed,1.0,observed,1.0,observed,0.3723,privacy_redacted,1.0,observed,1.0,observed,1.0,observed,1.0,observed,1.0,observed,1.0,observed,0.0,privacy_redacted,1.0,observed,1.0,observed,1.0,observed,0.0,not_scheduled,1.0,observed,valid,auditor_reconciled,auditor_reconciled,bms_meter,features-v0.1.0,policy-thresholds-v0.1.0,h100e-normalization-v0.1.0,sha256:e3749c0e5b77f7afd851aa3fa454e30f70069dd2426be2f85fbac9ff7360f03e,false,false,false,false_positive_primary
feat_0315ce85ff4a9a4453d614c9,synthetic_v0_seed_20260510,20260510,site_b,linked_job_group,jobgrp_hmac_772e33f4cb94,2026-05-21T16:56:24Z,2026-05-22T16:56:24Z,86400,episode_underclocked_long_duration_training_00110,underclocked_long_duration_training,3,0.86,one strong primary layer plus semantic/supportive corroboration supports likely training,synthetic_latent_truth_plus_composite_rules,true,39.3635,2048.0,1761,0.865,0.94,0.0,0.0,1952.09,247.79,39.3635,0.9532,0.86,unknown,true,,,,,,58.0,76.0,0.62,72.0,0.7,0.823,0.8309,0.0,,,false,0.4675,0.644,0.0,0.55,1571,0.7,0.325,0.2888,0.96,0.785,2.3099,28385.4528,10.3246,0.1208,-0.0312,0.7482,0.7323,0.7295,1952,pytorch_distributed_training,0.852,1952,true,0.0,1.084,0.7672,0.0,false,,,,false,false,0.98,0.0,true,0.98,0.01,73,0,false,false,,,,1.0,observed,1.0,observed,1.0,observed,1.0,observed,0.0,routine_profiler_disabled,1.0,observed,1.0,observed,1.0,observed,1.0,observed,1.0,observed,1.0,observed,0.0,privacy_redacted,1.0,observed,1.0,observed,1.0,observed,0.0,not_scheduled,1.0,observed,valid,operator_signed,operator_signed,bms_meter,features-v0.1.0,policy-thresholds-v0.1.0,h100e-normalization-v0.1.0,sha256:2e738e1dfa483a603ff9fd0c0eff9a289b20a59d2a7378b7b7936fb9f2364454,false,false,false,training_primary_semantic
feat_7f079b41f0861ab98121e723,synthetic_v0_seed_20260510,20260510,site_b,linked_job_group,jobgrp_hmac_4a4e4d6b8eda,2026-05-21T17:39:41Z,2026-05-22T17:39:41Z,86400,episode_large_fine_tune_00047,large_fine_tune,4,0.96,authenticated ML evidence crosses the policy compute threshold,synthetic_latent_truth_plus_composite_rules,true,7.7334,2048.0,1761,0.865,0.94,0.0,0.0,1401.91,67.78,7.7334,0.6845,0.8782,train,true,,,,,,81.27,90.27,0.8531,87.27,0.8498,0.9979,0.9549,0.0,0.6728,0.7419,true,0.7325,0.8497,0.0,0.8617,1261,0.9235,0.4032,0.5969,0.96,0.702,2.3099,23784.0922,2.8242,0.0835,0.0484,0.8375,0.6676,0.6714,1401,pytorch_distributed_training,0.8647,1401,true,667.78,2.161,0.6205,0.7402,true,120.16,4272.95,163539,true,true,0.98,0.0,true,0.98,0.01,3,0,false,false,,,,1.0,observed,1.0,observed,1.0,observed,1.0,observed,0.5321,privacy_redacted,1.0,observed,1.0,observed,1.0,observed,1.0,observed,1.0,observed,1.0,observed,0.8572,delayed_log_delivery,1.0,observed,1.0,observed,1.0,observed,0.0,not_scheduled,1.0,observed,valid,operator_signed,operator_signed,bms_meter,features-v0.1.0,policy-thresholds-v0.1.0,h100e-normalization-v0.1.0,sha256:2dda5ee8f700d54e0503b8f16e1906359cd82a8037fbae0eef219557840c5395,false,false,false,training_primary_semantic
feat_140da88a5dee82cb331c0a01,synthetic_v0_seed_20260510,20260510,site_c,topology_domain,fabricdom_hmac_49e20f3493d6,2026-05-21T18:51:47Z,2026-05-22T18:51:47Z,86400,episode_reserved_but_unused_capacity_00126,reserved_but_unused_capacity,0,0.95,capacity below policy threshold with strong coverage,synthetic_latent_truth_plus_composite_rules,false,7.148,384.0,276,0.9,0.66,0.0,0.0,384.0,228.74,7.148,1.0,0.86,reserved,true,,,,,,3.0,12.0,0.0,2.0,0.08,0.038,0.2743,0.0,,,false,0.0255,0.0,0.0,0.03,0,0.0,0.08,0.0,0.96,0.2856,0.5794,0.0,9.5308,0.22,0.0393,0.3475,0.3646,0.3995,384,none,0.852,384,false,0.0,0.0,0.0,0.0,false,,,,false,false,0.98,0.0,true,0.98,0.01,39,0,false,false,,,,1.0,observed,1.0,observed,1.0,observed,1.0,observed,0.0,routine_profiler_disabled,1.0,observed,1.0,observed,1.0,observed,1.0,observed,1.0,observed,1.0,observed,0.0,privacy_redacted,1.0,observed,1.0,observed,1.0,observed,0.0,not_scheduled,1.0,observed,valid,auditor_reconciled,auditor_reconciled,bms_meter,features-v0.1.0,policy-thresholds-v0.1.0,h100e-normalization-v0.1.0,sha256:eea1e085936c5ac0e625aa85c614171d754a4ff0e8723141ce04ecc850bf604a,true,false,false,capacity_only
feat_bba2f0f5955571d575a6c8f9,synthetic_v0_seed_20260510,20260510,site_b,linked_job_group,jobgrp_hmac_93f6692f0629,2026-05-21T20:10:10Z,2026-05-22T20:10:10Z,86400,episode_pretraining_00036,pretraining,4,0.96,authenticated ML evidence crosses the policy compute threshold,synthetic_latent_truth_plus_composite_rules,true,34.5827,2048.0,1761,0.865,0.94,0.0,0.0,1707.66,248.85,34.5827,0.8338,0.9635,train,true,,,,,,83.17,92.17,0.8607,86.4,0.7228,0.9583,0.9715,0.0,,,false,0.6453,0.7728,0.0,0.7591,1536,0.84,0.374,0.4783,0.96,0.8195,2.3099,30298.0666,10.3688,0.0823,0.0095,0.8495,0.7592,0.7536,1707,pytorch_distributed_training,0.9244,1707,true,447.7,1.141,0.78,0.626,true,69.65,776.36,208032,true,true,0.98,0.0,true,0.98,0.01,41,0,false,false,,,,1.0,observed,1.0,observed,1.0,observed,1.0,observed,0.0,routine_profiler_disabled,1.0,observed,1.0,observed,1.0,observed,1.0,observed,1.0,observed,1.0,observed,0.6942,delayed_log_delivery,1.0,observed,1.0,observed,1.0,observed,0.0,not_scheduled,1.0,observed,valid,operator_signed,operator_signed,bms_meter,features-v0.1.0,policy-thresholds-v0.1.0,h100e-normalization-v0.1.0,sha256:78f771fa936a35969f89272c35578820e98de5127ede19920bdd2f5fffc1de4c,false,false,false,training_primary_semantic
feat_7e6823149d1590ea14cab020,synthetic_v0_seed_20260510,20260510,site_a,topology_domain,fabricdom_hmac_e583d3d368,2026-05-21T21:03:03Z,2026-05-22T21:03:03Z,86400,episode_idle_00130,idle,0,0.94,idle window has strong critical-layer coverage,synthetic_latent_truth_plus_composite_rules,true,0.0,4096.0,3522,0.83,0.94,0.0,0.0,0.0,0.0,0.0,0.0,0.0,none,false,,,,,,0.0,0.0,0.0,0.0,0.0,0.0,0.18,0.0,,,false,0.0,0.0,0.0,0.0,0,0.0,0.0,0.0,0.96,0.2644,4.4398,2226.5687,1.8875,0.1743,0.0,0.08,0.1,0.12,0,none,0.0,0,false,0.0,0.0,0.0,0.0,false,,,,false,false,0.98,0.0,true,0.98,0.01,74,0,false,false,,,,1.0,observed,1.0,observed,0.0,not_applicable,1.0,observed,0.0,routine_profiler_disabled,1.0,observed,1.0,observed,1.0,observed,1.0,observed,1.0,observed,1.0,observed,0.0,privacy_redacted,1.0,observed,1.0,observed,1.0,observed,0.0,not_scheduled,1.0,observed,valid,operator_signed,operator_signed,bms_meter,features-v0.1.0,policy-thresholds-v0.1.0,h100e-normalization-v0.1.0,sha256:f018fa510498c310199858c18bf3a60fd8f42adca2009d5a9170746ee63f853f,false,false,false,none
feat_143f9ef7033b20d1f84a47ca,synthetic_v0_seed_20260510,20260510,site_b,linked_job_group,jobgrp_hmac_ae666d3df7c1,2026-05-21T22:48:29Z,2026-05-22T22:48:29Z,86400,episode_cloud_reservation_used_for_training_00031,cloud_reservation_used_for_training,3,0.89,two independent primary layers plus corroboration support likely training,synthetic_latent_truth_plus_composite_rules,true,34.3848,2048.0,1761,0.865,0.94,0.0,0.0,1701.81,248.28,34.3848,0.831,0.8612,train,true,1701,248.28,0.8678,0.9366,65.67,89.48,98.0,0.8279,90.93,0.8386,1.0,1.0,0.0,,,false,0.582,0.7702,0.0,0.6847,1531,0.8372,0.373,0.4299,0.96,0.8552,2.3099,32277.206,10.345,0.0875,0.0242,0.87,0.7871,0.7786,1701,pytorch_distributed_training,0.8528,1701,true,546.27,1.286,0.7501,0.7451,false,51.86,3028.31,510703,true,true,0.98,0.0,true,0.98,0.01,5,0,false,false,,,,1.0,observed,1.0,observed,1.0,observed,1.0,observed,0.0,routine_profiler_disabled,1.0,observed,1.0,observed,1.0,observed,1.0,observed,1.0,observed,1.0,observed,0.8007,delayed_log_delivery,1.0,observed,1.0,observed,1.0,observed,0.0,not_scheduled,1.0,observed,valid,operator_signed,operator_signed,bms_meter,features-v0.1.0,policy-thresholds-v0.1.0,h100e-normalization-v0.1.0,sha256:87c6d968198176d81009cdee13ebb5067010fcdc7fc30dca41b3ca11fb2f1587,false,false,false,training_primary_semantic
feat_18d7d582c8c16d2c724fc73d,synthetic_v0_seed_20260510,20260510,site_c,topology_domain,fabricdom_hmac_8f408e3606,2026-05-22T01:21:32Z,2026-05-23T01:21:32Z,86400,episode_maintenance_window_00076,maintenance_window,1,0.63,"capacity below threshold, but coverage is not strong enough for negative certification",synthetic_latent_truth_plus_composite_rules,false,0.0,384.0,276,0.9,0.66,0.0,0.0,0.0,2.5896,0.0,0.0,0.0,none,false,,,,,,0.0,0.0,0.0,0.0,0.0,0.0,0.18,0.0,,,false,0.0,0.0,0.0,0.0,0,0.0,0.0,0.0,0.96,0.2,0.5794,0.0,0.1079,0.18,0.0,0.08,0.1,0.12,0,none,0.0,0,false,0.0,0.0,0.0,0.0,false,,,,false,false,0.98,0.0,true,0.4966,0.5034,47,2,false,true,,,,1.0,observed,1.0,observed,1.0,observed,0.4966,collector_gap,0.0,routine_profiler_disabled,1.0,observed,0.4966,collector_gap,1.0,observed,1.0,observed,1.0,observed,1.0,observed,0.0,privacy_redacted,1.0,observed,0.4966,collector_gap,1.0,observed,0.0,not_scheduled,1.0,observed,valid,auditor_reconciled,auditor_reconciled,bms_meter,features-v0.1.0,policy-thresholds-v0.1.0,h100e-normalization-v0.1.0,sha256:5d6e24e9abb23cef1590ea9eb33b944aded60a3d6b06bfa8ee7a7da91b0b813e,false,true,false,integrity_only
feat_dfe49b964c211afa3e7f37cb,synthetic_v0_seed_20260510,20260510,site_a,linked_job_group,jobgrp_hmac_a623fd1eb469,2026-05-22T02:38:08Z,2026-05-23T02:38:08Z,86400,episode_underclocked_long_duration_training_00190,underclocked_long_duration_training,3,0.86,one strong primary layer plus semantic/supportive corroboration supports likely training,synthetic_latent_truth_plus_composite_rules,true,15.872,4096.0,3522,0.83,0.94,0.0,0.0,811.83,240.24,15.872,0.1982,0.86,unknown,true,,,,,,58.0,76.0,0.62,72.0,0.7,0.823,0.8309,0.0,,,false,0.4675,0.644,0.0,0.55,653,0.7,0.325,0.2888,0.96,0.38,4.4398,14544.4608,10.01,0.1208,-0.0775,0.7482,0.4164,0.446,811,pytorch_distributed_training,0.852,811,true,0.0,0.299,0.7385,0.0,false,,,,false,false,0.98,0.0,true,0.98,0.01,6,0,false,false,,,,1.0,observed,1.0,observed,0.0,not_applicable,1.0,observed,0.0,routine_profiler_disabled,1.0,observed,1.0,observed,1.0,observed,1.0,observed,1.0,observed,1.0,observed,0.0,privacy_redacted,1.0,observed,1.0,observed,1.0,observed,0.0,not_scheduled,1.0,observed,valid,operator_signed,operator_signed,bms_meter,features-v0.1.0,policy-thresholds-v0.1.0,h100e-normalization-v0.1.0,sha256:4ba1ab4f91b4d49662e92237f43725420fc0a97a27ba2047756d4116fcc73b4b,false,false,false,training_primary_semantic
feat_ff1441ee73cc19f61e9b0221,synthetic_v0_seed_20260510,20260510,site_a,linked_job_group,jobgrp_hmac_0dfaaaccd189,2026-05-22T03:49:34Z,2026-05-23T03:49:34Z,86400,episode_pretraining_00058,pretraining,4,0.96,authenticated ML evidence crosses the policy compute threshold,synthetic_latent_truth_plus_composite_rules,true,24.2038,4096.0,3522,0.83,0.94,0.0,0.0,1559.61,190.7,24.2038,0.3808,0.8941,train,true,,,,,,85.79,94.79,0.8234,87.18,0.8833,1.0,0.9943,0.0,0.8283,0.5881,true,0.6497,0.6859,0.0,0.7643,1337,0.7456,0.341,0.4274,0.96,0.5015,4.4398,27491.0342,7.9458,0.0883,0.1229,0.8659,0.5112,0.531,1559,pytorch_distributed_training,0.8759,1559,true,109.04,1.215,0.7842,0.7415,true,160.68,3246.42,350713,true,true,0.98,0.0,true,0.98,0.01,6,0,false,false,,,,1.0,observed,1.0,observed,0.0,not_applicable,1.0,observed,0.4245,privacy_redacted,1.0,observed,1.0,observed,1.0,observed,1.0,observed,1.0,observed,1.0,observed,0.9092,delayed_log_delivery,1.0,observed,1.0,observed,1.0,observed,0.0,not_scheduled,1.0,observed,valid,operator_signed,operator_signed,bms_meter,features-v0.1.0,policy-thresholds-v0.1.0,h100e-normalization-v0.1.0,sha256:1d4218792a772b533019e71a7136a8c26bf50d779f1e0e8e806fe901564bfa75,false,false,false,training_primary_semantic
feat_9ac35ed38c25e8d18a50403c,synthetic_v0_seed_20260510,20260510,site_c,topology_domain,fabricdom_hmac_5fe3ffca96cb,2026-05-22T04:47:39Z,2026-05-23T04:47:39Z,86400,episode_normal_inference_00014,normal_inference,0,0.95,capacity below policy threshold with strong coverage,synthetic_latent_truth_plus_composite_rules,false,0.0088,384.0,276,0.9,0.66,0.0,0.0,4.03,26.83,0.0088,0.0105,0.3995,inference,false,,,,,,24.68,53.92,0.2945,45.49,0.3618,0.4999,0.6389,0.0,,,false,0.1001,0.0662,0.0,0.1178,0,0.072,0.1052,0.0064,0.96,0.2244,0.5794,0.0,1.1179,0.1729,0.2177,0.61,0.295,0.3371,4,vllm_inference,0.5296,4,false,0.0,0.0,0.0,0.0,false,,,,false,false,0.98,0.0,true,0.98,0.01,37,0,false,false,,,,1.0,observed,1.0,observed,1.0,observed,1.0,observed,0.0,routine_profiler_disabled,1.0,observed,1.0,observed,1.0,observed,1.0,observed,1.0,observed,1.0,observed,0.0,privacy_redacted,1.0,observed,1.0,observed,1.0,observed,0.0,not_scheduled,1.0,observed,valid,auditor_reconciled,auditor_reconciled,bms_meter,features-v0.1.0,policy-thresholds-v0.1.0,h100e-normalization-v0.1.0,sha256:914668c42c8a1e26c2db0418f4c85593e8df4bbf58400392a270be79da522527,false,false,false,none
feat_67f26f090998320b8521b9f9,synthetic_v0_seed_20260510,20260510,site_c,topology_domain,fabricdom_hmac_5ddf1fd7d45b,2026-05-22T05:28:43Z,2026-05-23T05:28:43Z,86400,episode_normal_inference_00085,normal_inference,0,0.95,capacity below policy threshold with strong coverage,synthetic_latent_truth_plus_composite_rules,false,0.067,384.0,276,0.9,0.66,0.0,0.0,9.55,86.21,0.067,0.0249,0.6956,inference,false,,,,,,42.41,60.23,0.1759,34.93,0.2324,0.3724,0.6937,0.0,,,false,0.116,0.0626,0.0,0.1365,0,0.068,0.1038,0.007,0.96,0.2317,0.5794,0.0,3.5921,0.1919,0.2144,0.6495,0.3007,0.3422,9,tensorrt_llm_serving,0.7369,9,false,0.0,0.0,0.0,0.0,false,,,,false,false,0.98,0.0,true,0.98,0.01,46,0,false,false,,,,1.0,observed,1.0,observed,1.0,observed,1.0,observed,0.0,routine_profiler_disabled,1.0,observed,1.0,observed,1.0,observed,1.0,observed,1.0,observed,1.0,observed,0.0,privacy_redacted,1.0,observed,1.0,observed,1.0,observed,0.0,not_scheduled,1.0,observed,valid,auditor_reconciled,auditor_reconciled,bms_meter,features-v0.1.0,policy-thresholds-v0.1.0,h100e-normalization-v0.1.0,sha256:d87f38a3665e34bcbe1292e4bcb50ce90089e3cc36d0265b527752c0e9582846,false,false,false,none
feat_9ab4404ec1ee8a5a47ddb6ec,synthetic_v0_seed_20260510,20260510,site_b,topology_domain,fabricdom_hmac_1f209b255a56,2026-05-22T06:41:50Z,2026-05-23T06:41:50Z,86400,episode_reserved_but_unused_capacity_00174,reserved_but_unused_capacity,1,0.82,capacity-only evidence is capped at training possible,synthetic_latent_truth_plus_composite_rules,true,2.2591,2048.0,1761,0.865,0.94,0.0,0.0,1080.85,25.68,2.2591,0.5278,0.86,reserved,true,,,,,,3.0,12.0,0.0,2.0,0.08,0.038,0.2743,0.0,,,false,0.0255,0.0,0.0,0.03,0,0.0,0.08,0.0,0.96,0.1994,2.3099,0.0,1.07,0.22,0.1246,0.3475,0.3301,0.3686,1080,none,0.852,1080,false,0.0,0.0,0.0,0.0,false,,,,false,false,0.98,0.0,true,0.98,0.01,71,0,false,false,,,,1.0,observed,1.0,observed,1.0,observed,1.0,observed,0.0,routine_profiler_disabled,1.0,observed,1.0,observed,1.0,observed,1.0,observed,1.0,observed,1.0,observed,0.0,privacy_redacted,1.0,observed,1.0,observed,1.0,observed,0.0,not_scheduled,1.0,observed,valid,operator_signed,operator_signed,bms_meter,features-v0.1.0,policy-thresholds-v0.1.0,h100e-normalization-v0.1.0,sha256:8c2220178ad485ad67d7f3b8e9ffa645f6d0129a834ed459ee61e57ab637a215,true,false,false,capacity_only
feat_9280ea315b86fbdf324a1399,synthetic_v0_seed_20260510,20260510,site_b,topology_domain,fabricdom_hmac_18b746fc5c67,2026-05-22T09:20:01Z,2026-05-23T09:20:01Z,86400,episode_normal_inference_00050,normal_inference,1,0.78,routine inference on capable monitored capacity leaves training possible but not elevated,synthetic_latent_truth_plus_composite_rules,true,0.2457,2048.0,1761,0.865,0.94,0.0,0.0,61.14,49.38,0.2457,0.0299,0.3172,inference,false,,,,,,53.0,65.13,0.2624,33.99,0.5558,0.4449,0.7363,0.0,,,false,0.0527,0.0304,0.0,0.062,2,0.033,0.0916,0.0015,0.96,0.2352,2.3099,0.0,2.0575,0.178,0.2132,0.6801,0.3035,0.3446,61,tensorrt_llm_serving,0.472,61,false,0.0,0.0,0.0,0.0,false,,,,false,false,0.98,0.0,true,0.98,0.01,71,0,false,false,,,,1.0,observed,1.0,observed,1.0,observed,1.0,observed,0.0,routine_profiler_disabled,1.0,observed,1.0,observed,1.0,observed,1.0,observed,1.0,observed,1.0,observed,0.0,privacy_redacted,1.0,observed,1.0,observed,1.0,observed,0.0,not_scheduled,1.0,observed,valid,operator_signed,operator_signed,bms_meter,features-v0.1.0,policy-thresholds-v0.1.0,h100e-normalization-v0.1.0,sha256:63b7db3299a8fcd3d153960a9d67958f648566f8b3ee63b0ccddc2ecc0885463,false,false,false,none
feat_4d865019d82050e98289f2fd,synthetic_v0_seed_20260510,20260510,site_c,topology_domain,fabricdom_hmac_1ed5d3bd098e,2026-05-22T09:32:06Z,2026-05-23T09:32:06Z,86400,episode_reserved_but_unused_capacity_00104,reserved_but_unused_capacity,0,0.95,capacity below policy threshold with strong coverage,synthetic_latent_truth_plus_composite_rules,false,3.7351,384.0,276,0.9,0.66,0.0,0.0,384.0,119.52,3.7351,1.0,0.86,reserved,true,,,,,,3.0,12.0,0.0,2.0,0.08,0.038,0.2743,0.0,,,false,0.0255,0.0,0.0,0.03,0,0.0,0.08,0.0,0.96,0.3165,0.5794,0.0,4.98,0.22,0.0393,0.3475,0.3646,0.3995,384,none,0.852,384,false,0.0,0.0,0.0,0.0,false,,,,false,false,0.98,0.0,true,0.98,0.01,67,0,false,false,,,,1.0,observed,1.0,observed,1.0,observed,1.0,observed,0.0,routine_profiler_disabled,1.0,observed,1.0,observed,1.0,observed,1.0,observed,1.0,observed,1.0,observed,0.0,privacy_redacted,1.0,observed,1.0,observed,1.0,observed,0.0,not_scheduled,1.0,observed,valid,auditor_reconciled,auditor_reconciled,bms_meter,features-v0.1.0,policy-thresholds-v0.1.0,h100e-normalization-v0.1.0,sha256:20aaa9606cba504432367d136dba65b860286654c30a3dd22abc3993aadf2dfa,true,false,false,capacity_only
feat_63a185bbb628aaed272dec0b,synthetic_v0_seed_20260510,20260510,site_a,topology_domain,fabricdom_hmac_e583d3d368,2026-05-22T11:07:11Z,2026-05-23T11:07:11Z,86400,episode_idle_00116,idle,0,0.94,idle window has strong critical-layer coverage,synthetic_latent_truth_plus_composite_rules,true,0.0,4096.0,3522,0.83,0.94,0.0,0.0,0.0,0.0,0.0,0.0,0.0,none,false,,,,,,0.0,0.0,0.0,0.0,0.0,0.0,0.18,0.0,,,false,0.0,0.0,0.0,0.0,0,0.0,0.0,0.0,0.96,0.1892,4.4398,0.0,2.2412,0.2178,0.0,0.08,0.1,0.12,0,none,0.0,0,false,0.0,0.0,0.0,0.0,false,,,,false,false,0.98,0.0,true,0.98,0.01,7,0,false,false,,,,1.0,observed,1.0,observed,0.0,not_applicable,1.0,observed,0.0,routine_profiler_disabled,1.0,observed,1.0,observed,1.0,observed,1.0,observed,1.0,observed,1.0,observed,0.0,privacy_redacted,1.0,observed,1.0,observed,1.0,observed,0.0,not_scheduled,1.0,observed,valid,operator_signed,operator_signed,bms_meter,features-v0.1.0,policy-thresholds-v0.1.0,h100e-normalization-v0.1.0,sha256:f6853977c47a9282ecfa6afc22d15f17d20a3659daf248674dbf279da1ce0e16,false,false,false,none
feat_f24093454229a4de3c83c5dc,synthetic_v0_seed_20260510,20260510,site_b,topology_domain,fabricdom_hmac_91e1474b6e,2026-05-22T11:28:12Z,2026-05-23T11:28:12Z,86400,episode_idle_00084,idle,0,0.94,idle window has strong critical-layer coverage,synthetic_latent_truth_plus_composite_rules,true,0.0,2048.0,1761,0.865,0.94,0.0,0.0,0.0,0.0,0.0,0.0,0.0,none,false,,,,,,0.0,0.0,0.0,0.0,0.0,0.0,0.18,0.0,,,false,0.0,0.0,0.0,0.0,0,0.0,0.0,0.0,0.96,0.2308,2.3099,0.0,2.9954,0.1364,0.0,0.08,0.1,0.12,0,none,0.0,0,false,0.0,0.0,0.0,0.0,false,,,,false,false,0.98,0.0,true,0.98,0.01,69,0,false,false,,,,1.0,observed,1.0,observed,1.0,observed,1.0,observed,0.0,routine_profiler_disabled,1.0,observed,1.0,observed,1.0,observed,1.0,observed,1.0,observed,1.0,observed,0.0,privacy_redacted,1.0,observed,1.0,observed,1.0,observed,0.0,not_scheduled,1.0,observed,valid,operator_signed,operator_signed,bms_meter,features-v0.1.0,policy-thresholds-v0.1.0,h100e-normalization-v0.1.0,sha256:ce219fb0c47cf88120f923f1a9e9fabc41cb01df0f69debb64d1497e89b5c8bf,false,false,false,none
feat_bb2e8215d304fb9e4b748024,synthetic_v0_seed_20260510,20260510,site_b,linked_job_group,jobgrp_hmac_d4bd284e42dc,2026-05-22T14:02:16Z,2026-05-23T14:02:16Z,86400,episode_large_fine_tune_00147,large_fine_tune,3,0.89,two independent primary layers plus corroboration support likely training,synthetic_latent_truth_plus_composite_rules,true,8.6985,2048.0,1761,0.865,0.94,0.0,0.0,815.89,131.01,8.6985,0.3984,0.9686,train,true,,,,,,84.23,93.23,0.8883,88.93,0.7472,0.9872,0.9807,0.0,,,false,0.7509,0.6786,0.0,0.8834,692,0.7376,0.3382,0.4887,0.96,0.5097,2.3099,13123.3494,5.4587,0.0779,0.119,0.8561,0.5176,0.5368,815,pytorch_distributed_training,0.928,815,true,203.75,0.53,0.9141,0.7731,false,,,,false,false,0.98,0.0,true,0.98,0.01,46,0,false,false,,,,1.0,observed,1.0,observed,1.0,observed,1.0,observed,0.0,routine_profiler_disabled,1.0,observed,1.0,observed,1.0,observed,1.0,observed,1.0,observed,1.0,observed,0.0,privacy_redacted,1.0,observed,1.0,observed,1.0,observed,0.0,not_scheduled,1.0,observed,valid,operator_signed,operator_signed,bms_meter,features-v0.1.0,policy-thresholds-v0.1.0,h100e-normalization-v0.1.0,sha256:d2e76280cb41d41265081ee5f1984903da83f1b7751b5c0cc3850665026ec247,false,false,false,training_primary_semantic
feat_c4a10ac392d434f0e7b5a753,synthetic_v0_seed_20260510,20260510,site_b,linked_job_group,jobgrp_hmac_3ae902ffc0db,2026-05-22T14:11:53Z,2026-05-23T14:11:53Z,86400,episode_small_fine_tune_00052,small_fine_tune,1,0.8,small fine-tune remains below policy compute threshold,synthetic_latent_truth_plus_composite_rules,true,0.0585,2048.0,1761,0.865,0.94,0.0,0.0,31.99,22.49,0.0585,0.0156,0.82,fine_tune,false,,,,,,68.0,89.0,0.7,78.0,0.68,0.872,0.9439,0.0,,,false,0.272,0.4784,0.0,0.32,19,0.52,0.262,0.1248,0.96,0.45,2.3099,9813.696,0.9371,0.108,0.4353,0.8296,0.471,0.495,31,pytorch_distributed_training,0.824,31,true,0.0,0.054,0.48,0.0,false,4.62,20.09,3105,true,true,0.98,0.0,true,0.98,0.01,39,0,false,false,,,,1.0,observed,1.0,observed,1.0,observed,1.0,observed,0.0,routine_profiler_disabled,1.0,observed,1.0,observed,1.0,observed,1.0,observed,1.0,observed,1.0,observed,0.55,delayed_log_delivery,1.0,observed,1.0,observed,1.0,observed,0.0,not_scheduled,1.0,observed,valid,operator_signed,operator_signed,bms_meter,features-v0.1.0,policy-thresholds-v0.1.0,h100e-normalization-v0.1.0,sha256:1753fb7cba54011d39ae3efc169ef8f7c77b776b07bb345c6cd19442062a59ba,false,false,false,none
feat_62814a4c22d32b414f51ab4a,synthetic_v0_seed_20260510,20260510,site_c,topology_domain,fabricdom_hmac_5b394674d7cf,2026-05-22T16:28:48Z,2026-05-23T16:28:48Z,86400,episode_normal_inference_00088,normal_inference,0,0.95,capacity below policy threshold with strong coverage,synthetic_latent_truth_plus_composite_rules,false,0.0084,384.0,276,0.9,0.66,0.0,0.0,7.45,13.82,0.0084,0.0194,0.3939,inference,false,,,,,,47.74,73.38,0.2739,35.16,0.416,0.4204,0.808,0.0,,,false,0.0902,0.1116,0.0,0.1061,1,0.1213,0.1225,0.0097,0.96,0.38,0.5794,0.0,0.5758,0.1762,0.3643,0.7318,0.4164,0.446,7,tensorrt_llm_serving,0.5258,7,false,0.0,0.0,0.0,0.0,false,,,,false,false,0.98,0.0,true,0.98,0.01,63,0,false,false,,,,1.0,observed,1.0,observed,1.0,observed,1.0,observed,0.0,routine_profiler_disabled,1.0,observed,1.0,observed,1.0,observed,1.0,observed,1.0,observed,1.0,observed,0.0,privacy_redacted,1.0,observed,1.0,observed,1.0,observed,0.0,not_scheduled,1.0,observed,valid,auditor_reconciled,auditor_reconciled,bms_meter,features-v0.1.0,policy-thresholds-v0.1.0,h100e-normalization-v0.1.0,sha256:a771edcd3bae89ed5ff3ea574895bfcb0ef843ac2ecf74c9e5e629bb69da0fb1,false,false,false,none
feat_19c3f24b6571b124bd1ed184,synthetic_v0_seed_20260510,20260510,site_a,linked_job_group,jobgrp_hmac_322d92d40f6e,2026-05-22T16:30:40Z,2026-05-23T16:30:40Z,86400,episode_adversarial_fragmented_training_00105,adversarial_fragmented_training,2,0.78,fragmented sub-threshold activity is elevated until jobs/accounts are linked,synthetic_latent_truth_plus_composite_rules,true,3.6776,4096.0,3522,0.83,0.94,0.0,0.4277,258.69,174.69,3.6776,0.0632,0.42,unknown,false,,,,,,76.0,91.0,0.78,86.0,0.74,0.959,0.9613,0.0,,,false,0.408,0.506,0.0,0.48,163,0.55,0.2725,0.198,0.96,0.45,4.4398,22003.392,7.2787,0.0952,0.3892,0.8421,0.471,0.495,258,pytorch_distributed_training,0.544,258,true,0.0,0.485,0.5608,0.0,false,,,,false,false,0.98,0.0,true,0.98,0.01,70,0,false,false,,,,1.0,observed,1.0,observed,0.0,not_applicable,1.0,observed,0.0,routine_profiler_disabled,1.0,observed,1.0,observed,1.0,observed,1.0,observed,1.0,observed,1.0,observed,0.0,privacy_redacted,1.0,observed,1.0,observed,1.0,observed,0.0,not_scheduled,1.0,observed,valid,operator_signed,operator_signed,bms_meter,features-v0.1.0,policy-thresholds-v0.1.0,h100e-normalization-v0.1.0,sha256:17a940aa4bb6945e34128d4b94855a679496840cce68eb1a923da4375a4a235c,false,false,false,training_fragmented
feat_8880ef01f0b97ca029d4e446,synthetic_v0_seed_20260510,20260510,site_a,linked_job_group,jobgrp_hmac_790e634425f3,2026-05-22T17:55:33Z,2026-05-23T17:55:33Z,86400,episode_small_fine_tune_00092,small_fine_tune,1,0.8,small fine-tune remains below policy compute threshold,synthetic_latent_truth_plus_composite_rules,true,0.0774,4096.0,3522,0.83,0.94,0.0,0.0,134.16,7.09,0.0774,0.0328,0.82,fine_tune,false,,,,,,68.0,89.0,0.7,78.0,0.68,0.872,0.9439,0.0,,,false,0.272,0.4784,0.0,0.32,80,0.52,0.262,0.1248,0.96,0.45,4.4398,22003.392,0.2954,0.108,0.419,0.8296,0.471,0.495,134,pytorch_distributed_training,0.824,134,true,0.0,0.178,0.48,0.0,false,7.91,20.71,1719,true,true,0.98,0.0,true,0.98,0.01,46,0,false,false,,,,1.0,observed,1.0,observed,0.0,not_applicable,1.0,observed,0.0,routine_profiler_disabled,1.0,observed,1.0,observed,1.0,observed,1.0,observed,1.0,observed,1.0,observed,0.55,delayed_log_delivery,1.0,observed,1.0,observed,1.0,observed,0.0,not_scheduled,1.0,observed,valid,operator_signed,operator_signed,bms_meter,features-v0.1.0,policy-thresholds-v0.1.0,h100e-normalization-v0.1.0,sha256:e2953c68a3c93b85af2fa1bf2808737d5ecc47efe90e2d4f37309c7359d991c8,false,false,false,none
feat_3d1ce434e9eeb71235aab4b2,synthetic_v0_seed_20260510,20260510,site_b,topology_domain,fabricdom_hmac_91e1474b6e,2026-05-22T22:15:58Z,2026-05-23T22:15:58Z,86400,episode_storage_rebuild_00056,storage_rebuild,1,0.72,physical activity alone is weak and non-semantic,synthetic_latent_truth_plus_composite_rules,true,0.0,2048.0,1761,0.865,0.94,0.0,0.0,0.0,14.2056,0.0,0.0,0.0,none,false,,,,,,0.0,0.0,0.0,0.0,0.0,0.0,0.18,0.0,,,false,0.0,0.0,0.0,0.0,0,0.0,0.0,0.0,0.96,0.4221,2.3099,8266.9736,0.5919,0.18,0.0,0.08,0.1,0.12,0,storage_rebuild,0.0,0,false,1217.05,0.0,0.0,0.1721,false,,,,false,false,0.98,0.0,true,0.98,0.01,46,0,false,false,,,,1.0,observed,1.0,observed,1.0,observed,1.0,observed,0.0,routine_profiler_disabled,1.0,observed,1.0,observed,1.0,observed,1.0,observed,1.0,observed,1.0,observed,0.0,privacy_redacted,1.0,observed,1.0,observed,1.0,observed,0.0,not_scheduled,1.0,observed,valid,operator_signed,operator_signed,bms_meter,features-v0.1.0,policy-thresholds-v0.1.0,h100e-normalization-v0.1.0,sha256:0fa5fab0304ced1502c7102857bf5c93af35c82fa193fc8dfdd4d0eb4bd78048,false,false,true,physical_only
feat_7a8f5ac7eed3afc4bc945ba8,synthetic_v0_seed_20260510,20260510,site_c,topology_domain,fabricdom_hmac_49e20f3493d6,2026-05-23T00:06:40Z,2026-05-24T00:06:40Z,86400,episode_reserved_but_unused_capacity_00126,reserved_but_unused_capacity,0,0.95,capacity below policy threshold with strong coverage,synthetic_latent_truth_plus_composite_rules,false,7.148,384.0,276,0.9,0.66,0.0,0.0,384.0,228.74,7.148,1.0,0.86,reserved,true,,,,,,3.0,12.0,0.0,2.0,0.08,0.038,0.2743,0.0,,,false,0.0255,0.0,0.0,0.03,0,0.0,0.08,0.0,0.96,0.2856,0.5794,0.0,9.5308,0.22,0.0393,0.3475,0.3646,0.3995,384,none,0.852,384,false,0.0,0.0,0.0,0.0,false,,,,false,false,0.98,0.0,true,0.98,0.01,39,0,false,false,,,,1.0,observed,1.0,observed,1.0,observed,1.0,observed,0.0,routine_profiler_disabled,1.0,observed,1.0,observed,1.0,observed,1.0,observed,1.0,observed,1.0,observed,0.0,privacy_redacted,1.0,observed,1.0,observed,1.0,observed,0.0,not_scheduled,1.0,observed,valid,auditor_reconciled,auditor_reconciled,bms_meter,features-v0.1.0,policy-thresholds-v0.1.0,h100e-normalization-v0.1.0,sha256:69d76ac58e6c19b223429d81fd342539f40ba794597919070ac7208d36a1dcb1,true,false,false,capacity_only
feat_b464c8ec5790624153a7c84f,synthetic_v0_seed_20260510,20260510,site_a,linked_job_group,jobgrp_hmac_ab869290b1d8,2026-05-23T00:34:15Z,2026-05-24T00:34:15Z,86400,episode_pretraining_00025,pretraining,4,0.93,"scheduler, GPU, fabric, power, and storage cohere under high integrity",synthetic_latent_truth_plus_composite_rules,true,68.8809,4096.0,3522,0.83,0.94,0.0,0.0,2035.13,415.9,68.8809,0.4969,0.927,train,true,,,,,,91.83,98.0,0.912,88.05,0.8755,1.0,1.0,0.0,0.5971,0.8256,true,0.7456,0.8409,0.0,0.8771,1831,0.9141,0.3999,0.6013,0.96,0.5998,4.4398,37965.5048,17.3292,0.0741,0.1029,0.87,0.5878,0.5999,2035,pytorch_distributed_training,0.8989,2035,true,167.27,0.504,0.8767,0.7689,false,415.89,3719.61,378511,true,true,0.98,0.0,true,0.98,0.01,67,0,false,false,,,,1.0,observed,1.0,observed,0.0,not_applicable,1.0,observed,0.5176,privacy_redacted,1.0,observed,1.0,observed,1.0,observed,1.0,observed,1.0,observed,1.0,observed,0.8707,delayed_log_delivery,1.0,observed,1.0,observed,1.0,observed,0.0,not_scheduled,1.0,observed,valid,operator_signed,operator_signed,bms_meter,features-v0.1.0,policy-thresholds-v0.1.0,h100e-normalization-v0.1.0,sha256:c1e7b6b133c7914c16c333694f3c52569c6aae6a3db2ed6a15359b54f576aa41,false,false,false,training_primary_semantic
feat_078459427db8eae79d9c8461,synthetic_v0_seed_20260510,20260510,site_a,topology_domain,fabricdom_hmac_ff9fd178a2f4,2026-05-23T00:46:34Z,2026-05-24T00:46:34Z,86400,episode_synthetic_data_generation_00039,synthetic_data_generation,2,0.78,synthetic_data_generation is a high-load false-positive class requiring cross-checks,synthetic_latent_truth_plus_composite_rules,true,0.2961,4096.0,3522,0.83,0.94,0.0,0.0,605.12,6.01,0.2961,0.1477,0.75,synthetic_data,false,,,,,,72.0,91.0,0.72,80.0,0.7,0.895,0.9613,0.0,,,false,0.2975,0.23,0.0,0.35,173,0.25,0.1675,0.0656,0.96,0.45,4.4398,22003.392,0.2504,0.1048,0.308,0.8421,0.471,0.495,605,synthetic_data_generation_pipeline,0.775,605,false,201.93,0.0,0.0,0.28,false,,,,false,false,0.98,0.0,true,0.98,0.01,34,0,false,false,,,,1.0,observed,1.0,observed,0.0,not_applicable,1.0,observed,0.0,routine_profiler_disabled,1.0,observed,1.0,observed,1.0,observed,1.0,observed,1.0,observed,1.0,observed,0.0,privacy_redacted,1.0,observed,1.0,observed,1.0,observed,0.0,not_scheduled,1.0,observed,valid,operator_signed,operator_signed,bms_meter,features-v0.1.0,policy-thresholds-v0.1.0,h100e-normalization-v0.1.0,sha256:3bb181e5f87d3bdf5360fb57994d03aadd95c50b5537546440caae924d9b10eb,false,false,false,false_positive_primary
feat_c559f10dd31259641b5beb48,synthetic_v0_seed_20260510,20260510,site_b,linked_job_group,jobgrp_hmac_772e33f4cb94,2026-05-23T00:54:34Z,2026-05-24T00:54:34Z,86400,episode_underclocked_long_duration_training_00110,underclocked_long_duration_training,3,0.86,one strong primary layer plus semantic/supportive corroboration supports likely training,synthetic_latent_truth_plus_composite_rules,true,39.3635,2048.0,1761,0.865,0.94,0.0,0.0,1952.09,247.79,39.3635,0.9532,0.86,unknown,true,,,,,,58.0,76.0,0.62,72.0,0.7,0.823,0.8309,0.0,,,false,0.4675,0.644,0.0,0.55,1571,0.7,0.325,0.2888,0.96,0.785,2.3099,28385.4528,10.3246,0.1208,-0.0312,0.7482,0.7323,0.7295,1952,pytorch_distributed_training,0.852,1952,true,0.0,1.084,0.7672,0.0,false,,,,false,false,0.98,0.0,true,0.98,0.01,73,0,false,false,,,,1.0,observed,1.0,observed,1.0,observed,1.0,observed,0.0,routine_profiler_disabled,1.0,observed,1.0,observed,1.0,observed,1.0,observed,1.0,observed,1.0,observed,0.0,privacy_redacted,1.0,observed,1.0,observed,1.0,observed,0.0,not_scheduled,1.0,observed,valid,operator_signed,operator_signed,bms_meter,features-v0.1.0,policy-thresholds-v0.1.0,h100e-normalization-v0.1.0,sha256:b2081b7a6584167042205327390a73729252807df551088dfde57fdfd8f15bf9,false,false,false,training_primary_semantic
feat_7cc21f403908deacc8213152,synthetic_v0_seed_20260510,20260510,site_a,linked_job_group,jobgrp_hmac_a60314b5d69a,2026-05-23T02:04:01Z,2026-05-24T02:04:01Z,86400,episode_underclocked_long_duration_training_00017,underclocked_long_duration_training,3,0.86,one strong primary layer plus semantic/supportive corroboration supports likely training,synthetic_latent_truth_plus_composite_rules,true,16.05,4096.0,3522,0.83,0.94,0.0,0.0,513.42,384.13,16.05,0.1253,0.86,unknown,true,,,,,,58.0,76.0,0.62,72.0,0.7,0.823,0.8309,0.0,,,false,0.4675,0.644,0.0,0.55,413,0.7,0.325,0.2888,0.96,0.38,4.4398,14544.4608,16.0054,0.1208,-0.0349,0.7482,0.4164,0.446,513,pytorch_distributed_training,0.852,513,true,0.0,0.481,0.6069,0.0,false,,,,false,false,0.98,0.0,true,0.98,0.01,65,0,false,false,,,,1.0,observed,1.0,observed,0.0,not_applicable,1.0,observed,0.0,routine_profiler_disabled,1.0,observed,1.0,observed,1.0,observed,1.0,observed,1.0,observed,1.0,observed,0.0,privacy_redacted,1.0,observed,1.0,observed,1.0,observed,0.0,not_scheduled,1.0,observed,valid,operator_signed,operator_signed,bms_meter,features-v0.1.0,policy-thresholds-v0.1.0,h100e-normalization-v0.1.0,sha256:2eb23d3f0cf56d64b3388ae1e256313aaddbefb9c3af86542592ebb08be0dce9,false,false,false,training_primary_semantic
feat_069cea41eab9234e204a6b9d,synthetic_v0_seed_20260510,20260510,site_b,topology_domain,fabricdom_hmac_eb2b745d38a7,2026-05-23T03:12:55Z,2026-05-24T03:12:55Z,86400,episode_normal_inference_00089,normal_inference,1,0.78,routine inference on capable monitored capacity leaves training possible but not elevated,synthetic_latent_truth_plus_composite_rules,true,0.1874,2048.0,1761,0.865,0.94,0.0,0.0,171.1,13.46,0.1874,0.0835,0.6078,inference,false,,,,,,46.81,70.96,0.1136,48.28,0.4974,0.5589,0.7871,0.0,,,false,0.1262,0.1478,0.0,0.1485,31,0.1607,0.1362,0.0179,0.96,0.38,2.3099,5933.0304,0.5608,0.2018,0.3143,0.7167,0.4164,0.446,171,ray_batch_inference,0.6754,171,false,0.0,0.0,0.0,0.0,false,,,,false,false,0.98,0.0,true,0.98,0.01,35,0,false,false,,,,1.0,observed,1.0,observed,1.0,observed,1.0,observed,0.0,routine_profiler_disabled,1.0,observed,1.0,observed,1.0,observed,1.0,observed,1.0,observed,1.0,observed,0.0,privacy_redacted,1.0,observed,1.0,observed,1.0,observed,0.0,not_scheduled,1.0,observed,valid,operator_signed,operator_signed,bms_meter,features-v0.1.0,policy-thresholds-v0.1.0,h100e-normalization-v0.1.0,sha256:389817f2503a12d89e65e7ed548977498aff209d1b2d04d0a8b1bc68ab0d7b57,false,false,false,none
feat_b50f70b72bd9c42614f1a350,synthetic_v0_seed_20260510,20260510,site_a,linked_job_group,jobgrp_hmac_0dfaaaccd189,2026-05-23T03:49:34Z,2026-05-24T03:49:34Z,86400,episode_pretraining_00058,pretraining,4,0.96,authenticated ML evidence crosses the policy compute threshold,synthetic_latent_truth_plus_composite_rules,true,24.2038,4096.0,3522,0.83,0.94,0.0,0.0,1559.61,190.7,24.2038,0.3808,0.8941,train,true,,,,,,85.79,94.79,0.8234,87.18,0.8833,1.0,0.9943,0.0,0.8283,0.5881,true,0.6497,0.6859,0.0,0.7643,1337,0.7456,0.341,0.4274,0.96,0.5015,4.4398,27491.0342,7.9458,0.0883,0.1229,0.8659,0.5112,0.531,1559,pytorch_distributed_training,0.8759,1559,true,109.04,1.215,0.7842,0.7415,true,160.68,3246.42,350713,true,true,0.98,0.0,true,0.98,0.01,6,0,false,false,,,,1.0,observed,1.0,observed,0.0,not_applicable,1.0,observed,0.4245,privacy_redacted,1.0,observed,1.0,observed,1.0,observed,1.0,observed,1.0,observed,1.0,observed,0.9092,delayed_log_delivery,1.0,observed,1.0,observed,1.0,observed,0.0,not_scheduled,1.0,observed,valid,operator_signed,operator_signed,bms_meter,features-v0.1.0,policy-thresholds-v0.1.0,h100e-normalization-v0.1.0,sha256:67c8a1342af59581626fe8777526ab9a236c84e148f074448f3816263a41d38e,false,false,false,training_primary_semantic
feat_cbeb98c4a9e570395a266828,synthetic_v0_seed_20260510,20260510,site_b,linked_job_group,jobgrp_hmac_93f6692f0629,2026-05-23T04:17:27Z,2026-05-24T04:17:27Z,86400,episode_pretraining_00036,pretraining,4,0.96,authenticated ML evidence crosses the policy compute threshold,synthetic_latent_truth_plus_composite_rules,true,34.5827,2048.0,1761,0.865,0.94,0.0,0.0,1707.66,248.85,34.5827,0.8338,0.9635,train,true,,,,,,83.17,92.17,0.8607,86.4,0.7228,0.9583,0.9715,0.0,,,false,0.6453,0.7728,0.0,0.7591,1536,0.84,0.374,0.4783,0.96,0.8195,2.3099,30298.0666,10.3688,0.0823,0.0095,0.8495,0.7592,0.7536,1707,pytorch_distributed_training,0.9244,1707,true,447.7,1.141,0.78,0.626,true,69.65,776.36,208032,true,true,0.98,0.0,true,0.98,0.01,41,0,false,false,,,,1.0,observed,1.0,observed,1.0,observed,1.0,observed,0.0,routine_profiler_disabled,1.0,observed,1.0,observed,1.0,observed,1.0,observed,1.0,observed,1.0,observed,0.6942,delayed_log_delivery,1.0,observed,1.0,observed,1.0,observed,0.0,not_scheduled,1.0,observed,valid,operator_signed,operator_signed,bms_meter,features-v0.1.0,policy-thresholds-v0.1.0,h100e-normalization-v0.1.0,sha256:d12a12093b06549f7406a6de82c045c820166b69d7ba90f13d7fed6848133bf0,false,false,false,training_primary_semantic
feat_3c9a8fb83dd0cf4cec080853,synthetic_v0_seed_20260510,20260510,site_a,linked_job_group,jobgrp_hmac_ec0ffcd61dd9,2026-05-23T07:17:45Z,2026-05-24T07:17:45Z,86400,episode_adversarial_fragmented_training_00072,adversarial_fragmented_training,2,0.78,fragmented sub-threshold activity is elevated until jobs/accounts are linked,synthetic_latent_truth_plus_composite_rules,true,19.3456,4096.0,3522,0.83,0.94,0.0,0.2805,884.41,268.79,19.3456,0.2159,0.42,unknown,true,,,,,,76.0,91.0,0.78,86.0,0.74,0.959,0.9613,0.0,,,false,0.408,0.506,0.0,0.48,559,0.55,0.2725,0.198,0.96,0.45,4.4398,22003.392,11.1996,0.0952,0.2425,0.8421,0.471,0.495,884,pytorch_distributed_training,0.544,884,true,0.0,0.303,0.6078,0.0,false,,,,false,false,0.98,0.0,true,0.98,0.01,53,0,false,false,,,,1.0,observed,1.0,observed,0.0,not_applicable,1.0,observed,0.0,routine_profiler_disabled,1.0,observed,1.0,observed,1.0,observed,1.0,observed,1.0,observed,1.0,observed,0.0,privacy_redacted,1.0,observed,1.0,observed,1.0,observed,0.0,not_scheduled,1.0,observed,valid,operator_signed,operator_signed,bms_meter,features-v0.1.0,policy-thresholds-v0.1.0,h100e-normalization-v0.1.0,sha256:8c105ab0ff39cb946e6d947a315ec8ad3bd8036e9f2af4f56c3832b447c1dbb1,false,false,false,training_fragmented
feat_70c48ea1a17082cbfc075730,synthetic_v0_seed_20260510,20260510,site_a,linked_job_group,jobgrp_hmac_a623fd1eb469,2026-05-23T09:31:37Z,2026-05-24T09:31:37Z,86400,episode_underclocked_long_duration_training_00190,underclocked_long_duration_training,3,0.86,one strong primary layer plus semantic/supportive corroboration supports likely training,synthetic_latent_truth_plus_composite_rules,true,15.872,4096.0,3522,0.83,0.94,0.0,0.0,811.83,240.24,15.872,0.1982,0.86,unknown,true,,,,,,58.0,76.0,0.62,72.0,0.7,0.823,0.8309,0.0,,,false,0.4675,0.644,0.0,0.55,653,0.7,0.325,0.2888,0.96,0.38,4.4398,14544.4608,10.01,0.1208,-0.0775,0.7482,0.4164,0.446,811,pytorch_distributed_training,0.852,811,true,0.0,0.299,0.7385,0.0,false,,,,false,false,0.98,0.0,true,0.98,0.01,6,0,false,false,,,,1.0,observed,1.0,observed,0.0,not_applicable,1.0,observed,0.0,routine_profiler_disabled,1.0,observed,1.0,observed,1.0,observed,1.0,observed,1.0,observed,1.0,observed,0.0,privacy_redacted,1.0,observed,1.0,observed,1.0,observed,0.0,not_scheduled,1.0,observed,valid,operator_signed,operator_signed,bms_meter,features-v0.1.0,policy-thresholds-v0.1.0,h100e-normalization-v0.1.0,sha256:b68b55644b1863ac93b25520cbc3dccf0338d6ffcdebc339467aa4a414a49be2,false,false,false,training_primary_semantic
feat_a9bd81e0729365d276a9f5b5,synthetic_v0_seed_20260510,20260510,site_c,topology_domain,fabricdom_hmac_1ed5d3bd098e,2026-05-23T09:32:06Z,2026-05-24T09:32:06Z,86400,episode_reserved_but_unused_capacity_00104,reserved_but_unused_capacity,0,0.95,capacity below policy threshold with strong coverage,synthetic_latent_truth_plus_composite_rules,false,3.7351,384.0,276,0.9,0.66,0.0,0.0,384.0,119.52,3.7351,1.0,0.86,reserved,true,,,,,,3.0,12.0,0.0,2.0,0.08,0.038,0.2743,0.0,,,false,0.0255,0.0,0.0,0.03,0,0.0,0.08,0.0,0.96,0.3165,0.5794,0.0,4.98,0.22,0.0393,0.3475,0.3646,0.3995,384,none,0.852,384,false,0.0,0.0,0.0,0.0,false,,,,false,false,0.98,0.0,true,0.98,0.01,67,0,false,false,,,,1.0,observed,1.0,observed,1.0,observed,1.0,observed,0.0,routine_profiler_disabled,1.0,observed,1.0,observed,1.0,observed,1.0,observed,1.0,observed,1.0,observed,0.0,privacy_redacted,1.0,observed,1.0,observed,1.0,observed,0.0,not_scheduled,1.0,observed,valid,auditor_reconciled,auditor_reconciled,bms_meter,features-v0.1.0,policy-thresholds-v0.1.0,h100e-normalization-v0.1.0,sha256:a77caefd897bf0dc4f0695f8a35a6f5da314a9ccf246049c77c554ae77631459,true,false,false,capacity_only
feat_53a586a6157547950fec6a64,synthetic_v0_seed_20260510,20260510,site_a,topology_domain,fabricdom_hmac_e583d3d368,2026-05-23T11:07:11Z,2026-05-24T11:07:11Z,86400,episode_idle_00116,idle,0,0.94,idle window has strong critical-layer coverage,synthetic_latent_truth_plus_composite_rules,true,0.0,4096.0,3522,0.83,0.94,0.0,0.0,0.0,0.0,0.0,0.0,0.0,none,false,,,,,,0.0,0.0,0.0,0.0,0.0,0.0,0.18,0.0,,,false,0.0,0.0,0.0,0.0,0,0.0,0.0,0.0,0.96,0.1892,4.4398,0.0,2.2412,0.2178,0.0,0.08,0.1,0.12,0,none,0.0,0,false,0.0,0.0,0.0,0.0,false,,,,false,false,0.98,0.0,true,0.98,0.01,7,0,false,false,,,,1.0,observed,1.0,observed,0.0,not_applicable,1.0,observed,0.0,routine_profiler_disabled,1.0,observed,1.0,observed,1.0,observed,1.0,observed,1.0,observed,1.0,observed,0.0,privacy_redacted,1.0,observed,1.0,observed,1.0,observed,0.0,not_scheduled,1.0,observed,valid,operator_signed,operator_signed,bms_meter,features-v0.1.0,policy-thresholds-v0.1.0,h100e-normalization-v0.1.0,sha256:c29aacafd0eb2390c156eec1f07e2c1249d892d5799166084a19d243c75c3fe0,false,false,false,none
feat_e713c00bb3faf02a74283d34,synthetic_v0_seed_20260510,20260510,site_b,topology_domain,fabricdom_hmac_91e1474b6e,2026-05-23T11:28:12Z,2026-05-24T11:28:12Z,86400,episode_idle_00084,idle,0,0.94,idle window has strong critical-layer coverage,synthetic_latent_truth_plus_composite_rules,true,0.0,2048.0,1761,0.865,0.94,0.0,0.0,0.0,0.0,0.0,0.0,0.0,none,false,,,,,,0.0,0.0,0.0,0.0,0.0,0.0,0.18,0.0,,,false,0.0,0.0,0.0,0.0,0,0.0,0.0,0.0,0.96,0.2308,2.3099,0.0,2.9954,0.1364,0.0,0.08,0.1,0.12,0,none,0.0,0,false,0.0,0.0,0.0,0.0,false,,,,false,false,0.98,0.0,true,0.98,0.01,69,0,false,false,,,,1.0,observed,1.0,observed,1.0,observed,1.0,observed,0.0,routine_profiler_disabled,1.0,observed,1.0,observed,1.0,observed,1.0,observed,1.0,observed,1.0,observed,0.0,privacy_redacted,1.0,observed,1.0,observed,1.0,observed,0.0,not_scheduled,1.0,observed,valid,operator_signed,operator_signed,bms_meter,features-v0.1.0,policy-thresholds-v0.1.0,h100e-normalization-v0.1.0,sha256:dadf8d98f1cbe9520cc206597aa82d58de76657c807dbcb9fcde7a493dbbd7e1,false,false,false,none
feat_bbfe786e3cc949aa1be800e6,synthetic_v0_seed_20260510,20260510,site_b,topology_domain,fabricdom_hmac_18a46c0374cb,2026-05-23T16:38:14Z,2026-05-24T16:38:14Z,86400,episode_large_batch_inference_00117,large_batch_inference,2,0.78,large_batch_inference is a high-load false-positive class requiring cross-checks,synthetic_latent_truth_plus_composite_rules,true,0.0329,2048.0,1761,0.865,0.94,0.0,0.0,128.08,3.16,0.0329,0.0625,0.78,inference,false,,,,,,68.0,88.0,0.62,72.0,0.62,0.803,0.9352,0.0,,,false,0.187,0.138,0.0,0.22,22,0.15,0.1325,0.0248,0.96,0.45,2.3099,9813.696,0.1317,0.1208,0.3916,0.8233,0.471,0.495,128,large_batch_inference,0.796,128,false,23.92,0.0,0.0,0.0,false,,,,false,false,0.98,0.0,true,0.98,0.01,22,0,false,false,,,,1.0,observed,1.0,observed,1.0,observed,1.0,observed,0.0,routine_profiler_disabled,1.0,observed,1.0,observed,1.0,observed,1.0,observed,1.0,observed,1.0,observed,0.0,privacy_redacted,1.0,observed,1.0,observed,1.0,observed,0.0,not_scheduled,1.0,observed,valid,operator_signed,operator_signed,bms_meter,features-v0.1.0,policy-thresholds-v0.1.0,h100e-normalization-v0.1.0,sha256:15e3526bc110c4e66fe70492f7c06181736c045110d3ea96529b18b5db6ffbcb,false,false,false,false_positive_primary
feat_f1f818a8374c543c3769cb4c,synthetic_v0_seed_20260510,20260510,site_b,linked_job_group,jobgrp_hmac_55e0294358c8,2026-05-23T18:16:40Z,2026-05-24T18:16:40Z,86400,episode_underclocked_long_duration_training_00075,underclocked_long_duration_training,3,0.86,one strong primary layer plus semantic/supportive corroboration supports likely training,synthetic_latent_truth_plus_composite_rules,true,22.9192,2048.0,1761,0.865,0.94,0.0,0.0,754.69,373.18,22.9192,0.3685,0.86,unknown,true,,,,,,58.0,76.0,0.62,72.0,0.7,0.823,0.8309,0.0,,,false,0.4675,0.644,0.0,0.55,607,0.7,0.325,0.2888,0.96,0.4384,2.3099,9170.6143,15.5492,0.1208,0.0016,0.7482,0.462,0.4869,754,pytorch_distributed_training,0.852,754,true,0.0,0.897,0.7612,0.0,false,,,,false,false,0.98,0.0,true,0.98,0.01,35,0,false,false,,,,1.0,observed,1.0,observed,1.0,observed,1.0,observed,0.0,routine_profiler_disabled,1.0,observed,1.0,observed,1.0,observed,1.0,observed,1.0,observed,1.0,observed,0.0,privacy_redacted,1.0,observed,1.0,observed,1.0,observed,0.0,not_scheduled,1.0,observed,valid,operator_signed,operator_signed,bms_meter,features-v0.1.0,policy-thresholds-v0.1.0,h100e-normalization-v0.1.0,sha256:a46e13a2183753d4a799eaadf7f46545496e0dd2edd745c685269ad83a3e84d7,false,false,false,training_primary_semantic
feat_00d3e92bd86c0a39c708c43f,synthetic_v0_seed_20260510,20260510,site_c,topology_domain,fabricdom_hmac_99027f6d8a6b,2026-05-24T03:03:45Z,2026-05-25T03:03:45Z,86400,episode_nccl_benchmark_00197,nccl_benchmark,0,0.95,capacity below policy threshold with strong coverage,synthetic_latent_truth_plus_composite_rules,false,0.0132,384.0,276,0.9,0.66,0.0,0.0,65.3,2.49,0.0132,0.17,0.92,benchmark,false,,,,,,58.0,96.0,0.52,84.0,0.4,0.856,1.0,0.0,0.329,0.3102,true,0.782,0.7912,0.0,0.92,58,0.86,0.381,0.5934,0.96,0.45,0.5794,0.0,0.1038,0.1368,0.28,0.87,0.471,0.495,65,nccl_benchmark,0.894,65,true,0.0,0.0,0.0,0.0,false,,,,false,false,0.98,0.0,true,0.98,0.01,52,0,false,false,,,,1.0,observed,1.0,observed,1.0,observed,1.0,observed,0.3547,privacy_redacted,1.0,observed,1.0,observed,1.0,observed,1.0,observed,1.0,observed,1.0,observed,0.0,privacy_redacted,1.0,observed,1.0,observed,1.0,observed,0.0,not_scheduled,1.0,observed,valid,auditor_reconciled,auditor_reconciled,bms_meter,features-v0.1.0,policy-thresholds-v0.1.0,h100e-normalization-v0.1.0,sha256:20ac9eeef7c66ccfa111619d63e955b52a0db297e5162656a66924c1d08ae711,false,false,false,false_positive_primary
feat_6a6786e44c98652eaad5da95,synthetic_v0_seed_20260510,20260510,site_a,linked_job_group,jobgrp_hmac_0dfaaaccd189,2026-05-24T03:49:34Z,2026-05-25T03:49:34Z,86400,episode_pretraining_00058,pretraining,4,0.96,authenticated ML evidence crosses the policy compute threshold,synthetic_latent_truth_plus_composite_rules,true,24.2038,4096.0,3522,0.83,0.94,0.0,0.0,1559.61,190.7,24.2038,0.3808,0.8941,train,true,,,,,,85.79,94.79,0.8234,87.18,0.8833,1.0,0.9943,0.0,0.8283,0.5881,true,0.6497,0.6859,0.0,0.7643,1337,0.7456,0.341,0.4274,0.96,0.5015,4.4398,27491.0342,7.9458,0.0883,0.1229,0.8659,0.5112,0.531,1559,pytorch_distributed_training,0.8759,1559,true,109.04,1.215,0.7842,0.7415,true,160.68,3246.42,350713,true,true,0.98,0.0,true,0.98,0.01,6,0,false,false,,,,1.0,observed,1.0,observed,0.0,not_applicable,1.0,observed,0.4245,privacy_redacted,1.0,observed,1.0,observed,1.0,observed,1.0,observed,1.0,observed,1.0,observed,0.9092,delayed_log_delivery,1.0,observed,1.0,observed,1.0,observed,0.0,not_scheduled,1.0,observed,valid,operator_signed,operator_signed,bms_meter,features-v0.1.0,policy-thresholds-v0.1.0,h100e-normalization-v0.1.0,sha256:3605dcbd0c177b296f60fe28e9cc90a2612c0c8067c4fe8cdddfd33dd1664406,false,false,false,training_primary_semantic
feat_85ca1ff8660c3732871ba7c0,synthetic_v0_seed_20260510,20260510,site_c,topology_domain,fabricdom_hmac_49e20f3493d6,2026-05-24T05:21:33Z,2026-05-25T05:21:33Z,86400,episode_reserved_but_unused_capacity_00126,reserved_but_unused_capacity,0,0.95,capacity below policy threshold with strong coverage,synthetic_latent_truth_plus_composite_rules,false,7.148,384.0,276,0.9,0.66,0.0,0.0,384.0,228.74,7.148,1.0,0.86,reserved,true,,,,,,3.0,12.0,0.0,2.0,0.08,0.038,0.2743,0.0,,,false,0.0255,0.0,0.0,0.03,0,0.0,0.08,0.0,0.96,0.2856,0.5794,0.0,9.5308,0.22,0.0393,0.3475,0.3646,0.3995,384,none,0.852,384,false,0.0,0.0,0.0,0.0,false,,,,false,false,0.98,0.0,true,0.98,0.01,39,0,false,false,,,,1.0,observed,1.0,observed,1.0,observed,1.0,observed,0.0,routine_profiler_disabled,1.0,observed,1.0,observed,1.0,observed,1.0,observed,1.0,observed,1.0,observed,0.0,privacy_redacted,1.0,observed,1.0,observed,1.0,observed,0.0,not_scheduled,1.0,observed,valid,auditor_reconciled,auditor_reconciled,bms_meter,features-v0.1.0,policy-thresholds-v0.1.0,h100e-normalization-v0.1.0,sha256:aea46b98f008e0f3e87e75368e31738d456decc90fb701dd580d16ee80d7727a,true,false,false,capacity_only
feat_7d66d7c3a388e17f540bb020,synthetic_v0_seed_20260510,20260510,site_b,linked_job_group,jobgrp_hmac_772e33f4cb94,2026-05-24T08:52:43Z,2026-05-25T08:52:43Z,86400,episode_underclocked_long_duration_training_00110,underclocked_long_duration_training,3,0.86,one strong primary layer plus semantic/supportive corroboration supports likely training,synthetic_latent_truth_plus_composite_rules,true,39.3635,2048.0,1761,0.865,0.94,0.0,0.0,1952.09,247.79,39.3635,0.9532,0.86,unknown,true,,,,,,58.0,76.0,0.62,72.0,0.7,0.823,0.8309,0.0,,,false,0.4675,0.644,0.0,0.55,1571,0.7,0.325,0.2888,0.96,0.785,2.3099,28385.4528,10.3246,0.1208,-0.0312,0.7482,0.7323,0.7295,1952,pytorch_distributed_training,0.852,1952,true,0.0,1.084,0.7672,0.0,false,,,,false,false,0.98,0.0,true,0.98,0.01,73,0,false,false,,,,1.0,observed,1.0,observed,1.0,observed,1.0,observed,0.0,routine_profiler_disabled,1.0,observed,1.0,observed,1.0,observed,1.0,observed,1.0,observed,1.0,observed,0.0,privacy_redacted,1.0,observed,1.0,observed,1.0,observed,0.0,not_scheduled,1.0,observed,valid,operator_signed,operator_signed,bms_meter,features-v0.1.0,policy-thresholds-v0.1.0,h100e-normalization-v0.1.0,sha256:05639436f46d9144bbedae7ff2ef9e4432e4d2b1c500d6b815ccd1d1682e55ff,false,false,false,training_primary_semantic
feat_cba2a62319e3904489be2ecc,synthetic_v0_seed_20260510,20260510,site_c,topology_domain,fabricdom_hmac_898032b0186a,2026-05-24T11:39:19Z,2026-05-25T11:39:19Z,86400,episode_reserved_but_unused_capacity_00140,reserved_but_unused_capacity,0,0.95,capacity below policy threshold with strong coverage,synthetic_latent_truth_plus_composite_rules,false,2.5651,384.0,276,0.9,0.66,0.0,0.0,384.0,82.08,2.5651,1.0,0.86,reserved,true,,,,,,3.0,12.0,0.0,2.0,0.08,0.038,0.2743,0.0,,,false,0.0255,0.0,0.0,0.03,0,0.0,0.08,0.0,0.96,0.2263,0.5794,0.0,3.42,0.22,0.0393,0.3475,0.3646,0.3995,384,none,0.852,384,false,0.0,0.0,0.0,0.0,false,,,,false,false,0.98,0.0,true,0.98,0.01,16,0,false,false,,,,1.0,observed,1.0,observed,1.0,observed,1.0,observed,0.0,routine_profiler_disabled,1.0,observed,1.0,observed,1.0,observed,1.0,observed,1.0,observed,1.0,observed,0.0,privacy_redacted,1.0,observed,1.0,observed,1.0,observed,0.0,not_scheduled,1.0,observed,valid,auditor_reconciled,auditor_reconciled,bms_meter,features-v0.1.0,policy-thresholds-v0.1.0,h100e-normalization-v0.1.0,sha256:def4d0a311abee656eaf84d9afcc72c26fa26cc44c6086648226154c51fbedf9,true,false,false,capacity_only
feat_9bdf6a4b23d6cb100d8085b8,synthetic_v0_seed_20260510,20260510,site_c,topology_domain,fabricdom_hmac_b70f784af3dc,2026-05-24T11:47:01Z,2026-05-25T11:47:01Z,86400,episode_hardware_burn_in_00128,hardware_burn_in,0,0.95,capacity below policy threshold with strong coverage,synthetic_latent_truth_plus_composite_rules,false,1.1835,384.0,276,0.9,0.66,0.0,0.0,345.22,42.13,1.1835,0.899,0.55,burn_in,false,,,,,,82.0,98.0,0.9,50.0,0.35,0.5375,1.0,0.2539,,,false,0.085,0.046,0.0,0.1,19,0.05,0.0975,0.0038,0.96,0.9072,0.5794,6266.7694,1.7554,0.076,0.0082,0.87,0.8276,0.815,345,hardware_burn_in,0.635,345,false,0.0,0.0,0.0,0.0,false,,,,false,false,0.98,0.0,true,0.98,0.01,61,0,false,false,,,,1.0,observed,1.0,observed,1.0,observed,1.0,observed,0.0,routine_profiler_disabled,1.0,observed,1.0,observed,1.0,observed,1.0,observed,1.0,observed,1.0,observed,0.0,privacy_redacted,1.0,observed,1.0,observed,1.0,observed,0.0,not_scheduled,1.0,observed,valid,auditor_reconciled,auditor_reconciled,bms_meter,features-v0.1.0,policy-thresholds-v0.1.0,h100e-normalization-v0.1.0,sha256:f38f153c2877f70f9729bdd58520b0c641d750f3d3e462f421cf5adac322cf17,false,false,true,physical_only
feat_1b00364cac702e32b8cf3224,synthetic_v0_seed_20260510,20260510,site_c,topology_domain,fabricdom_hmac_4a4375748d9d,2026-05-24T11:58:49Z,2026-05-25T11:58:49Z,86400,episode_normal_inference_00149,normal_inference,0,0.95,capacity below policy threshold with strong coverage,synthetic_latent_truth_plus_composite_rules,false,0.0014,384.0,276,0.9,0.66,0.0,0.0,7.22,2.47,0.0014,0.0188,0.5756,inference,false,,,,,,46.71,51.44,0.1113,46.97,0.2654,0.4891,0.6173,0.0,,,false,0.0996,0.0012,0.0,0.1172,0,0.0013,0.0805,0.0001,0.96,0.2275,0.5794,0.0,0.1029,0.2022,0.2159,0.5945,0.2974,0.3392,7,vllm_inference,0.6529,7,false,0.0,0.0,0.0,0.0,false,,,,false,false,0.98,0.0,true,0.98,0.01,76,0,false,false,,,,1.0,observed,1.0,observed,1.0,observed,1.0,observed,0.0,routine_profiler_disabled,1.0,observed,1.0,observed,1.0,observed,1.0,observed,1.0,observed,1.0,observed,0.0,privacy_redacted,1.0,observed,1.0,observed,1.0,observed,0.0,not_scheduled,1.0,observed,valid,auditor_reconciled,auditor_reconciled,bms_meter,features-v0.1.0,policy-thresholds-v0.1.0,h100e-normalization-v0.1.0,sha256:1e4611aa47213a8f1818e8d94b9bc848880940919106155ca10586f76b91ef85,false,false,false,none
feat_7fafb8dd696cc2db42b3e564,synthetic_v0_seed_20260510,20260510,site_b,linked_job_group,jobgrp_hmac_93f6692f0629,2026-05-24T12:24:44Z,2026-05-25T12:24:44Z,86400,episode_pretraining_00036,pretraining,4,0.96,authenticated ML evidence crosses the policy compute threshold,synthetic_latent_truth_plus_composite_rules,true,34.5827,2048.0,1761,0.865,0.94,0.0,0.0,1707.66,248.85,34.5827,0.8338,0.9635,train,true,,,,,,83.17,92.17,0.8607,86.4,0.7228,0.9583,0.9715,0.0,,,false,0.6453,0.7728,0.0,0.7591,1536,0.84,0.374,0.4783,0.96,0.8195,2.3099,30298.0666,10.3688,0.0823,0.0095,0.8495,0.7592,0.7536,1707,pytorch_distributed_training,0.9244,1707,true,447.7,1.141,0.78,0.626,true,69.65,776.36,208032,true,true,0.98,0.0,true,0.98,0.01,41,0,false,false,,,,1.0,observed,1.0,observed,1.0,observed,1.0,observed,0.0,routine_profiler_disabled,1.0,observed,1.0,observed,1.0,observed,1.0,observed,1.0,observed,1.0,observed,0.6942,delayed_log_delivery,1.0,observed,1.0,observed,1.0,observed,0.0,not_scheduled,1.0,observed,valid,operator_signed,operator_signed,bms_meter,features-v0.1.0,policy-thresholds-v0.1.0,h100e-normalization-v0.1.0,sha256:0c98cce712fb0bb304f91c6fa00f68c5f483f1b10b7da7ec5944b43cd5759978,false,false,false,training_primary_semantic
feat_379a1da44fbcc4ebb358cb50,synthetic_v0_seed_20260510,20260510,site_a,topology_domain,fabricdom_hmac_5d0e9599bf18,2026-05-24T14:22:20Z,2026-05-25T14:22:20Z,86400,episode_normal_inference_00086,normal_inference,1,0.78,routine inference on capable monitored capacity leaves training possible but not elevated,synthetic_latent_truth_plus_composite_rules,true,0.0062,4096.0,3522,0.83,0.94,0.0,0.0,10.75,7.12,0.0062,0.0026,0.3038,inference,false,,,,,,30.82,75.33,0.1691,39.93,0.3612,0.4496,0.825,0.0,,,false,0.1243,0.0664,0.0,0.1462,0,0.0722,0.1053,0.0079,0.96,0.38,4.4398,14544.4608,0.2967,0.1929,0.3779,0.744,0.4164,0.446,10,vllm_inference,0.4627,10,false,0.0,0.0,0.0,0.0,false,,,,false,false,0.98,0.0,true,0.98,0.01,39,0,false,false,,,,1.0,observed,1.0,observed,0.0,not_applicable,1.0,observed,0.0,routine_profiler_disabled,1.0,observed,1.0,observed,1.0,observed,1.0,observed,1.0,observed,1.0,observed,0.0,privacy_redacted,1.0,observed,1.0,observed,1.0,observed,0.0,not_scheduled,1.0,observed,valid,operator_signed,operator_signed,bms_meter,features-v0.1.0,policy-thresholds-v0.1.0,h100e-normalization-v0.1.0,sha256:41ee22f997655831a51718c5b4c3d177836dce23b5097589db413e60714db964,false,false,false,none
feat_83d9fb906b3f65ef88b4533f,synthetic_v0_seed_20260510,20260510,site_a,topology_domain,fabricdom_hmac_719abd8753cc,2026-05-24T15:10:51Z,2026-05-25T15:10:51Z,86400,episode_hpc_mpi_simulation_00139,hpc_mpi_simulation,2,0.78,hpc_mpi_simulation is a high-load false-positive class requiring cross-checks,synthetic_latent_truth_plus_composite_rules,true,0.4558,4096.0,3522,0.83,0.94,0.0,0.0,1106.14,5.06,0.4558,0.2701,0.86,hpc,false,,,,,,70.0,92.0,0.68,42.0,0.46,0.493,0.97,0.0,0.4156,0.4681,true,0.612,0.5336,0.0,0.72,737,0.58,0.283,0.3132,0.96,0.45,4.4398,22003.392,0.2108,0.1112,0.188,0.8484,0.471,0.495,1106,mpi_hpc_simulation,0.852,1106,true,0.0,0.0,0.08,0.0,false,,,,false,false,0.98,0.0,true,0.98,0.01,14,0,false,false,,,,1.0,observed,1.0,observed,0.0,not_applicable,1.0,observed,0.4972,privacy_redacted,1.0,observed,1.0,observed,1.0,observed,1.0,observed,1.0,observed,1.0,observed,0.0,privacy_redacted,1.0,observed,1.0,observed,1.0,observed,0.0,not_scheduled,1.0,observed,valid,operator_signed,operator_signed,bms_meter,features-v0.1.0,policy-thresholds-v0.1.0,h100e-normalization-v0.1.0,sha256:47d7e74d971b783e5f733d5514dbe8ea3462e35fa291bf7042a9801da70d5929,false,false,false,false_positive_primary
feat_efe6611f66caf49850c233db,synthetic_v0_seed_20260510,20260510,site_b,topology_domain,fabricdom_hmac_0b06b9c0a26e,2026-05-24T15:15:27Z,2026-05-25T15:15:27Z,86400,episode_hpc_mpi_simulation_00209,hpc_mpi_simulation,2,0.78,hpc_mpi_simulation is a high-load false-positive class requiring cross-checks,synthetic_latent_truth_plus_composite_rules,true,0.4175,2048.0,1761,0.865,0.94,0.0,0.0,232.94,22.03,0.4175,0.1137,0.86,hpc,false,,,,,,70.0,92.0,0.68,42.0,0.46,0.493,0.97,0.0,,,false,0.612,0.5336,0.0,0.72,155,0.58,0.283,0.3132,0.96,0.45,2.3099,9813.696,0.9179,0.1112,0.3397,0.8484,0.471,0.495,232,mpi_hpc_simulation,0.852,232,true,0.0,0.0,0.08,0.0,false,,,,false,false,0.98,0.0,true,0.98,0.01,34,0,false,false,,,,1.0,observed,1.0,observed,1.0,observed,1.0,observed,0.0,routine_profiler_disabled,1.0,observed,1.0,observed,1.0,observed,1.0,observed,1.0,observed,1.0,observed,0.0,privacy_redacted,1.0,observed,1.0,observed,1.0,observed,0.0,not_scheduled,1.0,observed,valid,operator_signed,operator_signed,bms_meter,features-v0.1.0,policy-thresholds-v0.1.0,h100e-normalization-v0.1.0,sha256:0e62b02733e54c63a00b2f8a350c9d1d41927e304b31559234f722cf1d8dd311,false,false,false,false_positive_primary
feat_7524caacd7e5dedcd835040b,synthetic_v0_seed_20260510,20260510,site_a,linked_job_group,jobgrp_hmac_a623fd1eb469,2026-05-24T16:25:07Z,2026-05-25T16:25:07Z,86400,episode_underclocked_long_duration_training_00190,underclocked_long_duration_training,3,0.86,one strong primary layer plus semantic/supportive corroboration supports likely training,synthetic_latent_truth_plus_composite_rules,true,15.872,4096.0,3522,0.83,0.94,0.0,0.0,811.83,240.24,15.872,0.1982,0.86,unknown,true,,,,,,58.0,76.0,0.62,72.0,0.7,0.823,0.8309,0.0,,,false,0.4675,0.644,0.0,0.55,653,0.7,0.325,0.2888,0.96,0.38,4.4398,14544.4608,10.01,0.1208,-0.0775,0.7482,0.4164,0.446,811,pytorch_distributed_training,0.852,811,true,0.0,0.299,0.7385,0.0,false,,,,false,false,0.98,0.0,true,0.98,0.01,6,0,false,false,,,,1.0,observed,1.0,observed,0.0,not_applicable,1.0,observed,0.0,routine_profiler_disabled,1.0,observed,1.0,observed,1.0,observed,1.0,observed,1.0,observed,1.0,observed,0.0,privacy_redacted,1.0,observed,1.0,observed,1.0,observed,0.0,not_scheduled,1.0,observed,valid,operator_signed,operator_signed,bms_meter,features-v0.1.0,policy-thresholds-v0.1.0,h100e-normalization-v0.1.0,sha256:956c5bdfde75f2b4c16b1aa8ad3d5132a46bb36ff3c62795c60257831cdae174,false,false,false,training_primary_semantic
feat_a5a82658c279e88de6f03b68,synthetic_v0_seed_20260510,20260510,site_b,linked_job_group,jobgrp_hmac_42ffda916587,2026-05-24T18:02:45Z,2026-05-25T18:02:45Z,86400,episode_cloud_reservation_used_for_training_00187,cloud_reservation_used_for_training,3,0.89,two independent primary layers plus corroboration support likely training,synthetic_latent_truth_plus_composite_rules,true,11.5487,2048.0,1761,0.865,0.94,0.0,0.0,1237.49,114.68,11.5487,0.6042,0.9609,train,true,1237,114.68,0.8997,0.9518,92.81,80.0,89.0,0.8941,85.1,0.7585,0.9556,0.9439,0.0,,,false,0.5789,0.6744,0.0,0.6811,1043,0.7331,0.3366,0.3745,0.96,0.6394,2.3099,20313.6684,4.7783,0.0769,0.0691,0.8296,0.6187,0.6276,1237,pytorch_distributed_training,0.9226,1237,true,508.61,0.32,0.8972,0.8433,false,,,,false,false,0.98,0.0,true,0.98,0.01,49,0,false,false,,,,1.0,observed,1.0,observed,1.0,observed,1.0,observed,0.0,routine_profiler_disabled,1.0,observed,1.0,observed,1.0,observed,1.0,observed,1.0,observed,1.0,observed,0.0,privacy_redacted,1.0,observed,1.0,observed,1.0,observed,0.0,not_scheduled,1.0,observed,valid,operator_signed,operator_signed,bms_meter,features-v0.1.0,policy-thresholds-v0.1.0,h100e-normalization-v0.1.0,sha256:9d1a3a14c422656990adc5d46b52e5563d9bb8dbc7f633c31cdfa9de34ec02e6,false,false,false,training_primary_semantic
feat_0daa5c8c91d31b25ea7dce74,synthetic_v0_seed_20260510,20260510,site_a,linked_job_group,jobgrp_hmac_ec0ffcd61dd9,2026-05-24T18:15:55Z,2026-05-25T18:15:55Z,86400,episode_adversarial_fragmented_training_00072,adversarial_fragmented_training,2,0.78,fragmented sub-threshold activity is elevated until jobs/accounts are linked,synthetic_latent_truth_plus_composite_rules,true,19.3456,4096.0,3522,0.83,0.94,0.0,0.2805,884.41,268.79,19.3456,0.2159,0.42,unknown,true,,,,,,76.0,91.0,0.78,86.0,0.74,0.959,0.9613,0.0,,,false,0.408,0.506,0.0,0.48,559,0.55,0.2725,0.198,0.96,0.45,4.4398,22003.392,11.1996,0.0952,0.2425,0.8421,0.471,0.495,884,pytorch_distributed_training,0.544,884,true,0.0,0.303,0.6078,0.0,false,,,,false,false,0.98,0.0,true,0.98,0.01,53,0,false,false,,,,1.0,observed,1.0,observed,0.0,not_applicable,1.0,observed,0.0,routine_profiler_disabled,1.0,observed,1.0,observed,1.0,observed,1.0,observed,1.0,observed,1.0,observed,0.0,privacy_redacted,1.0,observed,1.0,observed,1.0,observed,0.0,not_scheduled,1.0,observed,valid,operator_signed,operator_signed,bms_meter,features-v0.1.0,policy-thresholds-v0.1.0,h100e-normalization-v0.1.0,sha256:3fa6899e0e538faf53618b6150d47750010bcd57016c657ab4ab2da581737799,false,false,false,training_fragmented
feat_c87b1e5ceca31c010c91fb80,synthetic_v0_seed_20260510,20260510,site_a,linked_job_group,jobgrp_hmac_0dfaaaccd189,2026-05-25T03:49:34Z,2026-05-26T03:49:34Z,86400,episode_pretraining_00058,pretraining,4,0.96,authenticated ML evidence crosses the policy compute threshold,synthetic_latent_truth_plus_composite_rules,true,24.2038,4096.0,3522,0.83,0.94,0.0,0.0,1559.61,190.7,24.2038,0.3808,0.8941,train,true,,,,,,85.79,94.79,0.8234,87.18,0.8833,1.0,0.9943,0.0,0.8283,0.5881,true,0.6497,0.6859,0.0,0.7643,1337,0.7456,0.341,0.4274,0.96,0.5015,4.4398,27491.0342,7.9458,0.0883,0.1229,0.8659,0.5112,0.531,1559,pytorch_distributed_training,0.8759,1559,true,109.04,1.215,0.7842,0.7415,true,160.68,3246.42,350713,true,true,0.98,0.0,true,0.98,0.01,6,0,false,false,,,,1.0,observed,1.0,observed,0.0,not_applicable,1.0,observed,0.4245,privacy_redacted,1.0,observed,1.0,observed,1.0,observed,1.0,observed,1.0,observed,1.0,observed,0.9092,delayed_log_delivery,1.0,observed,1.0,observed,1.0,observed,0.0,not_scheduled,1.0,observed,valid,operator_signed,operator_signed,bms_meter,features-v0.1.0,policy-thresholds-v0.1.0,h100e-normalization-v0.1.0,sha256:0d5f6ae59299daa0fa98dca67d5799d4b82b29fd60338cf7470029ff815d3068,false,false,false,training_primary_semantic
feat_b8530d86c05dfed7d26703c5,synthetic_v0_seed_20260510,20260510,site_a,topology_domain,fabricdom_hmac_f31ebaa66088,2026-05-25T03:58:44Z,2026-05-26T03:58:44Z,86400,episode_normal_inference_00194,normal_inference,1,0.78,routine inference on capable monitored capacity leaves training possible but not elevated,synthetic_latent_truth_plus_composite_rules,true,0.0199,4096.0,3522,0.83,0.94,0.0,0.0,22.46,10.89,0.0199,0.0055,0.6125,inference,false,,,,,,39.32,69.96,0.2017,56.47,0.3703,0.6008,0.7784,0.0,,,false,0.0559,0.0973,0.0,0.0657,2,0.1058,0.117,0.0052,0.96,0.223,4.4398,0.0,0.4538,0.1877,0.2187,0.7104,0.2939,0.3361,22,tensorrt_llm_serving,0.6787,22,false,0.0,0.0,0.0,0.0,false,,,,false,false,0.98,0.0,true,0.98,0.01,13,0,false,false,,,,1.0,observed,1.0,observed,0.0,not_applicable,1.0,observed,0.0,routine_profiler_disabled,1.0,observed,1.0,observed,1.0,observed,1.0,observed,1.0,observed,1.0,observed,0.0,privacy_redacted,1.0,observed,1.0,observed,1.0,observed,0.0,not_scheduled,1.0,observed,valid,operator_signed,operator_signed,bms_meter,features-v0.1.0,policy-thresholds-v0.1.0,h100e-normalization-v0.1.0,sha256:60b789c715c844b2f9d23eefe8e27b7092b8881f806d6731f6b2651b36db0eef,false,false,false,none
feat_948d7836ed909f3a72fce7f5,synthetic_v0_seed_20260510,20260510,site_a,linked_job_group,jobgrp_hmac_a60314b5d69a,2026-05-25T05:30:51Z,2026-05-26T05:30:51Z,86400,episode_underclocked_long_duration_training_00017,underclocked_long_duration_training,3,0.86,one strong primary layer plus semantic/supportive corroboration supports likely training,synthetic_latent_truth_plus_composite_rules,true,16.05,4096.0,3522,0.83,0.94,0.0,0.0,513.42,384.13,16.05,0.1253,0.86,unknown,true,,,,,,58.0,76.0,0.62,72.0,0.7,0.823,0.8309,0.0,,,false,0.4675,0.644,0.0,0.55,413,0.7,0.325,0.2888,0.96,0.38,4.4398,14544.4608,16.0054,0.1208,-0.0349,0.7482,0.4164,0.446,513,pytorch_distributed_training,0.852,513,true,0.0,0.481,0.6069,0.0,false,,,,false,false,0.98,0.0,true,0.98,0.01,65,0,false,false,,,,1.0,observed,1.0,observed,0.0,not_applicable,1.0,observed,0.0,routine_profiler_disabled,1.0,observed,1.0,observed,1.0,observed,1.0,observed,1.0,observed,1.0,observed,0.0,privacy_redacted,1.0,observed,1.0,observed,1.0,observed,0.0,not_scheduled,1.0,observed,valid,operator_signed,operator_signed,bms_meter,features-v0.1.0,policy-thresholds-v0.1.0,h100e-normalization-v0.1.0,sha256:bdfd2f75cca34ba7caaa7fe0f287293efcde922c0cbaf274e2c522eb4a213fe9,false,false,false,training_primary_semantic
feat_0135f246f67cae18f9aeaf31,synthetic_v0_seed_20260510,20260510,site_a,linked_job_group,jobgrp_hmac_ab869290b1d8,2026-05-25T08:33:22Z,2026-05-26T08:33:22Z,86400,episode_pretraining_00025,pretraining,4,0.93,"scheduler, GPU, fabric, power, and storage cohere under high integrity",synthetic_latent_truth_plus_composite_rules,true,68.8809,4096.0,3522,0.83,0.94,0.0,0.0,2035.13,415.9,68.8809,0.4969,0.927,train,true,,,,,,91.83,98.0,0.912,88.05,0.8755,1.0,1.0,0.0,0.5971,0.8256,true,0.7456,0.8409,0.0,0.8771,1831,0.9141,0.3999,0.6013,0.96,0.5998,4.4398,37965.5048,17.3292,0.0741,0.1029,0.87,0.5878,0.5999,2035,pytorch_distributed_training,0.8989,2035,true,167.27,0.504,0.8767,0.7689,false,415.89,3719.61,378511,true,true,0.98,0.0,true,0.98,0.01,67,0,false,false,,,,1.0,observed,1.0,observed,0.0,not_applicable,1.0,observed,0.5176,privacy_redacted,1.0,observed,1.0,observed,1.0,observed,1.0,observed,1.0,observed,1.0,observed,0.8707,delayed_log_delivery,1.0,observed,1.0,observed,1.0,observed,0.0,not_scheduled,1.0,observed,valid,operator_signed,operator_signed,bms_meter,features-v0.1.0,policy-thresholds-v0.1.0,h100e-normalization-v0.1.0,sha256:9d3d1e2c4e5b2adb34fc651b67b9177d820763d556e486a4262ea7ab12820e8b,false,false,false,training_primary_semantic
feat_5b8c647dcbb0f069b02b402e,synthetic_v0_seed_20260510,20260510,site_c,topology_domain,fabricdom_hmac_49e20f3493d6,2026-05-25T10:36:26Z,2026-05-26T10:36:26Z,86400,episode_reserved_but_unused_capacity_00126,reserved_but_unused_capacity,0,0.95,capacity below policy threshold with strong coverage,synthetic_latent_truth_plus_composite_rules,false,7.148,384.0,276,0.9,0.66,0.0,0.0,384.0,228.74,7.148,1.0,0.86,reserved,true,,,,,,3.0,12.0,0.0,2.0,0.08,0.038,0.2743,0.0,,,false,0.0255,0.0,0.0,0.03,0,0.0,0.08,0.0,0.96,0.2856,0.5794,0.0,9.5308,0.22,0.0393,0.3475,0.3646,0.3995,384,none,0.852,384,false,0.0,0.0,0.0,0.0,false,,,,false,false,0.98,0.0,true,0.98,0.01,39,0,false,false,,,,1.0,observed,1.0,observed,1.0,observed,1.0,observed,0.0,routine_profiler_disabled,1.0,observed,1.0,observed,1.0,observed,1.0,observed,1.0,observed,1.0,observed,0.0,privacy_redacted,1.0,observed,1.0,observed,1.0,observed,0.0,not_scheduled,1.0,observed,valid,auditor_reconciled,auditor_reconciled,bms_meter,features-v0.1.0,policy-thresholds-v0.1.0,h100e-normalization-v0.1.0,sha256:3de2517a9fe5fe0994fddddbfa973b4c721aca46a3ed891ed328c741de057a93,true,false,false,capacity_only
feat_3741957e08edecfcdce5f5c8,synthetic_v0_seed_20260510,20260510,site_a,topology_domain,fabricdom_hmac_8d153bc82d4c,2026-05-25T11:07:03Z,2026-05-26T11:07:03Z,86400,episode_normal_inference_00115,normal_inference,1,0.78,routine inference on capable monitored capacity leaves training possible but not elevated,synthetic_latent_truth_plus_composite_rules,true,0.0407,4096.0,3522,0.83,0.94,0.0,0.0,16.72,29.95,0.0407,0.0041,0.4206,inference,false,,,,,,31.46,47.19,0.2067,53.01,0.3589,0.5668,0.5803,0.0,,,false,0.0682,0.0608,0.0,0.0803,1,0.0661,0.1031,0.004,0.96,0.2215,4.4398,0.0,1.2479,0.1869,0.2191,0.5678,0.2928,0.335,16,ray_batch_inference,0.5444,16,false,0.0,0.0,0.0,0.0,false,,,,false,false,0.98,0.0,true,0.98,0.01,3,0,false,false,,,,1.0,observed,1.0,observed,0.0,not_applicable,1.0,observed,0.0,routine_profiler_disabled,1.0,observed,1.0,observed,1.0,observed,1.0,observed,1.0,observed,1.0,observed,0.0,privacy_redacted,1.0,observed,1.0,observed,1.0,observed,0.0,not_scheduled,1.0,observed,valid,operator_signed,operator_signed,bms_meter,features-v0.1.0,policy-thresholds-v0.1.0,h100e-normalization-v0.1.0,sha256:a1bf5783d7a033c7a80f8f1c11f907ffb5701e01e66fe168cd7e547c88963144,false,false,false,none
feat_405f0174d7067b37c9740f85,synthetic_v0_seed_20260510,20260510,site_c,topology_domain,fabricdom_hmac_898032b0186a,2026-05-25T11:39:19Z,2026-05-26T11:39:19Z,86400,episode_reserved_but_unused_capacity_00140,reserved_but_unused_capacity,0,0.95,capacity below policy threshold with strong coverage,synthetic_latent_truth_plus_composite_rules,false,2.5651,384.0,276,0.9,0.66,0.0,0.0,384.0,82.08,2.5651,1.0,0.86,reserved,true,,,,,,3.0,12.0,0.0,2.0,0.08,0.038,0.2743,0.0,,,false,0.0255,0.0,0.0,0.03,0,0.0,0.08,0.0,0.96,0.2263,0.5794,0.0,3.42,0.22,0.0393,0.3475,0.3646,0.3995,384,none,0.852,384,false,0.0,0.0,0.0,0.0,false,,,,false,false,0.98,0.0,true,0.98,0.01,16,0,false,false,,,,1.0,observed,1.0,observed,1.0,observed,1.0,observed,0.0,routine_profiler_disabled,1.0,observed,1.0,observed,1.0,observed,1.0,observed,1.0,observed,1.0,observed,0.0,privacy_redacted,1.0,observed,1.0,observed,1.0,observed,0.0,not_scheduled,1.0,observed,valid,auditor_reconciled,auditor_reconciled,bms_meter,features-v0.1.0,policy-thresholds-v0.1.0,h100e-normalization-v0.1.0,sha256:6eb68cc20d119057cb3d1f3bdd9aca50e2284168b1e4bf28d68f1fcab4b31073,true,false,false,capacity_only
feat_2d514ebd818aca07e5d6947e,synthetic_v0_seed_20260510,20260510,site_b,linked_job_group,jobgrp_hmac_772e33f4cb94,2026-05-25T16:50:53Z,2026-05-26T16:50:53Z,86400,episode_underclocked_long_duration_training_00110,underclocked_long_duration_training,3,0.86,one strong primary layer plus semantic/supportive corroboration supports likely training,synthetic_latent_truth_plus_composite_rules,true,39.3635,2048.0,1761,0.865,0.94,0.0,0.0,1952.09,247.79,39.3635,0.9532,0.86,unknown,true,,,,,,58.0,76.0,0.62,72.0,0.7,0.823,0.8309,0.0,,,false,0.4675,0.644,0.0,0.55,1571,0.7,0.325,0.2888,0.96,0.785,2.3099,28385.4528,10.3246,0.1208,-0.0312,0.7482,0.7323,0.7295,1952,pytorch_distributed_training,0.852,1952,true,0.0,1.084,0.7672,0.0,false,,,,false,false,0.98,0.0,true,0.98,0.01,73,0,false,false,,,,1.0,observed,1.0,observed,1.0,observed,1.0,observed,0.0,routine_profiler_disabled,1.0,observed,1.0,observed,1.0,observed,1.0,observed,1.0,observed,1.0,observed,0.0,privacy_redacted,1.0,observed,1.0,observed,1.0,observed,0.0,not_scheduled,1.0,observed,valid,operator_signed,operator_signed,bms_meter,features-v0.1.0,policy-thresholds-v0.1.0,h100e-normalization-v0.1.0,sha256:9290753893e13346a884b794b2bc457621e436db478dfcd97395ab389cde0a21,false,false,false,training_primary_semantic
feat_2eb952787b9d0400153fa85a,synthetic_v0_seed_20260510,20260510,site_b,linked_job_group,jobgrp_hmac_42ffda916587,2026-05-25T18:02:45Z,2026-05-26T18:02:45Z,86400,episode_cloud_reservation_used_for_training_00187,cloud_reservation_used_for_training,3,0.89,two independent primary layers plus corroboration support likely training,synthetic_latent_truth_plus_composite_rules,true,11.5487,2048.0,1761,0.865,0.94,0.0,0.0,1237.49,114.68,11.5487,0.6042,0.9609,train,true,1237,114.68,0.8997,0.9518,92.81,80.0,89.0,0.8941,85.1,0.7585,0.9556,0.9439,0.0,,,false,0.5789,0.6744,0.0,0.6811,1043,0.7331,0.3366,0.3745,0.96,0.6394,2.3099,20313.6684,4.7783,0.0769,0.0691,0.8296,0.6187,0.6276,1237,pytorch_distributed_training,0.9226,1237,true,508.61,0.32,0.8972,0.8433,false,,,,false,false,0.98,0.0,true,0.98,0.01,49,0,false,false,,,,1.0,observed,1.0,observed,1.0,observed,1.0,observed,0.0,routine_profiler_disabled,1.0,observed,1.0,observed,1.0,observed,1.0,observed,1.0,observed,1.0,observed,0.0,privacy_redacted,1.0,observed,1.0,observed,1.0,observed,0.0,not_scheduled,1.0,observed,valid,operator_signed,operator_signed,bms_meter,features-v0.1.0,policy-thresholds-v0.1.0,h100e-normalization-v0.1.0,sha256:1c9e3335ac741fa6a3f66ffac57b2d8d7d9c6fec7b8bcde4fd0980aeb37c935d,false,false,false,training_primary_semantic
feat_f9002c129265d741285f44b2,synthetic_v0_seed_20260510,20260510,site_b,linked_job_group,jobgrp_hmac_55e0294358c8,2026-05-25T20:09:36Z,2026-05-26T20:09:36Z,86400,episode_underclocked_long_duration_training_00075,underclocked_long_duration_training,3,0.86,one strong primary layer plus semantic/supportive corroboration supports likely training,synthetic_latent_truth_plus_composite_rules,true,22.9192,2048.0,1761,0.865,0.94,0.0,0.0,754.69,373.18,22.9192,0.3685,0.86,unknown,true,,,,,,58.0,76.0,0.62,72.0,0.7,0.823,0.8309,0.0,,,false,0.4675,0.644,0.0,0.55,607,0.7,0.325,0.2888,0.96,0.4384,2.3099,9170.6143,15.5492,0.1208,0.0016,0.7482,0.462,0.4869,754,pytorch_distributed_training,0.852,754,true,0.0,0.897,0.7612,0.0,false,,,,false,false,0.98,0.0,true,0.98,0.01,35,0,false,false,,,,1.0,observed,1.0,observed,1.0,observed,1.0,observed,0.0,routine_profiler_disabled,1.0,observed,1.0,observed,1.0,observed,1.0,observed,1.0,observed,1.0,observed,0.0,privacy_redacted,1.0,observed,1.0,observed,1.0,observed,0.0,not_scheduled,1.0,observed,valid,operator_signed,operator_signed,bms_meter,features-v0.1.0,policy-thresholds-v0.1.0,h100e-normalization-v0.1.0,sha256:dda7efad7eed9d768ae2de96eff28a5bec7fbca9a5c21f126d890da00894d565,false,false,false,training_primary_semantic
feat_41e12ce038952b5316a04dc8,synthetic_v0_seed_20260510,20260510,site_b,topology_domain,fabricdom_hmac_65b568a0c546,2026-05-25T20:48:56Z,2026-05-26T20:48:56Z,86400,episode_normal_inference_00067,normal_inference,1,0.78,routine inference on capable monitored capacity leaves training possible but not elevated,synthetic_latent_truth_plus_composite_rules,true,0.0185,2048.0,1761,0.865,0.94,0.0,0.0,17.62,12.88,0.0185,0.0086,0.6791,inference,false,,,,,,22.84,71.91,0.3103,24.81,0.5785,0.3679,0.7953,0.0,,,false,0.0681,0.0367,0.0,0.0802,0,0.0399,0.094,0.0024,0.96,0.38,2.3099,5933.0304,0.5367,0.1703,0.3732,0.7226,0.4164,0.446,17,tensorrt_llm_serving,0.7253,17,false,0.0,0.0,0.0,0.0,false,,,,false,false,0.98,0.0,true,0.98,0.01,77,0,false,false,,,,1.0,observed,1.0,observed,1.0,observed,1.0,observed,0.0,routine_profiler_disabled,1.0,observed,1.0,observed,1.0,observed,1.0,observed,1.0,observed,1.0,observed,0.0,privacy_redacted,1.0,observed,1.0,observed,1.0,observed,0.0,not_scheduled,1.0,observed,valid,operator_signed,operator_signed,bms_meter,features-v0.1.0,policy-thresholds-v0.1.0,h100e-normalization-v0.1.0,sha256:8821d6e89821bb79fd0d028cab7b7a16b1b05fa3f974958e0a5de614c1cac2e7,false,false,false,none
feat_cb7597ad4029b4a44999e332,synthetic_v0_seed_20260510,20260510,site_c,topology_domain,fabricdom_hmac_8f408e3606,2026-05-25T21:48:45Z,2026-05-26T21:48:45Z,86400,episode_idle_00081,idle,0,0.95,capacity below policy threshold with strong coverage,synthetic_latent_truth_plus_composite_rules,false,0.0,384.0,276,0.9,0.66,0.0,0.0,0.0,0.0,0.0,0.0,0.0,none,false,,,,,,0.0,0.0,0.0,0.0,0.0,0.0,0.18,0.0,,,false,0.0,0.0,0.0,0.0,0,0.0,0.0,0.0,0.96,0.2182,0.5794,0.0,1.2533,0.1946,0.0,0.08,0.1,0.12,0,none,0.0,0,false,0.0,0.0,0.0,0.0,false,,,,false,false,0.98,0.0,true,0.98,0.01,65,0,false,false,,,,1.0,observed,1.0,observed,1.0,observed,1.0,observed,0.0,routine_profiler_disabled,1.0,observed,1.0,observed,1.0,observed,1.0,observed,1.0,observed,1.0,observed,0.0,privacy_redacted,1.0,observed,1.0,observed,1.0,observed,0.0,not_scheduled,1.0,observed,valid,auditor_reconciled,auditor_reconciled,bms_meter,features-v0.1.0,policy-thresholds-v0.1.0,h100e-normalization-v0.1.0,sha256:1a3bf12a42ec1506f1dd5fdf11d3ce27223f7e92a8a666f9e92b788ed4079399,false,false,false,none
feat_2c25247fc797cbd7fe51ee4c,synthetic_v0_seed_20260510,20260510,site_a,linked_job_group,jobgrp_hmac_a623fd1eb469,2026-05-25T23:18:37Z,2026-05-26T23:18:37Z,86400,episode_underclocked_long_duration_training_00190,underclocked_long_duration_training,3,0.86,one strong primary layer plus semantic/supportive corroboration supports likely training,synthetic_latent_truth_plus_composite_rules,true,15.872,4096.0,3522,0.83,0.94,0.0,0.0,811.83,240.24,15.872,0.1982,0.86,unknown,true,,,,,,58.0,76.0,0.62,72.0,0.7,0.823,0.8309,0.0,,,false,0.4675,0.644,0.0,0.55,653,0.7,0.325,0.2888,0.96,0.38,4.4398,14544.4608,10.01,0.1208,-0.0775,0.7482,0.4164,0.446,811,pytorch_distributed_training,0.852,811,true,0.0,0.299,0.7385,0.0,false,,,,false,false,0.98,0.0,true,0.98,0.01,6,0,false,false,,,,1.0,observed,1.0,observed,0.0,not_applicable,1.0,observed,0.0,routine_profiler_disabled,1.0,observed,1.0,observed,1.0,observed,1.0,observed,1.0,observed,1.0,observed,0.0,privacy_redacted,1.0,observed,1.0,observed,1.0,observed,0.0,not_scheduled,1.0,observed,valid,operator_signed,operator_signed,bms_meter,features-v0.1.0,policy-thresholds-v0.1.0,h100e-normalization-v0.1.0,sha256:2564bbed89d2cb7069a907bfd7e43d49f82b7b26a4f115d9b02d118c4e92e2b7,false,false,false,training_primary_semantic
feat_195d463ae761e888c4e88b07,synthetic_v0_seed_20260510,20260510,site_a,topology_domain,fabricdom_hmac_49f35ed99c7f,2026-05-26T01:20:21Z,2026-05-27T01:20:21Z,86400,episode_large_batch_inference_00171,large_batch_inference,2,0.78,large_batch_inference is a high-load false-positive class requiring cross-checks,synthetic_latent_truth_plus_composite_rules,true,0.5785,4096.0,3522,0.83,0.94,0.0,0.0,636.62,11.17,0.5785,0.1554,0.78,inference,false,,,,,,68.0,88.0,0.62,72.0,0.62,0.803,0.9352,0.0,,,false,0.187,0.138,0.0,0.22,109,0.15,0.1325,0.0248,0.96,0.45,4.4398,22003.392,0.4654,0.1208,0.3047,0.8233,0.471,0.495,636,large_batch_inference,0.796,636,false,24.62,0.0,0.0,0.0,false,,,,false,false,0.98,0.0,true,0.98,0.01,51,0,false,false,,,,1.0,observed,1.0,observed,0.0,not_applicable,1.0,observed,0.0,routine_profiler_disabled,1.0,observed,1.0,observed,1.0,observed,1.0,observed,1.0,observed,1.0,observed,0.0,privacy_redacted,1.0,observed,1.0,observed,1.0,observed,0.0,not_scheduled,1.0,observed,valid,operator_signed,operator_signed,bms_meter,features-v0.1.0,policy-thresholds-v0.1.0,h100e-normalization-v0.1.0,sha256:e0749de96471cd231b9bcff08f60e4679010c3ab1fa39d071824fe3b0490b1e6,false,false,false,false_positive_primary
feat_94ebb6ce970f16d7ccf778a8,synthetic_v0_seed_20260510,20260510,site_a,linked_job_group,jobgrp_hmac_ec0ffcd61dd9,2026-05-26T05:14:06Z,2026-05-27T05:14:06Z,86400,episode_adversarial_fragmented_training_00072,adversarial_fragmented_training,2,0.78,fragmented sub-threshold activity is elevated until jobs/accounts are linked,synthetic_latent_truth_plus_composite_rules,true,19.3456,4096.0,3522,0.83,0.94,0.0,0.2805,884.41,268.79,19.3456,0.2159,0.42,unknown,true,,,,,,76.0,91.0,0.78,86.0,0.74,0.959,0.9613,0.0,,,false,0.408,0.506,0.0,0.48,559,0.55,0.2725,0.198,0.96,0.45,4.4398,22003.392,11.1996,0.0952,0.2425,0.8421,0.471,0.495,884,pytorch_distributed_training,0.544,884,true,0.0,0.303,0.6078,0.0,false,,,,false,false,0.98,0.0,true,0.98,0.01,53,0,false,false,,,,1.0,observed,1.0,observed,0.0,not_applicable,1.0,observed,0.0,routine_profiler_disabled,1.0,observed,1.0,observed,1.0,observed,1.0,observed,1.0,observed,1.0,observed,0.0,privacy_redacted,1.0,observed,1.0,observed,1.0,observed,0.0,not_scheduled,1.0,observed,valid,operator_signed,operator_signed,bms_meter,features-v0.1.0,policy-thresholds-v0.1.0,h100e-normalization-v0.1.0,sha256:bf043244516cd69372942b509ee247fbad415efe5cdb4e5a12b1cad1b7372e9c,false,false,false,training_fragmented
feat_ac93efc2a9c1dbd47f061c30,synthetic_v0_seed_20260510,20260510,site_c,topology_domain,fabricdom_hmac_403a69c3eae7,2026-05-26T08:04:07Z,2026-05-27T08:04:07Z,86400,episode_nccl_benchmark_00026,nccl_benchmark,0,0.95,capacity below policy threshold with strong coverage,synthetic_latent_truth_plus_composite_rules,false,0.0452,384.0,276,0.9,0.66,0.0,0.0,185.2,3.0,0.0452,0.4823,0.92,benchmark,false,,,,,,58.0,96.0,0.52,84.0,0.4,0.856,1.0,0.0,0.342,0.3086,true,0.782,0.7912,0.0,0.92,166,0.86,0.381,0.5934,0.96,0.5811,0.5794,1732.4663,0.125,0.1368,0.0988,0.87,0.5733,0.5868,185,nccl_benchmark,0.894,185,true,0.0,0.0,0.0,0.0,false,,,,false,false,0.98,0.0,true,0.98,0.01,25,0,false,false,,,,1.0,observed,1.0,observed,1.0,observed,1.0,observed,0.5652,privacy_redacted,1.0,observed,1.0,observed,1.0,observed,1.0,observed,1.0,observed,1.0,observed,0.0,privacy_redacted,1.0,observed,1.0,observed,1.0,observed,0.0,not_scheduled,1.0,observed,valid,auditor_reconciled,auditor_reconciled,bms_meter,features-v0.1.0,policy-thresholds-v0.1.0,h100e-normalization-v0.1.0,sha256:8c486ee8c06b760193fcc84fd6e13f7bd5486384b963b4816d88c962ed5420f8,false,false,false,false_positive_primary
feat_3247a140b5010e49805e6b10,synthetic_v0_seed_20260510,20260510,site_a,linked_job_group,jobgrp_hmac_2943268caf1b,2026-05-26T08:31:40Z,2026-05-27T08:31:40Z,86400,episode_small_fine_tune_00167,small_fine_tune,1,0.8,small fine-tune remains below policy compute threshold,synthetic_latent_truth_plus_composite_rules,true,0.0025,4096.0,3522,0.83,0.94,0.0,0.0,14.37,2.1,0.0025,0.0035,0.82,fine_tune,false,,,,,,68.0,89.0,0.7,78.0,0.68,0.872,0.9439,0.0,,,false,0.272,0.4784,0.0,0.32,8,0.52,0.262,0.1248,0.96,0.45,4.4398,22003.392,0.0875,0.108,0.4467,0.8296,0.471,0.495,14,pytorch_distributed_training,0.824,14,false,0.0,0.068,0.48,0.0,false,4.3,16.78,1816,true,true,0.98,0.0,true,0.98,0.01,16,0,false,false,,,,1.0,observed,1.0,observed,0.0,not_applicable,1.0,observed,0.0,routine_profiler_disabled,1.0,observed,1.0,observed,1.0,observed,1.0,observed,1.0,observed,1.0,observed,0.55,delayed_log_delivery,1.0,observed,1.0,observed,1.0,observed,0.0,not_scheduled,1.0,observed,valid,operator_signed,operator_signed,bms_meter,features-v0.1.0,policy-thresholds-v0.1.0,h100e-normalization-v0.1.0,sha256:e601e256409c35987a143f58edcf22c0eb78b135a74d17bd1d641b59d6f2701a,false,false,false,none
feat_9ff78cead936f617c51fc1bd,synthetic_v0_seed_20260510,20260510,site_c,topology_domain,fabricdom_hmac_8f408e3606,2026-05-26T08:52:07Z,2026-05-27T08:52:07Z,86400,episode_idle_00106,idle,0,0.95,capacity below policy threshold with strong coverage,synthetic_latent_truth_plus_composite_rules,false,0.0,384.0,276,0.9,0.66,0.0,0.0,0.0,0.0,0.0,0.0,0.0,none,false,,,,,,0.0,0.0,0.0,0.0,0.0,0.0,0.18,0.0,,,false,0.0,0.0,0.0,0.0,0,0.0,0.0,0.0,0.96,0.1307,0.5794,0.0,0.4367,0.122,0.0,0.08,0.1,0.12,0,none,0.0,0,false,0.0,0.0,0.0,0.0,false,,,,false,false,0.98,0.0,true,0.98,0.01,50,0,false,false,,,,1.0,observed,1.0,observed,1.0,observed,1.0,observed,0.0,routine_profiler_disabled,1.0,observed,1.0,observed,1.0,observed,1.0,observed,1.0,observed,1.0,observed,0.0,privacy_redacted,1.0,observed,1.0,observed,1.0,observed,0.0,not_scheduled,1.0,observed,valid,auditor_reconciled,auditor_reconciled,bms_meter,features-v0.1.0,policy-thresholds-v0.1.0,h100e-normalization-v0.1.0,sha256:4d00a217e7a8f8c2c3c5c94d785073a8c5e6754a9b011d9d266e3efba044861f,false,false,false,none
feat_e04d87f1b83de307f116f517,synthetic_v0_seed_20260510,20260510,site_c,topology_domain,fabricdom_hmac_898032b0186a,2026-05-26T11:39:19Z,2026-05-27T11:39:19Z,86400,episode_reserved_but_unused_capacity_00140,reserved_but_unused_capacity,0,0.95,capacity below policy threshold with strong coverage,synthetic_latent_truth_plus_composite_rules,false,2.5651,384.0,276,0.9,0.66,0.0,0.0,384.0,82.08,2.5651,1.0,0.86,reserved,true,,,,,,3.0,12.0,0.0,2.0,0.08,0.038,0.2743,0.0,,,false,0.0255,0.0,0.0,0.03,0,0.0,0.08,0.0,0.96,0.2263,0.5794,0.0,3.42,0.22,0.0393,0.3475,0.3646,0.3995,384,none,0.852,384,false,0.0,0.0,0.0,0.0,false,,,,false,false,0.98,0.0,true,0.98,0.01,16,0,false,false,,,,1.0,observed,1.0,observed,1.0,observed,1.0,observed,0.0,routine_profiler_disabled,1.0,observed,1.0,observed,1.0,observed,1.0,observed,1.0,observed,1.0,observed,0.0,privacy_redacted,1.0,observed,1.0,observed,1.0,observed,0.0,not_scheduled,1.0,observed,valid,auditor_reconciled,auditor_reconciled,bms_meter,features-v0.1.0,policy-thresholds-v0.1.0,h100e-normalization-v0.1.0,sha256:8391d5b2c83b73f6004755dcb09563201c594b8d6dec18ef64290f5344f20150,true,false,false,capacity_only
feat_c65b5a8337ee08935b4b4184,synthetic_v0_seed_20260510,20260510,site_b,topology_domain,fabricdom_hmac_66f04465f411,2026-05-26T16:36:09Z,2026-05-27T16:36:09Z,86400,episode_normal_inference_00120,normal_inference,1,0.78,routine inference on capable monitored capacity leaves training possible but not elevated,synthetic_latent_truth_plus_composite_rules,true,0.0313,2048.0,1761,0.865,0.94,0.0,0.0,39.79,9.68,0.0313,0.0194,0.4293,inference,false,,,,,,30.26,59.79,0.3593,22.29,0.2291,0.2579,0.6899,0.0,,,false,0.1442,0.0938,0.0,0.1696,4,0.102,0.1157,0.013,0.96,0.2291,2.3099,0.0,0.4033,0.1625,0.2157,0.6467,0.2987,0.3404,39,vllm_inference,0.5505,39,false,0.0,0.0,0.0,0.0,false,,,,false,false,0.98,0.0,true,0.98,0.01,10,0,false,false,,,,1.0,observed,1.0,observed,1.0,observed,1.0,observed,0.0,routine_profiler_disabled,1.0,observed,1.0,observed,1.0,observed,1.0,observed,1.0,observed,1.0,observed,0.0,privacy_redacted,1.0,observed,1.0,observed,1.0,observed,0.0,not_scheduled,1.0,observed,valid,operator_signed,operator_signed,bms_meter,features-v0.1.0,policy-thresholds-v0.1.0,h100e-normalization-v0.1.0,sha256:ac48344e63f47b80e3e572b20321b22db899a3816cc81cfa071610a8d3fe1295,false,false,false,none
feat_eeaebf5d52a9b17b9a47f8ad,synthetic_v0_seed_20260510,20260510,site_c,topology_domain,fabricdom_hmac_6a7345a23053,2026-05-26T16:48:52Z,2026-05-27T16:48:52Z,86400,episode_large_etl_data_movement_00079,large_etl_data_movement,0,0.95,capacity below policy threshold with strong coverage,synthetic_latent_truth_plus_composite_rules,false,0.0018,384.0,276,0.9,0.66,0.0,0.0,4.26,5.24,0.0018,0.0111,0.25,data,false,,,,,507.7,22.0,48.0,0.08,12.0,0.28,0.178,0.5874,0.0,,,false,0.153,0.046,0.0,0.18,0,0.05,0.0975,0.0067,0.96,0.2242,0.5794,0.0,0.2183,0.2072,0.2177,0.5729,0.2949,0.3369,4,etl_data_pipeline,0.425,4,false,1186.21,0.0,0.0,0.0,false,,,,false,false,0.98,0.0,true,0.98,0.01,24,0,false,false,,,,1.0,observed,1.0,observed,1.0,observed,1.0,observed,0.0,routine_profiler_disabled,1.0,observed,1.0,observed,1.0,observed,1.0,observed,1.0,observed,1.0,observed,0.0,privacy_redacted,1.0,observed,1.0,observed,1.0,observed,0.0,not_scheduled,1.0,observed,valid,auditor_reconciled,auditor_reconciled,bms_meter,features-v0.1.0,policy-thresholds-v0.1.0,h100e-normalization-v0.1.0,sha256:12105a091152f68069b1236d3b26917f12505202228061f14acad12625351e0c,false,false,true,physical_only
feat_3d2ad33da0707606d40b8771,synthetic_v0_seed_20260510,20260510,site_b,linked_job_group,jobgrp_hmac_42ffda916587,2026-05-26T18:02:45Z,2026-05-27T18:02:45Z,86400,episode_cloud_reservation_used_for_training_00187,cloud_reservation_used_for_training,3,0.89,two independent primary layers plus corroboration support likely training,synthetic_latent_truth_plus_composite_rules,true,11.5487,2048.0,1761,0.865,0.94,0.0,0.0,1237.49,114.68,11.5487,0.6042,0.9609,train,true,1237,114.68,0.8997,0.9518,92.81,80.0,89.0,0.8941,85.1,0.7585,0.9556,0.9439,0.0,,,false,0.5789,0.6744,0.0,0.6811,1043,0.7331,0.3366,0.3745,0.96,0.6394,2.3099,20313.6684,4.7783,0.0769,0.0691,0.8296,0.6187,0.6276,1237,pytorch_distributed_training,0.9226,1237,true,508.61,0.32,0.8972,0.8433,false,,,,false,false,0.98,0.0,true,0.98,0.01,49,0,false,false,,,,1.0,observed,1.0,observed,1.0,observed,1.0,observed,0.0,routine_profiler_disabled,1.0,observed,1.0,observed,1.0,observed,1.0,observed,1.0,observed,1.0,observed,0.0,privacy_redacted,1.0,observed,1.0,observed,1.0,observed,0.0,not_scheduled,1.0,observed,valid,operator_signed,operator_signed,bms_meter,features-v0.1.0,policy-thresholds-v0.1.0,h100e-normalization-v0.1.0,sha256:ad2fce29ff9fa5dd8f07d9492c39ff3d02fefe0c28d4c175468e41ff3d363b14,false,false,false,training_primary_semantic
feat_ca31256419b97aae2aed94b6,synthetic_v0_seed_20260510,20260510,site_b,linked_job_group,jobgrp_hmac_13fed90caf43,2026-05-26T18:20:44Z,2026-05-27T18:20:44Z,86400,episode_large_fine_tune_00018,large_fine_tune,4,0.96,authenticated ML evidence crosses the policy compute threshold,synthetic_latent_truth_plus_composite_rules,true,30.8334,2048.0,1761,0.865,0.94,0.0,0.0,1692.14,223.91,30.8334,0.8262,0.8884,train,true,,,,,,88.8,97.8,0.8866,95.81,0.792,1.0,1.0,0.0,0.6795,0.6926,true,0.6454,0.6828,0.0,0.7593,1444,0.7422,0.3398,0.4226,0.96,0.8503,2.3099,32005.5594,9.3296,0.0781,0.0241,0.87,0.7832,0.7752,1692,pytorch_distributed_training,0.8719,1692,true,311.71,2.273,0.8662,0.8896,true,95.69,2705.03,440924,true,true,0.98,0.0,true,0.98,0.01,50,0,false,false,,,,1.0,observed,1.0,observed,1.0,observed,1.0,observed,0.734,privacy_redacted,1.0,observed,1.0,observed,1.0,observed,1.0,observed,1.0,observed,1.0,observed,0.8891,delayed_log_delivery,1.0,observed,1.0,observed,1.0,observed,0.0,not_scheduled,1.0,observed,valid,operator_signed,operator_signed,bms_meter,features-v0.1.0,policy-thresholds-v0.1.0,h100e-normalization-v0.1.0,sha256:bbd37a3db0f1b91d52932cd7163803d0d39403eba5a1dfe5bad8e3317e27fa40,false,false,false,training_primary_semantic
feat_c470397e31186b6d62d6f4f2,synthetic_v0_seed_20260510,20260510,site_a,topology_domain,fabricdom_hmac_79dca340b841,2026-05-26T18:42:36Z,2026-05-27T18:42:36Z,86400,episode_large_etl_data_movement_00159,large_etl_data_movement,1,0.72,physical activity alone is weak and non-semantic,synthetic_latent_truth_plus_composite_rules,true,0.0189,4096.0,3522,0.83,0.94,0.0,0.0,9.93,23.39,0.0189,0.0024,0.25,data,false,,,,,407.33,22.0,48.0,0.08,12.0,0.28,0.178,0.5874,0.0,,,false,0.153,0.046,0.0,0.18,0,0.05,0.0975,0.0067,0.96,0.2209,4.4398,0.0,0.9746,0.2072,0.2195,0.5729,0.2923,0.3346,9,etl_data_pipeline,0.425,9,false,3675.43,0.0,0.0,0.0,false,,,,false,false,0.98,0.0,true,0.98,0.01,69,0,false,false,,,,1.0,observed,1.0,observed,0.0,not_applicable,1.0,observed,0.0,routine_profiler_disabled,1.0,observed,1.0,observed,1.0,observed,1.0,observed,1.0,observed,1.0,observed,0.0,privacy_redacted,1.0,observed,1.0,observed,1.0,observed,0.0,not_scheduled,1.0,observed,valid,operator_signed,operator_signed,bms_meter,features-v0.1.0,policy-thresholds-v0.1.0,h100e-normalization-v0.1.0,sha256:6f1d9dabebe7482dbc9263a9701b967d42a2d5b75998bcefe1c9be10cb055240,false,false,true,physical_only
feat_9f192592a7edc287731f3e1c,synthetic_v0_seed_20260510,20260510,site_b,linked_job_group,jobgrp_hmac_cca20bfca31a,2026-05-26T19:01:35Z,2026-05-27T19:01:35Z,86400,episode_cloud_reservation_used_for_training_00053,cloud_reservation_used_for_training,3,0.89,two independent primary layers plus corroboration support likely training,synthetic_latent_truth_plus_composite_rules,true,10.3629,2048.0,1761,0.865,0.94,0.0,0.0,593.91,214.41,10.3629,0.29,0.9065,train,true,593,214.41,0.8811,0.8955,12.41,85.59,94.59,0.8708,94.48,0.8634,1.0,0.9925,0.0,,,false,0.6267,0.787,0.0,0.7373,534,0.8554,0.3794,0.473,0.96,0.45,2.3099,9813.696,8.9337,0.0807,0.1622,0.8646,0.471,0.495,593,pytorch_distributed_training,0.8846,593,true,278.81,1.406,0.705,0.6295,false,324.65,1818.64,357034,true,true,0.98,0.0,true,0.98,0.01,76,0,false,false,,,,1.0,observed,1.0,observed,1.0,observed,1.0,observed,0.0,routine_profiler_disabled,1.0,observed,1.0,observed,1.0,observed,1.0,observed,1.0,observed,1.0,observed,0.6815,delayed_log_delivery,1.0,observed,1.0,observed,1.0,observed,0.0,not_scheduled,1.0,observed,valid,operator_signed,operator_signed,bms_meter,features-v0.1.0,policy-thresholds-v0.1.0,h100e-normalization-v0.1.0,sha256:dc72ba791255b1003fafd9e5fef78e3e133ad7f8525102ddaf7d1992e3c8b6ab,false,false,false,training_primary_semantic
feat_d0ff6e9e614613991d0e38d2,synthetic_v0_seed_20260510,20260510,site_c,linked_job_group,jobgrp_hmac_6e42f441d0f6,2026-05-26T21:25:21Z,2026-05-27T21:25:21Z,86400,episode_small_fine_tune_00049,small_fine_tune,0,0.95,capacity below policy threshold with strong coverage,synthetic_latent_truth_plus_composite_rules,false,0.0142,384.0,276,0.9,0.66,0.0,0.0,56.0,3.11,0.0142,0.1458,0.82,fine_tune,false,,,,,,68.0,89.0,0.7,78.0,0.68,0.872,0.9439,0.0,,,false,0.272,0.4784,0.0,0.32,33,0.52,0.262,0.1248,0.96,0.45,0.5794,0.0,0.1296,0.108,0.3124,0.8296,0.471,0.495,56,pytorch_distributed_training,0.824,56,true,0.0,0.094,0.48,0.0,false,9.61,12.91,1869,true,true,0.98,0.0,true,0.98,0.01,7,0,false,false,,,,1.0,observed,1.0,observed,1.0,observed,1.0,observed,0.0,routine_profiler_disabled,1.0,observed,1.0,observed,1.0,observed,1.0,observed,1.0,observed,1.0,observed,0.55,delayed_log_delivery,1.0,observed,1.0,observed,1.0,observed,0.0,not_scheduled,1.0,observed,valid,auditor_reconciled,auditor_reconciled,bms_meter,features-v0.1.0,policy-thresholds-v0.1.0,h100e-normalization-v0.1.0,sha256:dbc3193023e0166b18cfbfcec84a59215cb8acc6f1a9251e585cf7f712d56a26,false,false,false,none
feat_b35272c5e0ecaaf8eb0a2cd3,synthetic_v0_seed_20260510,20260510,site_b,linked_job_group,jobgrp_hmac_772e33f4cb94,2026-05-27T00:49:03Z,2026-05-28T00:49:03Z,86400,episode_underclocked_long_duration_training_00110,underclocked_long_duration_training,3,0.86,one strong primary layer plus semantic/supportive corroboration supports likely training,synthetic_latent_truth_plus_composite_rules,true,39.3635,2048.0,1761,0.865,0.94,0.0,0.0,1952.09,247.79,39.3635,0.9532,0.86,unknown,true,,,,,,58.0,76.0,0.62,72.0,0.7,0.823,0.8309,0.0,,,false,0.4675,0.644,0.0,0.55,1571,0.7,0.325,0.2888,0.96,0.785,2.3099,28385.4528,10.3246,0.1208,-0.0312,0.7482,0.7323,0.7295,1952,pytorch_distributed_training,0.852,1952,true,0.0,1.084,0.7672,0.0,false,,,,false,false,0.98,0.0,true,0.98,0.01,73,0,false,false,,,,1.0,observed,1.0,observed,1.0,observed,1.0,observed,0.0,routine_profiler_disabled,1.0,observed,1.0,observed,1.0,observed,1.0,observed,1.0,observed,1.0,observed,0.0,privacy_redacted,1.0,observed,1.0,observed,1.0,observed,0.0,not_scheduled,1.0,observed,valid,operator_signed,operator_signed,bms_meter,features-v0.1.0,policy-thresholds-v0.1.0,h100e-normalization-v0.1.0,sha256:58f69dacd827542d32c39869df5b5cb09dcdae9ba005cb991c7c0f3848356a28,false,false,false,training_primary_semantic
feat_c461dadf62c39887d81ae8ab,synthetic_v0_seed_20260510,20260510,site_b,topology_domain,fabricdom_hmac_91d9167edbf6,2026-05-27T01:21:45Z,2026-05-28T01:21:45Z,86400,episode_large_etl_data_movement_00123,large_etl_data_movement,1,0.72,physical activity alone is weak and non-semantic,synthetic_latent_truth_plus_composite_rules,true,0.4007,2048.0,1761,0.865,0.94,0.0,0.0,121.1,40.65,0.4007,0.0591,0.25,data,false,,,,,536.23,22.0,48.0,0.08,12.0,0.28,0.178,0.5874,0.0,,,false,0.153,0.046,0.0,0.18,6,0.05,0.0975,0.0067,0.96,0.2421,2.3099,0.0,1.6937,0.2072,0.2074,0.5729,0.3088,0.3495,121,etl_data_pipeline,0.425,121,false,2467.28,0.0,0.0,0.0,false,,,,false,false,0.98,0.0,true,0.98,0.01,31,0,false,false,,,,1.0,observed,1.0,observed,1.0,observed,1.0,observed,0.0,routine_profiler_disabled,1.0,observed,1.0,observed,1.0,observed,1.0,observed,1.0,observed,1.0,observed,0.0,privacy_redacted,1.0,observed,1.0,observed,1.0,observed,0.0,not_scheduled,1.0,observed,valid,operator_signed,operator_signed,bms_meter,features-v0.1.0,policy-thresholds-v0.1.0,h100e-normalization-v0.1.0,sha256:7f55d427bf9782766f93ceabd0b09f159cf6762c5feefcd65c136ca1b789a761,false,false,true,physical_only
feat_590ef8ba54b30a39d109475f,synthetic_v0_seed_20260510,20260510,site_c,topology_domain,fabricdom_hmac_8f408e3606,2026-05-27T02:11:24Z,2026-05-28T02:11:24Z,86400,episode_idle_00102,idle,0,0.95,capacity below policy threshold with strong coverage,synthetic_latent_truth_plus_composite_rules,false,0.0,384.0,276,0.9,0.66,0.0,0.0,0.0,0.0,0.0,0.0,0.0,none,false,,,,,,0.0,0.0,0.0,0.0,0.0,0.0,0.18,0.0,,,false,0.0,0.0,0.0,0.0,0,0.0,0.0,0.0,0.96,0.2558,0.5794,0.0,2.7908,0.135,0.0,0.08,0.1,0.12,0,none,0.0,0,false,0.0,0.0,0.0,0.0,false,,,,false,false,0.98,0.0,true,0.98,0.01,79,0,false,false,,,,1.0,observed,1.0,observed,1.0,observed,1.0,observed,0.0,routine_profiler_disabled,1.0,observed,1.0,observed,1.0,observed,1.0,observed,1.0,observed,1.0,observed,0.0,privacy_redacted,1.0,observed,1.0,observed,1.0,observed,0.0,not_scheduled,1.0,observed,valid,auditor_reconciled,auditor_reconciled,bms_meter,features-v0.1.0,policy-thresholds-v0.1.0,h100e-normalization-v0.1.0,sha256:370346b52a5a9f709f3cb4e958a6109be5291ad9430945df4934711647905c1f,false,false,false,none
feat_4e1e3b33c9a01590edb8c062,synthetic_v0_seed_20260510,20260510,site_a,linked_job_group,jobgrp_hmac_a623fd1eb469,2026-05-27T06:12:07Z,2026-05-28T06:12:07Z,86400,episode_underclocked_long_duration_training_00190,underclocked_long_duration_training,3,0.86,one strong primary layer plus semantic/supportive corroboration supports likely training,synthetic_latent_truth_plus_composite_rules,true,15.872,4096.0,3522,0.83,0.94,0.0,0.0,811.83,240.24,15.872,0.1982,0.86,unknown,true,,,,,,58.0,76.0,0.62,72.0,0.7,0.823,0.8309,0.0,,,false,0.4675,0.644,0.0,0.55,653,0.7,0.325,0.2888,0.96,0.38,4.4398,14544.4608,10.01,0.1208,-0.0775,0.7482,0.4164,0.446,811,pytorch_distributed_training,0.852,811,true,0.0,0.299,0.7385,0.0,false,,,,false,false,0.98,0.0,true,0.98,0.01,6,0,false,false,,,,1.0,observed,1.0,observed,0.0,not_applicable,1.0,observed,0.0,routine_profiler_disabled,1.0,observed,1.0,observed,1.0,observed,1.0,observed,1.0,observed,1.0,observed,0.0,privacy_redacted,1.0,observed,1.0,observed,1.0,observed,0.0,not_scheduled,1.0,observed,valid,operator_signed,operator_signed,bms_meter,features-v0.1.0,policy-thresholds-v0.1.0,h100e-normalization-v0.1.0,sha256:bf205f58b1239ad382376e11bfdef8497a5b6d8339baba8631f006891e2ef7d5,false,false,false,training_primary_semantic
feat_3eaa8de760c6f624c701e9dd,synthetic_v0_seed_20260510,20260510,site_b,linked_job_group,jobgrp_hmac_a2cad38cb9d8,2026-05-27T10:26:48Z,2026-05-28T10:26:48Z,86400,episode_cloud_reservation_used_for_training_00037,cloud_reservation_used_for_training,4,0.93,"scheduler, GPU, fabric, power, and storage cohere under high integrity",synthetic_latent_truth_plus_composite_rules,true,20.24,2048.0,1761,0.865,0.94,0.0,0.0,1693.61,146.85,20.24,0.827,0.8858,train,true,1693,146.85,0.9944,0.9531,84.7,81.72,90.72,0.7848,89.61,0.8666,1.0,0.9589,0.0,0.634,0.674,true,0.7459,0.8386,0.0,0.8775,1524,0.9115,0.399,0.5999,0.96,0.8052,2.3099,29505.302,6.1187,0.0944,0.0122,0.8404,0.7481,0.7436,1693,pytorch_distributed_training,0.87,1693,true,572.72,2.078,0.7923,0.7703,false,,,,false,false,0.98,0.0,true,0.98,0.01,74,0,false,false,,,,1.0,observed,1.0,observed,1.0,observed,1.0,observed,0.6735,privacy_redacted,1.0,observed,1.0,observed,1.0,observed,1.0,observed,1.0,observed,1.0,observed,0.0,privacy_redacted,1.0,observed,1.0,observed,1.0,observed,0.0,not_scheduled,1.0,observed,valid,operator_signed,operator_signed,bms_meter,features-v0.1.0,policy-thresholds-v0.1.0,h100e-normalization-v0.1.0,sha256:0fb4eb935d2dab362c9b4272d265583b802bb93d7bd0b51a1396997899c669fd,false,false,false,training_primary_semantic
feat_70c3d33cc8b18baba2c80eab,synthetic_v0_seed_20260510,20260510,site_b,topology_domain,fabricdom_hmac_0d09f273faa2,2026-05-27T13:21:08Z,2026-05-28T13:21:08Z,86400,episode_reserved_but_unused_capacity_00011,reserved_but_unused_capacity,1,0.82,capacity-only evidence is capped at training possible,synthetic_latent_truth_plus_composite_rules,true,2.6919,2048.0,1761,0.865,0.94,0.0,0.0,700.82,47.2,2.6919,0.3422,0.86,reserved,true,,,,,,3.0,12.0,0.0,2.0,0.08,0.038,0.2743,0.0,,,false,0.0255,0.0,0.0,0.03,0,0.0,0.08,0.0,0.96,0.2575,2.3099,0.0,1.9667,0.22,0.1581,0.3475,0.3166,0.3564,700,none,0.852,700,false,0.0,0.0,0.0,0.0,false,,,,false,false,0.98,0.0,true,0.98,0.01,71,0,false,false,,,,1.0,observed,1.0,observed,1.0,observed,1.0,observed,0.0,routine_profiler_disabled,1.0,observed,1.0,observed,1.0,observed,1.0,observed,1.0,observed,1.0,observed,0.0,privacy_redacted,1.0,observed,1.0,observed,1.0,observed,0.0,not_scheduled,1.0,observed,valid,operator_signed,operator_signed,bms_meter,features-v0.1.0,policy-thresholds-v0.1.0,h100e-normalization-v0.1.0,sha256:6f3b9bb6cc428ffede2f50203ffe03b11680db61231075d3625a1cb264122cdf,true,false,false,capacity_only
feat_9339f6cc4c5113b4df3206f5,synthetic_v0_seed_20260510,20260510,site_c,topology_domain,fabricdom_hmac_5d25f299c9f0,2026-05-27T16:09:51Z,2026-05-28T16:09:51Z,86400,episode_hpc_mpi_simulation_00164,hpc_mpi_simulation,0,0.95,capacity below policy threshold with strong coverage,synthetic_latent_truth_plus_composite_rules,false,0.9025,384.0,276,0.9,0.66,0.0,0.0,174.96,63.38,0.9025,0.4556,0.86,hpc,false,,,,,,70.0,92.0,0.68,42.0,0.46,0.493,0.97,0.0,0.5192,0.515,true,0.612,0.5336,0.0,0.72,116,0.58,0.283,0.3132,0.96,0.547,0.5794,1258.3181,2.6408,0.1112,0.1051,0.8484,0.5467,0.5629,174,mpi_hpc_simulation,0.852,174,true,0.0,0.0,0.08,0.0,false,,,,false,false,0.98,0.0,true,0.98,0.01,37,0,false,false,,,,1.0,observed,1.0,observed,1.0,observed,1.0,observed,0.3764,privacy_redacted,1.0,observed,1.0,observed,1.0,observed,1.0,observed,1.0,observed,1.0,observed,0.0,privacy_redacted,1.0,observed,1.0,observed,1.0,observed,0.0,not_scheduled,1.0,observed,valid,auditor_reconciled,auditor_reconciled,bms_meter,features-v0.1.0,policy-thresholds-v0.1.0,h100e-normalization-v0.1.0,sha256:7da5debff04da70da2edc50569db766749e916ad634d873d62dd3e30bed6ce20,false,false,false,false_positive_primary
feat_805b2fc42cf1f40b1d9a8a09,synthetic_v0_seed_20260510,20260510,site_a,linked_job_group,jobgrp_hmac_ec0ffcd61dd9,2026-05-27T16:12:16Z,2026-05-28T16:12:16Z,86400,episode_adversarial_fragmented_training_00072,adversarial_fragmented_training,2,0.78,fragmented sub-threshold activity is elevated until jobs/accounts are linked,synthetic_latent_truth_plus_composite_rules,true,19.3456,4096.0,3522,0.83,0.94,0.0,0.2805,884.41,268.79,19.3456,0.2159,0.42,unknown,true,,,,,,76.0,91.0,0.78,86.0,0.74,0.959,0.9613,0.0,,,false,0.408,0.506,0.0,0.48,559,0.55,0.2725,0.198,0.96,0.45,4.4398,22003.392,11.1996,0.0952,0.2425,0.8421,0.471,0.495,884,pytorch_distributed_training,0.544,884,true,0.0,0.303,0.6078,0.0,false,,,,false,false,0.98,0.0,true,0.98,0.01,53,0,false,false,,,,1.0,observed,1.0,observed,0.0,not_applicable,1.0,observed,0.0,routine_profiler_disabled,1.0,observed,1.0,observed,1.0,observed,1.0,observed,1.0,observed,1.0,observed,0.0,privacy_redacted,1.0,observed,1.0,observed,1.0,observed,0.0,not_scheduled,1.0,observed,valid,operator_signed,operator_signed,bms_meter,features-v0.1.0,policy-thresholds-v0.1.0,h100e-normalization-v0.1.0,sha256:920c67d867075f88953fbedd6a5ba5acbd0911fb3169e7aad9de27f13c9ff4f2,false,false,false,training_fragmented
feat_a22fcc6a4b9393d916cfaa4a,synthetic_v0_seed_20260510,20260510,site_a,linked_job_group,jobgrp_hmac_ab869290b1d8,2026-05-27T16:32:30Z,2026-05-28T16:32:30Z,86400,episode_pretraining_00025,pretraining,4,0.93,"scheduler, GPU, fabric, power, and storage cohere under high integrity",synthetic_latent_truth_plus_composite_rules,true,68.8809,4096.0,3522,0.83,0.94,0.0,0.0,2035.13,415.9,68.8809,0.4969,0.927,train,true,,,,,,91.83,98.0,0.912,88.05,0.8755,1.0,1.0,0.0,0.5971,0.8256,true,0.7456,0.8409,0.0,0.8771,1831,0.9141,0.3999,0.6013,0.96,0.5998,4.4398,37965.5048,17.3292,0.0741,0.1029,0.87,0.5878,0.5999,2035,pytorch_distributed_training,0.8989,2035,true,167.27,0.504,0.8767,0.7689,false,415.89,3719.61,378511,true,true,0.98,0.0,true,0.98,0.01,67,0,false,false,,,,1.0,observed,1.0,observed,0.0,not_applicable,1.0,observed,0.5176,privacy_redacted,1.0,observed,1.0,observed,1.0,observed,1.0,observed,1.0,observed,1.0,observed,0.8707,delayed_log_delivery,1.0,observed,1.0,observed,1.0,observed,0.0,not_scheduled,1.0,observed,valid,operator_signed,operator_signed,bms_meter,features-v0.1.0,policy-thresholds-v0.1.0,h100e-normalization-v0.1.0,sha256:214d945bd2a010dc5e7d32de7f147a2fdbf1c6d4632fff506bd5fdcfa160ab08,false,false,false,training_primary_semantic
feat_f3cf45241d3cce578a62633d,synthetic_v0_seed_20260510,20260510,site_b,linked_job_group,jobgrp_hmac_42ffda916587,2026-05-27T18:02:45Z,2026-05-28T18:02:45Z,86400,episode_cloud_reservation_used_for_training_00187,cloud_reservation_used_for_training,3,0.89,two independent primary layers plus corroboration support likely training,synthetic_latent_truth_plus_composite_rules,true,11.5487,2048.0,1761,0.865,0.94,0.0,0.0,1237.49,114.68,11.5487,0.6042,0.9609,train,true,1237,114.68,0.8997,0.9518,92.81,80.0,89.0,0.8941,85.1,0.7585,0.9556,0.9439,0.0,,,false,0.5789,0.6744,0.0,0.6811,1043,0.7331,0.3366,0.3745,0.96,0.6394,2.3099,20313.6684,4.7783,0.0769,0.0691,0.8296,0.6187,0.6276,1237,pytorch_distributed_training,0.9226,1237,true,508.61,0.32,0.8972,0.8433,false,,,,false,false,0.98,0.0,true,0.98,0.01,49,0,false,false,,,,1.0,observed,1.0,observed,1.0,observed,1.0,observed,0.0,routine_profiler_disabled,1.0,observed,1.0,observed,1.0,observed,1.0,observed,1.0,observed,1.0,observed,0.0,privacy_redacted,1.0,observed,1.0,observed,1.0,observed,0.0,not_scheduled,1.0,observed,valid,operator_signed,operator_signed,bms_meter,features-v0.1.0,policy-thresholds-v0.1.0,h100e-normalization-v0.1.0,sha256:eb325cc9627d1bb99d2a499fecdee26b0060dc3d24a815f98b92fa8baf844e5e,false,false,false,training_primary_semantic
feat_db938ef7bc72488f6d75b3db,synthetic_v0_seed_20260510,20260510,site_b,linked_job_group,jobgrp_hmac_cca20bfca31a,2026-05-27T19:01:35Z,2026-05-28T19:01:35Z,86400,episode_cloud_reservation_used_for_training_00053,cloud_reservation_used_for_training,3,0.89,two independent primary layers plus corroboration support likely training,synthetic_latent_truth_plus_composite_rules,true,10.3629,2048.0,1761,0.865,0.94,0.0,0.0,593.91,214.41,10.3629,0.29,0.9065,train,true,593,214.41,0.8811,0.8955,12.41,85.59,94.59,0.8708,94.48,0.8634,1.0,0.9925,0.0,,,false,0.6267,0.787,0.0,0.7373,534,0.8554,0.3794,0.473,0.96,0.45,2.3099,9813.696,8.9337,0.0807,0.1622,0.8646,0.471,0.495,593,pytorch_distributed_training,0.8846,593,true,278.81,1.406,0.705,0.6295,false,324.65,1818.64,357034,true,true,0.98,0.0,true,0.98,0.01,76,0,false,false,,,,1.0,observed,1.0,observed,1.0,observed,1.0,observed,0.0,routine_profiler_disabled,1.0,observed,1.0,observed,1.0,observed,1.0,observed,1.0,observed,1.0,observed,0.6815,delayed_log_delivery,1.0,observed,1.0,observed,1.0,observed,0.0,not_scheduled,1.0,observed,valid,operator_signed,operator_signed,bms_meter,features-v0.1.0,policy-thresholds-v0.1.0,h100e-normalization-v0.1.0,sha256:0f7d54e70a8280e9b2a65adf7825ca4d9849549488aedee0c8343482d8bf281a,false,false,false,training_primary_semantic
feat_21702b586d82c334a75a9815,synthetic_v0_seed_20260510,20260510,site_b,topology_domain,fabricdom_hmac_d04bf382cd05,2026-05-27T20:49:14Z,2026-05-28T20:49:14Z,86400,episode_hpc_mpi_simulation_00151,hpc_mpi_simulation,2,0.78,hpc_mpi_simulation is a high-load false-positive class requiring cross-checks,synthetic_latent_truth_plus_composite_rules,true,0.2407,2048.0,1761,0.865,0.94,0.0,0.0,281.44,10.51,0.2407,0.1374,0.86,hpc,false,,,,,,70.0,92.0,0.68,42.0,0.46,0.493,0.97,0.0,,,false,0.612,0.5336,0.0,0.72,187,0.58,0.283,0.3132,0.96,0.45,2.3099,9813.696,0.4379,0.1112,0.3167,0.8484,0.471,0.495,281,mpi_hpc_simulation,0.852,281,true,0.0,0.0,0.08,0.0,false,,,,false,false,0.98,0.0,true,0.98,0.01,21,0,false,false,,,,1.0,observed,1.0,observed,1.0,observed,1.0,observed,0.0,routine_profiler_disabled,1.0,observed,1.0,observed,1.0,observed,1.0,observed,1.0,observed,1.0,observed,0.0,privacy_redacted,1.0,observed,1.0,observed,1.0,observed,0.0,not_scheduled,1.0,observed,valid,operator_signed,operator_signed,bms_meter,features-v0.1.0,policy-thresholds-v0.1.0,h100e-normalization-v0.1.0,sha256:8590255eda9bcb90807e2b0e531e79adfb23724d44868f6c737bed83dc30f8cb,false,false,false,false_positive_primary
feat_884f80c849ecef771254ea18,synthetic_v0_seed_20260510,20260510,site_b,linked_job_group,jobgrp_hmac_55e0294358c8,2026-05-27T22:02:31Z,2026-05-28T22:02:31Z,86400,episode_underclocked_long_duration_training_00075,underclocked_long_duration_training,3,0.86,one strong primary layer plus semantic/supportive corroboration supports likely training,synthetic_latent_truth_plus_composite_rules,true,22.9192,2048.0,1761,0.865,0.94,0.0,0.0,754.69,373.18,22.9192,0.3685,0.86,unknown,true,,,,,,58.0,76.0,0.62,72.0,0.7,0.823,0.8309,0.0,,,false,0.4675,0.644,0.0,0.55,607,0.7,0.325,0.2888,0.96,0.4384,2.3099,9170.6143,15.5492,0.1208,0.0016,0.7482,0.462,0.4869,754,pytorch_distributed_training,0.852,754,true,0.0,0.897,0.7612,0.0,false,,,,false,false,0.98,0.0,true,0.98,0.01,35,0,false,false,,,,1.0,observed,1.0,observed,1.0,observed,1.0,observed,0.0,routine_profiler_disabled,1.0,observed,1.0,observed,1.0,observed,1.0,observed,1.0,observed,1.0,observed,0.0,privacy_redacted,1.0,observed,1.0,observed,1.0,observed,0.0,not_scheduled,1.0,observed,valid,operator_signed,operator_signed,bms_meter,features-v0.1.0,policy-thresholds-v0.1.0,h100e-normalization-v0.1.0,sha256:79362da2aea71dd8aaf07c3d497667dc9a88b6e9c598494d8c7c5bd398d4a226,false,false,false,training_primary_semantic
feat_e1004716e288523cec7cbfdf,synthetic_v0_seed_20260510,20260510,site_b,linked_job_group,jobgrp_hmac_13fed90caf43,2026-05-27T22:54:13Z,2026-05-28T22:54:13Z,86400,episode_large_fine_tune_00018,large_fine_tune,4,0.96,authenticated ML evidence crosses the policy compute threshold,synthetic_latent_truth_plus_composite_rules,true,30.8334,2048.0,1761,0.865,0.94,0.0,0.0,1692.14,223.91,30.8334,0.8262,0.8884,train,true,,,,,,88.8,97.8,0.8866,95.81,0.792,1.0,1.0,0.0,0.6795,0.6926,true,0.6454,0.6828,0.0,0.7593,1444,0.7422,0.3398,0.4226,0.96,0.8503,2.3099,32005.5594,9.3296,0.0781,0.0241,0.87,0.7832,0.7752,1692,pytorch_distributed_training,0.8719,1692,true,311.71,2.273,0.8662,0.8896,true,95.69,2705.03,440924,true,true,0.98,0.0,true,0.98,0.01,50,0,false,false,,,,1.0,observed,1.0,observed,1.0,observed,1.0,observed,0.734,privacy_redacted,1.0,observed,1.0,observed,1.0,observed,1.0,observed,1.0,observed,1.0,observed,0.8891,delayed_log_delivery,1.0,observed,1.0,observed,1.0,observed,0.0,not_scheduled,1.0,observed,valid,operator_signed,operator_signed,bms_meter,features-v0.1.0,policy-thresholds-v0.1.0,h100e-normalization-v0.1.0,sha256:949e037263ba9db848b3bab84b6192be9596fe3f3b866c7415640bc35adbb8ae,false,false,false,training_primary_semantic
feat_2b293367fe9d8e6891392939,synthetic_v0_seed_20260510,20260510,site_b,linked_job_group,jobgrp_hmac_b0c919eb7771,2026-05-27T23:53:15Z,2026-05-28T23:53:15Z,86400,episode_cloud_reservation_used_for_training_00148,cloud_reservation_used_for_training,3,0.89,two independent primary layers plus corroboration support likely training,synthetic_latent_truth_plus_composite_rules,true,4.3548,2048.0,1761,0.865,0.94,0.0,0.0,575.56,92.97,4.3548,0.281,0.8443,train,true,575,92.97,0.8583,0.9672,117.35,86.29,95.29,0.8566,91.21,0.8489,1.0,0.9986,0.0,,,false,0.5981,0.8374,0.0,0.7036,517,0.9102,0.3986,0.4803,0.96,0.45,2.3099,9813.696,3.8737,0.0829,0.1694,0.869,0.471,0.495,575,pytorch_distributed_training,0.841,575,true,342.57,0.543,0.9035,0.6825,false,,,,false,false,0.98,0.0,true,0.98,0.01,47,0,false,false,,,,1.0,observed,1.0,observed,1.0,observed,1.0,observed,0.0,routine_profiler_disabled,1.0,observed,1.0,observed,1.0,observed,1.0,observed,1.0,observed,1.0,observed,0.0,privacy_redacted,1.0,observed,1.0,observed,1.0,observed,0.0,not_scheduled,1.0,observed,valid,operator_signed,operator_signed,bms_meter,features-v0.1.0,policy-thresholds-v0.1.0,h100e-normalization-v0.1.0,sha256:fb7dd07f32c7e85585f8fe32e50595b3ee587adf2c4e08487b5e3892d7509473,false,false,false,training_primary_semantic
feat_5d3f84506b26eb30496abdbc,synthetic_v0_seed_20260510,20260510,site_b,linked_job_group,jobgrp_hmac_36da4eaa9f3e,2026-05-28T01:27:34Z,2026-05-29T01:27:34Z,86400,episode_small_fine_tune_00202,small_fine_tune,1,0.8,small fine-tune remains below policy compute threshold,synthetic_latent_truth_plus_composite_rules,true,0.1138,2048.0,1761,0.865,0.94,0.0,0.0,84.0,16.65,0.1138,0.041,0.82,fine_tune,false,,,,,,68.0,89.0,0.7,78.0,0.68,0.872,0.9439,0.0,,,false,0.272,0.4784,0.0,0.32,50,0.52,0.262,0.1248,0.96,0.45,2.3099,9813.696,0.6937,0.108,0.4113,0.8296,0.471,0.495,83,pytorch_distributed_training,0.824,83,true,0.0,0.159,0.48,0.0,false,3.7,7.83,527,true,true,0.98,0.0,true,0.98,0.01,63,0,false,false,,,,1.0,observed,1.0,observed,1.0,observed,1.0,observed,0.0,routine_profiler_disabled,1.0,observed,1.0,observed,1.0,observed,1.0,observed,1.0,observed,1.0,observed,0.55,delayed_log_delivery,1.0,observed,1.0,observed,1.0,observed,0.0,not_scheduled,1.0,observed,valid,operator_signed,operator_signed,bms_meter,features-v0.1.0,policy-thresholds-v0.1.0,h100e-normalization-v0.1.0,sha256:b51072bfa642af24810a6f06367cc0720e840e8694c295869c151dc0d58633e0,false,false,false,none
feat_282f207950d883ade8f8287f,synthetic_v0_seed_20260510,20260510,site_c,topology_domain,fabricdom_hmac_8f408e3606,2026-05-28T02:11:24Z,2026-05-29T02:11:24Z,86400,episode_idle_00102,idle,0,0.95,capacity below policy threshold with strong coverage,synthetic_latent_truth_plus_composite_rules,false,0.0,384.0,276,0.9,0.66,0.0,0.0,0.0,0.0,0.0,0.0,0.0,none,false,,,,,,0.0,0.0,0.0,0.0,0.0,0.0,0.18,0.0,,,false,0.0,0.0,0.0,0.0,0,0.0,0.0,0.0,0.96,0.2558,0.5794,0.0,2.7908,0.135,0.0,0.08,0.1,0.12,0,none,0.0,0,false,0.0,0.0,0.0,0.0,false,,,,false,false,0.98,0.0,true,0.98,0.01,79,0,false,false,,,,1.0,observed,1.0,observed,1.0,observed,1.0,observed,0.0,routine_profiler_disabled,1.0,observed,1.0,observed,1.0,observed,1.0,observed,1.0,observed,1.0,observed,0.0,privacy_redacted,1.0,observed,1.0,observed,1.0,observed,0.0,not_scheduled,1.0,observed,valid,auditor_reconciled,auditor_reconciled,bms_meter,features-v0.1.0,policy-thresholds-v0.1.0,h100e-normalization-v0.1.0,sha256:ac7b96d7ec5dcb6f7201c8c3c92cad60da09e1edbc100b8356568c29cdd43641,false,false,false,none
feat_cf69252d41f578294b814a10,synthetic_v0_seed_20260510,20260510,site_c,topology_domain,fabricdom_hmac_1ff35435e0ec,2026-05-28T03:42:00Z,2026-05-29T03:42:00Z,86400,episode_hpc_mpi_simulation_00118,hpc_mpi_simulation,0,0.95,capacity below policy threshold with strong coverage,synthetic_latent_truth_plus_composite_rules,false,0.0344,384.0,276,0.9,0.66,0.0,0.0,137.35,3.08,0.0344,0.3577,0.86,hpc,false,,,,,,70.0,92.0,0.68,42.0,0.46,0.493,0.97,0.0,0.5079,0.6365,true,0.612,0.5336,0.0,0.72,91,0.58,0.283,0.3132,0.96,0.4767,0.5794,280.8219,0.1283,0.1112,0.1297,0.8484,0.4918,0.5137,137,mpi_hpc_simulation,0.852,137,true,0.0,0.0,0.08,0.0,false,,,,false,false,0.98,0.0,true,0.98,0.01,4,0,false,false,,,,1.0,observed,1.0,observed,1.0,observed,1.0,observed,0.5924,privacy_redacted,1.0,observed,1.0,observed,1.0,observed,1.0,observed,1.0,observed,1.0,observed,0.0,privacy_redacted,1.0,observed,1.0,observed,1.0,observed,0.0,not_scheduled,1.0,observed,valid,auditor_reconciled,auditor_reconciled,bms_meter,features-v0.1.0,policy-thresholds-v0.1.0,h100e-normalization-v0.1.0,sha256:f7c6a190a1fe4cd69f56f5a56d7278eecef8208da60e7e452f9a4deb0937652b,false,false,false,false_positive_primary
feat_ec4bba09291f7e9a1257a61c,synthetic_v0_seed_20260510,20260510,site_b,linked_job_group,jobgrp_hmac_772e33f4cb94,2026-05-28T08:47:13Z,2026-05-29T08:47:13Z,86400,episode_underclocked_long_duration_training_00110,underclocked_long_duration_training,3,0.86,one strong primary layer plus semantic/supportive corroboration supports likely training,synthetic_latent_truth_plus_composite_rules,true,39.3635,2048.0,1761,0.865,0.94,0.0,0.0,1952.09,247.79,39.3635,0.9532,0.86,unknown,true,,,,,,58.0,76.0,0.62,72.0,0.7,0.823,0.8309,0.0,,,false,0.4675,0.644,0.0,0.55,1571,0.7,0.325,0.2888,0.96,0.785,2.3099,28385.4528,10.3246,0.1208,-0.0312,0.7482,0.7323,0.7295,1952,pytorch_distributed_training,0.852,1952,true,0.0,1.084,0.7672,0.0,false,,,,false,false,0.98,0.0,true,0.98,0.01,73,0,false,false,,,,1.0,observed,1.0,observed,1.0,observed,1.0,observed,0.0,routine_profiler_disabled,1.0,observed,1.0,observed,1.0,observed,1.0,observed,1.0,observed,1.0,observed,0.0,privacy_redacted,1.0,observed,1.0,observed,1.0,observed,0.0,not_scheduled,1.0,observed,valid,operator_signed,operator_signed,bms_meter,features-v0.1.0,policy-thresholds-v0.1.0,h100e-normalization-v0.1.0,sha256:95e969dc9eaecb2d354935caaf14e8c0dea63e7151621d312846429023753267,false,false,false,training_primary_semantic
feat_7c605e3a0e0854af606e826e,synthetic_v0_seed_20260510,20260510,site_b,linked_job_group,jobgrp_hmac_a2cad38cb9d8,2026-05-28T10:26:48Z,2026-05-29T10:26:48Z,86400,episode_cloud_reservation_used_for_training_00037,cloud_reservation_used_for_training,4,0.93,"scheduler, GPU, fabric, power, and storage cohere under high integrity",synthetic_latent_truth_plus_composite_rules,true,20.24,2048.0,1761,0.865,0.94,0.0,0.0,1693.61,146.85,20.24,0.827,0.8858,train,true,1693,146.85,0.9944,0.9531,84.7,81.72,90.72,0.7848,89.61,0.8666,1.0,0.9589,0.0,0.634,0.674,true,0.7459,0.8386,0.0,0.8775,1524,0.9115,0.399,0.5999,0.96,0.8052,2.3099,29505.302,6.1187,0.0944,0.0122,0.8404,0.7481,0.7436,1693,pytorch_distributed_training,0.87,1693,true,572.72,2.078,0.7923,0.7703,false,,,,false,false,0.98,0.0,true,0.98,0.01,74,0,false,false,,,,1.0,observed,1.0,observed,1.0,observed,1.0,observed,0.6735,privacy_redacted,1.0,observed,1.0,observed,1.0,observed,1.0,observed,1.0,observed,1.0,observed,0.0,privacy_redacted,1.0,observed,1.0,observed,1.0,observed,0.0,not_scheduled,1.0,observed,valid,operator_signed,operator_signed,bms_meter,features-v0.1.0,policy-thresholds-v0.1.0,h100e-normalization-v0.1.0,sha256:8c87914e6527250715c051235556ea402cda452625c8a08baa47434ecf229bed,false,false,false,training_primary_semantic
feat_154e32b865932460ab024913,synthetic_v0_seed_20260510,20260510,site_b,topology_domain,fabricdom_hmac_c4da8c36be4d,2026-05-28T15:18:25Z,2026-05-29T15:18:25Z,86400,episode_reserved_but_unused_capacity_00163,reserved_but_unused_capacity,1,0.82,capacity-only evidence is capped at training possible,synthetic_latent_truth_plus_composite_rules,true,9.1786,2048.0,1761,0.865,0.94,0.0,0.0,1013.96,111.23,9.1786,0.4951,0.86,reserved,true,,,,,,3.0,12.0,0.0,2.0,0.08,0.038,0.2743,0.0,,,false,0.0255,0.0,0.0,0.03,0,0.0,0.08,0.0,0.96,0.2221,2.3099,0.0,4.6346,0.22,0.1305,0.3475,0.3277,0.3664,1013,none,0.852,1013,false,0.0,0.0,0.0,0.0,false,,,,false,false,0.98,0.0,true,0.98,0.01,73,0,false,false,,,,1.0,observed,1.0,observed,1.0,observed,1.0,observed,0.0,routine_profiler_disabled,1.0,observed,1.0,observed,1.0,observed,1.0,observed,1.0,observed,1.0,observed,0.0,privacy_redacted,1.0,observed,1.0,observed,1.0,observed,0.0,not_scheduled,1.0,observed,valid,operator_signed,operator_signed,bms_meter,features-v0.1.0,policy-thresholds-v0.1.0,h100e-normalization-v0.1.0,sha256:c11e395ccaf0b8d0e2ba4be736e34ca57d6f541582cfbec9125978993f15f067,true,false,false,capacity_only
feat_329cc8e88b78a5a86c5922a1,synthetic_v0_seed_20260510,20260510,site_c,topology_domain,fabricdom_hmac_5d25f299c9f0,2026-05-28T16:09:51Z,2026-05-29T16:09:51Z,86400,episode_hpc_mpi_simulation_00164,hpc_mpi_simulation,0,0.95,capacity below policy threshold with strong coverage,synthetic_latent_truth_plus_composite_rules,false,0.9025,384.0,276,0.9,0.66,0.0,0.0,174.96,63.38,0.9025,0.4556,0.86,hpc,false,,,,,,70.0,92.0,0.68,42.0,0.46,0.493,0.97,0.0,0.5192,0.515,true,0.612,0.5336,0.0,0.72,116,0.58,0.283,0.3132,0.96,0.547,0.5794,1258.3181,2.6408,0.1112,0.1051,0.8484,0.5467,0.5629,174,mpi_hpc_simulation,0.852,174,true,0.0,0.0,0.08,0.0,false,,,,false,false,0.98,0.0,true,0.98,0.01,37,0,false,false,,,,1.0,observed,1.0,observed,1.0,observed,1.0,observed,0.3764,privacy_redacted,1.0,observed,1.0,observed,1.0,observed,1.0,observed,1.0,observed,1.0,observed,0.0,privacy_redacted,1.0,observed,1.0,observed,1.0,observed,0.0,not_scheduled,1.0,observed,valid,auditor_reconciled,auditor_reconciled,bms_meter,features-v0.1.0,policy-thresholds-v0.1.0,h100e-normalization-v0.1.0,sha256:4a1a3332166a7376c493b1a37e2bce1e9cbb29ddf61eef29bda341f285d56502,false,false,false,false_positive_primary
feat_6535999683fa98f3697d8d41,synthetic_v0_seed_20260510,20260510,site_b,linked_job_group,jobgrp_hmac_cca20bfca31a,2026-05-28T19:01:35Z,2026-05-29T19:01:35Z,86400,episode_cloud_reservation_used_for_training_00053,cloud_reservation_used_for_training,3,0.89,two independent primary layers plus corroboration support likely training,synthetic_latent_truth_plus_composite_rules,true,10.3629,2048.0,1761,0.865,0.94,0.0,0.0,593.91,214.41,10.3629,0.29,0.9065,train,true,593,214.41,0.8811,0.8955,12.41,85.59,94.59,0.8708,94.48,0.8634,1.0,0.9925,0.0,,,false,0.6267,0.787,0.0,0.7373,534,0.8554,0.3794,0.473,0.96,0.45,2.3099,9813.696,8.9337,0.0807,0.1622,0.8646,0.471,0.495,593,pytorch_distributed_training,0.8846,593,true,278.81,1.406,0.705,0.6295,false,324.65,1818.64,357034,true,true,0.98,0.0,true,0.98,0.01,76,0,false,false,,,,1.0,observed,1.0,observed,1.0,observed,1.0,observed,0.0,routine_profiler_disabled,1.0,observed,1.0,observed,1.0,observed,1.0,observed,1.0,observed,1.0,observed,0.6815,delayed_log_delivery,1.0,observed,1.0,observed,1.0,observed,0.0,not_scheduled,1.0,observed,valid,operator_signed,operator_signed,bms_meter,features-v0.1.0,policy-thresholds-v0.1.0,h100e-normalization-v0.1.0,sha256:3b478a28b6f5b545daabe9b61544f00b94b3807aab3f5182babf60644e3d169f,false,false,false,training_primary_semantic
feat_f8053457ee27a303d3e835b1,synthetic_v0_seed_20260510,20260510,site_c,topology_domain,fabricdom_hmac_4e32120db6f3,2026-05-28T20:57:10Z,2026-05-29T20:57:10Z,86400,episode_large_batch_inference_00154,large_batch_inference,0,0.95,capacity below policy threshold with strong coverage,synthetic_latent_truth_plus_composite_rules,false,0.0964,384.0,276,0.9,0.66,0.0,0.0,180.63,6.56,0.0964,0.4704,0.78,inference,false,,,,,,68.0,88.0,0.62,72.0,0.62,0.803,0.9352,0.0,,,false,0.187,0.138,0.0,0.22,31,0.15,0.1325,0.0248,0.96,0.5429,0.5794,1201.3091,0.2733,0.1208,0.103,0.8233,0.5435,0.56,180,large_batch_inference,0.796,180,false,76.03,0.0,0.0,0.0,false,,,,false,false,0.98,0.0,true,0.98,0.01,67,0,false,false,,,,1.0,observed,1.0,observed,1.0,observed,1.0,observed,0.0,routine_profiler_disabled,1.0,observed,1.0,observed,1.0,observed,1.0,observed,1.0,observed,1.0,observed,0.0,privacy_redacted,1.0,observed,1.0,observed,1.0,observed,0.0,not_scheduled,1.0,observed,valid,auditor_reconciled,auditor_reconciled,bms_meter,features-v0.1.0,policy-thresholds-v0.1.0,h100e-normalization-v0.1.0,sha256:c7628975b725ed864e518ce673b9d968d78b6c033f082bb38e90f9162f5316da,false,false,false,false_positive_primary
feat_0b7cb2eaf960c9d1ac0f58ef,synthetic_v0_seed_20260510,20260510,site_a,linked_job_group,jobgrp_hmac_bafb33a322d8,2026-05-28T21:00:10Z,2026-05-29T21:00:10Z,86400,episode_pretraining_00201,pretraining,4,0.96,authenticated ML evidence crosses the policy compute threshold,synthetic_latent_truth_plus_composite_rules,true,45.3298,4096.0,3522,0.83,0.94,0.0,0.0,2419.17,230.25,45.3298,0.5906,0.8307,train,true,,,,,,84.32,93.32,0.8736,87.86,0.7407,0.976,0.9815,0.0,,,false,0.6976,0.7215,0.0,0.8207,2177,0.7842,0.3545,0.4827,0.96,0.6499,4.4398,43303.9684,9.5938,0.0802,0.0702,0.8567,0.6269,0.6349,2419,pytorch_distributed_training,0.8315,2419,true,467.24,1.455,0.8082,0.7224,true,84.64,2433.32,18109,true,true,0.98,0.0,true,0.98,0.01,53,0,false,false,,,,1.0,observed,1.0,observed,0.0,not_applicable,1.0,observed,0.0,routine_profiler_disabled,1.0,observed,1.0,observed,1.0,observed,1.0,observed,1.0,observed,1.0,observed,0.9276,delayed_log_delivery,1.0,observed,1.0,observed,1.0,observed,0.0,not_scheduled,1.0,observed,valid,operator_signed,operator_signed,bms_meter,features-v0.1.0,policy-thresholds-v0.1.0,h100e-normalization-v0.1.0,sha256:5420eec7f6a45e3a31d416ef615956065e17b5c408d2fff24b11b5f8fb74cf82,false,false,false,training_primary_semantic
feat_ee49f674e184b23196e698d0,synthetic_v0_seed_20260510,20260510,site_b,topology_domain,fabricdom_hmac_a4f628b70cb3,2026-05-28T21:53:32Z,2026-05-29T21:53:32Z,86400,episode_normal_inference_00074,normal_inference,1,0.78,routine inference on capable monitored capacity leaves training possible but not elevated,synthetic_latent_truth_plus_composite_rules,true,0.2392,2048.0,1761,0.865,0.94,0.0,0.0,177.25,16.58,0.2392,0.0865,0.4996,inference,false,,,,,,34.12,58.32,0.1577,56.91,0.531,0.6449,0.6771,0.0,,,false,0.0693,0.1579,0.0,0.0816,34,0.1716,0.1401,0.0105,0.96,0.2594,2.3099,0.0,0.6908,0.1948,0.2008,0.6375,0.3223,0.3616,177,vllm_inference,0.5997,177,false,0.0,0.0,0.0,0.0,false,,,,false,false,0.98,0.0,true,0.98,0.01,29,0,false,false,,,,1.0,observed,1.0,observed,1.0,observed,1.0,observed,0.0,routine_profiler_disabled,1.0,observed,1.0,observed,1.0,observed,1.0,observed,1.0,observed,1.0,observed,0.0,privacy_redacted,1.0,observed,1.0,observed,1.0,observed,0.0,not_scheduled,1.0,observed,valid,operator_signed,operator_signed,bms_meter,features-v0.1.0,policy-thresholds-v0.1.0,h100e-normalization-v0.1.0,sha256:5d86497a0c150aa21657258dd3605606dda853ca4bed4fd250acc2fa421dce60,false,false,false,none
feat_5cd740966e90044d3633637c,synthetic_v0_seed_20260510,20260510,site_a,linked_job_group,jobgrp_hmac_3d31c094519f,2026-05-28T21:55:12Z,2026-05-29T21:55:12Z,86400,episode_counter_suppressed_candidate_window_00177,counter_suppressed_candidate_window,2,0.74,one primary layer is materially elevated,synthetic_latent_truth_plus_composite_rules,true,3.4519,4096.0,3522,0.83,0.94,0.0,0.0,836.46,50.71,3.4519,0.2042,0.88,unknown,true,,,,,,,,,,,,,0.0,,,false,0.578,0.6624,0.0,0.68,692,0.72,0.332,0.3672,0.96,0.7947,4.4398,58733.3004,2.1129,0.22,0.2452,0.2724,0.2916,0.334,836,unknown_cc_mode,0.866,836,true,0.0,0.0,0.0,0.0,false,,,,false,false,0.98,0.9468,true,0.1932,0.8068,12,0,false,false,0.658,2.1905,0.6714,1.0,observed,1.0,observed,0.0,not_applicable,0.1932,counter_disabled_by_cc_mode,0.0,routine_profiler_disabled,1.0,observed,1.0,observed,1.0,observed,1.0,observed,1.0,observed,1.0,observed,0.0,privacy_redacted,1.0,observed,1.0,observed,1.0,observed,1.0,observed,1.0,observed,valid,operator_signed,operator_signed,bms_meter,features-v0.1.0,policy-thresholds-v0.1.0,h100e-normalization-v0.1.0,sha256:ae3bbc3e51e8b2e22bf22d0de6b048a311e5f6cdd77de4842fd2c49f7b1fed2a,false,false,false,training_suppressed_counters
feat_ce21504ef24274802f4b1b3a,synthetic_v0_seed_20260510,20260510,site_a,topology_domain,fabricdom_hmac_27a20b17b89b,2026-05-28T21:55:22Z,2026-05-29T21:55:22Z,86400,episode_hardware_burn_in_00066,hardware_burn_in,1,0.72,physical activity alone is weak and non-semantic,synthetic_latent_truth_plus_composite_rules,true,0.1703,4096.0,3522,0.83,0.94,0.0,0.0,158.87,13.17,0.1703,0.0388,0.55,burn_in,false,,,,,,82.0,98.0,0.9,50.0,0.35,0.5375,1.0,0.193,,,false,0.085,0.046,0.0,0.1,9,0.05,0.0975,0.0038,0.96,0.45,4.4398,22003.392,0.5487,0.076,0.4112,0.87,0.471,0.495,158,hardware_burn_in,0.635,158,false,0.0,0.0,0.0,0.0,false,,,,false,false,0.98,0.0,true,0.98,0.01,19,0,false,false,,,,1.0,observed,1.0,observed,0.0,not_applicable,1.0,observed,0.0,routine_profiler_disabled,1.0,observed,1.0,observed,1.0,observed,1.0,observed,1.0,observed,1.0,observed,0.0,privacy_redacted,1.0,observed,1.0,observed,1.0,observed,0.0,not_scheduled,1.0,observed,valid,operator_signed,operator_signed,bms_meter,features-v0.1.0,policy-thresholds-v0.1.0,h100e-normalization-v0.1.0,sha256:f46f69c840f10a40b254d7afde11772698017ddeb09614e98404ce5d40f299b6,false,false,true,physical_only
feat_051df47522e190ec9f50e030,synthetic_v0_seed_20260510,20260510,site_b,linked_job_group,jobgrp_hmac_b0c919eb7771,2026-05-28T23:53:15Z,2026-05-29T23:53:15Z,86400,episode_cloud_reservation_used_for_training_00148,cloud_reservation_used_for_training,3,0.89,two independent primary layers plus corroboration support likely training,synthetic_latent_truth_plus_composite_rules,true,4.3548,2048.0,1761,0.865,0.94,0.0,0.0,575.56,92.97,4.3548,0.281,0.8443,train,true,575,92.97,0.8583,0.9672,117.35,86.29,95.29,0.8566,91.21,0.8489,1.0,0.9986,0.0,,,false,0.5981,0.8374,0.0,0.7036,517,0.9102,0.3986,0.4803,0.96,0.45,2.3099,9813.696,3.8737,0.0829,0.1694,0.869,0.471,0.495,575,pytorch_distributed_training,0.841,575,true,342.57,0.543,0.9035,0.6825,false,,,,false,false,0.98,0.0,true,0.98,0.01,47,0,false,false,,,,1.0,observed,1.0,observed,1.0,observed,1.0,observed,0.0,routine_profiler_disabled,1.0,observed,1.0,observed,1.0,observed,1.0,observed,1.0,observed,1.0,observed,0.0,privacy_redacted,1.0,observed,1.0,observed,1.0,observed,0.0,not_scheduled,1.0,observed,valid,operator_signed,operator_signed,bms_meter,features-v0.1.0,policy-thresholds-v0.1.0,h100e-normalization-v0.1.0,sha256:8d9fa813629735ee9c89ae24d0f701f44152252e45b3963b494bdf4ebc250fb4,false,false,false,training_primary_semantic
feat_64e52d130c8bc7d95342b60c,synthetic_v0_seed_20260510,20260510,site_b,topology_domain,fabricdom_hmac_576d25f521b7,2026-05-29T00:15:46Z,2026-05-30T00:15:46Z,86400,episode_synthetic_data_generation_00158,synthetic_data_generation,2,0.78,synthetic_data_generation is a high-load false-positive class requiring cross-checks,synthetic_latent_truth_plus_composite_rules,true,2.1358,2048.0,1761,0.865,0.94,0.0,0.0,848.42,30.93,2.1358,0.4143,0.75,synthetic_data,true,,,,,,72.0,91.0,0.72,80.0,0.7,0.895,0.9613,0.0,,,false,0.2975,0.23,0.0,0.35,243,0.25,0.1675,0.0656,0.96,0.514,2.3099,13361.7331,1.2888,0.1048,0.1157,0.8421,0.5209,0.5398,848,synthetic_data_generation_pipeline,0.775,848,false,334.93,0.0,0.0,0.28,false,,,,false,false,0.98,0.0,true,0.98,0.01,44,0,false,false,,,,1.0,observed,1.0,observed,1.0,observed,1.0,observed,0.0,routine_profiler_disabled,1.0,observed,1.0,observed,1.0,observed,1.0,observed,1.0,observed,1.0,observed,0.0,privacy_redacted,1.0,observed,1.0,observed,1.0,observed,0.0,not_scheduled,1.0,observed,valid,operator_signed,operator_signed,bms_meter,features-v0.1.0,policy-thresholds-v0.1.0,h100e-normalization-v0.1.0,sha256:57adf9432d077e2827e645ff0cb7491c37614e28a0bbca6ead5fddda62a997c0,false,false,false,false_positive_primary
feat_8c8dd186336a9d208aa2a3ee,synthetic_v0_seed_20260510,20260510,site_a,linked_job_group,jobgrp_hmac_ec0ffcd61dd9,2026-05-29T03:10:27Z,2026-05-30T03:10:27Z,86400,episode_adversarial_fragmented_training_00072,adversarial_fragmented_training,2,0.78,fragmented sub-threshold activity is elevated until jobs/accounts are linked,synthetic_latent_truth_plus_composite_rules,true,19.3456,4096.0,3522,0.83,0.94,0.0,0.2805,884.41,268.79,19.3456,0.2159,0.42,unknown,true,,,,,,76.0,91.0,0.78,86.0,0.74,0.959,0.9613,0.0,,,false,0.408,0.506,0.0,0.48,559,0.55,0.2725,0.198,0.96,0.45,4.4398,22003.392,11.1996,0.0952,0.2425,0.8421,0.471,0.495,884,pytorch_distributed_training,0.544,884,true,0.0,0.303,0.6078,0.0,false,,,,false,false,0.98,0.0,true,0.98,0.01,53,0,false,false,,,,1.0,observed,1.0,observed,0.0,not_applicable,1.0,observed,0.0,routine_profiler_disabled,1.0,observed,1.0,observed,1.0,observed,1.0,observed,1.0,observed,1.0,observed,0.0,privacy_redacted,1.0,observed,1.0,observed,1.0,observed,0.0,not_scheduled,1.0,observed,valid,operator_signed,operator_signed,bms_meter,features-v0.1.0,policy-thresholds-v0.1.0,h100e-normalization-v0.1.0,sha256:331ded90249d39f48749e6ca950e97d4a3738b87432d63b5f80917b469ea8f0b,false,false,false,training_fragmented
feat_cdcec9b1d5ec01ceb955cc95,synthetic_v0_seed_20260510,20260510,site_b,linked_job_group,jobgrp_hmac_13fed90caf43,2026-05-29T03:27:43Z,2026-05-30T03:27:43Z,86400,episode_large_fine_tune_00018,large_fine_tune,4,0.96,authenticated ML evidence crosses the policy compute threshold,synthetic_latent_truth_plus_composite_rules,true,30.8334,2048.0,1761,0.865,0.94,0.0,0.0,1692.14,223.91,30.8334,0.8262,0.8884,train,true,,,,,,88.8,97.8,0.8866,95.81,0.792,1.0,1.0,0.0,0.6795,0.6926,true,0.6454,0.6828,0.0,0.7593,1444,0.7422,0.3398,0.4226,0.96,0.8503,2.3099,32005.5594,9.3296,0.0781,0.0241,0.87,0.7832,0.7752,1692,pytorch_distributed_training,0.8719,1692,true,311.71,2.273,0.8662,0.8896,true,95.69,2705.03,440924,true,true,0.98,0.0,true,0.98,0.01,50,0,false,false,,,,1.0,observed,1.0,observed,1.0,observed,1.0,observed,0.734,privacy_redacted,1.0,observed,1.0,observed,1.0,observed,1.0,observed,1.0,observed,1.0,observed,0.8891,delayed_log_delivery,1.0,observed,1.0,observed,1.0,observed,0.0,not_scheduled,1.0,observed,valid,operator_signed,operator_signed,bms_meter,features-v0.1.0,policy-thresholds-v0.1.0,h100e-normalization-v0.1.0,sha256:3e7f041b0953516363a6930414023c0e7fafa1a151fdb7e0a36dd6ac6144ede6,false,false,false,training_primary_semantic
feat_5a909f2fd6fe8d7aff943c51,synthetic_v0_seed_20260510,20260510,site_a,topology_domain,fabricdom_hmac_e583d3d368,2026-05-29T03:36:44Z,2026-05-30T03:36:44Z,86400,episode_idle_00206,idle,0,0.94,idle window has strong critical-layer coverage,synthetic_latent_truth_plus_composite_rules,true,0.0,4096.0,3522,0.83,0.94,0.0,0.0,0.0,0.0,0.0,0.0,0.0,none,false,,,,,,0.0,0.0,0.0,0.0,0.0,0.0,0.18,0.0,,,false,0.0,0.0,0.0,0.0,0,0.0,0.0,0.0,0.96,0.268,4.4398,2610.1709,0.2729,0.1354,0.0,0.08,0.1,0.12,0,none,0.0,0,false,0.0,0.0,0.0,0.0,false,,,,false,false,0.98,0.0,true,0.98,0.01,56,0,false,false,,,,1.0,observed,1.0,observed,0.0,not_applicable,1.0,observed,0.0,routine_profiler_disabled,1.0,observed,1.0,observed,1.0,observed,1.0,observed,1.0,observed,1.0,observed,0.0,privacy_redacted,1.0,observed,1.0,observed,1.0,observed,0.0,not_scheduled,1.0,observed,valid,operator_signed,operator_signed,bms_meter,features-v0.1.0,policy-thresholds-v0.1.0,h100e-normalization-v0.1.0,sha256:792ad727c3481e73eaaa7f0b995617db65fa1a2650e4bd67eab77b7582c41c5d,false,false,false,none
feat_555cc34c0860e8d1e9234010,synthetic_v0_seed_20260510,20260510,site_b,linked_job_group,jobgrp_hmac_baa6a83d71b6,2026-05-29T06:09:13Z,2026-05-30T06:09:13Z,86400,episode_large_fine_tune_00142,large_fine_tune,3,0.89,two independent primary layers plus corroboration support likely training,synthetic_latent_truth_plus_composite_rules,true,11.5706,2048.0,1761,0.865,0.94,0.0,0.0,659.12,215.71,11.5706,0.3218,0.8367,train,true,,,,,,83.6,92.6,0.8002,93.39,0.8054,1.0,0.9753,0.0,0.6436,0.6108,true,0.7061,0.841,0.0,0.8307,593,0.9141,0.4,0.5695,0.96,0.4525,2.3099,9952.2912,8.9879,0.092,0.1386,0.8522,0.473,0.4967,659,pytorch_distributed_training,0.8357,659,true,382.18,1.8,0.6751,0.7817,false,,,,false,false,0.98,0.0,true,0.98,0.01,63,0,false,false,,,,1.0,observed,1.0,observed,1.0,observed,1.0,observed,0.7835,privacy_redacted,1.0,observed,1.0,observed,1.0,observed,1.0,observed,1.0,observed,1.0,observed,0.0,privacy_redacted,1.0,observed,1.0,observed,1.0,observed,0.0,not_scheduled,1.0,observed,valid,operator_signed,operator_signed,bms_meter,features-v0.1.0,policy-thresholds-v0.1.0,h100e-normalization-v0.1.0,sha256:9ad2a040cd7cfd015a891c72c6ff44ed447b93d47cf0e5a9f220fa3f4f185df8,false,false,false,training_primary_semantic
feat_a3fbf81e246d6d1e439a4b06,synthetic_v0_seed_20260510,20260510,site_b,topology_domain,fabricdom_hmac_27cc60d9ca58,2026-05-29T06:11:13Z,2026-05-30T06:11:13Z,86400,episode_synthetic_data_generation_00010,synthetic_data_generation,2,0.78,synthetic_data_generation is a high-load false-positive class requiring cross-checks,synthetic_latent_truth_plus_composite_rules,true,2.7389,2048.0,1761,0.865,0.94,0.0,0.0,495.51,67.92,2.7389,0.2419,0.75,synthetic_data,false,,,,,,72.0,91.0,0.72,80.0,0.7,0.895,0.9613,0.0,,,false,0.2975,0.23,0.0,0.35,142,0.25,0.1675,0.0656,0.96,0.45,2.3099,9813.696,2.83,0.1048,0.2175,0.8421,0.471,0.495,495,synthetic_data_generation_pipeline,0.775,495,false,302.26,0.0,0.0,0.28,false,,,,false,false,0.98,0.0,true,0.98,0.01,31,0,false,false,,,,1.0,observed,1.0,observed,1.0,observed,1.0,observed,0.0,routine_profiler_disabled,1.0,observed,1.0,observed,1.0,observed,1.0,observed,1.0,observed,1.0,observed,0.0,privacy_redacted,1.0,observed,1.0,observed,1.0,observed,0.0,not_scheduled,1.0,observed,valid,operator_signed,operator_signed,bms_meter,features-v0.1.0,policy-thresholds-v0.1.0,h100e-normalization-v0.1.0,sha256:f259be89ea56dbd12265a10ce8aa3905838efe99cc2d79d67e96c25f12898492,false,false,false,false_positive_primary
feat_e11e6d03bf15b1fa26f6d70f,synthetic_v0_seed_20260510,20260510,site_b,linked_job_group,jobgrp_hmac_a2cad38cb9d8,2026-05-29T10:26:48Z,2026-05-30T10:26:48Z,86400,episode_cloud_reservation_used_for_training_00037,cloud_reservation_used_for_training,4,0.93,"scheduler, GPU, fabric, power, and storage cohere under high integrity",synthetic_latent_truth_plus_composite_rules,true,20.24,2048.0,1761,0.865,0.94,0.0,0.0,1693.61,146.85,20.24,0.827,0.8858,train,true,1693,146.85,0.9944,0.9531,84.7,81.72,90.72,0.7848,89.61,0.8666,1.0,0.9589,0.0,0.634,0.674,true,0.7459,0.8386,0.0,0.8775,1524,0.9115,0.399,0.5999,0.96,0.8052,2.3099,29505.302,6.1187,0.0944,0.0122,0.8404,0.7481,0.7436,1693,pytorch_distributed_training,0.87,1693,true,572.72,2.078,0.7923,0.7703,false,,,,false,false,0.98,0.0,true,0.98,0.01,74,0,false,false,,,,1.0,observed,1.0,observed,1.0,observed,1.0,observed,0.6735,privacy_redacted,1.0,observed,1.0,observed,1.0,observed,1.0,observed,1.0,observed,1.0,observed,0.0,privacy_redacted,1.0,observed,1.0,observed,1.0,observed,0.0,not_scheduled,1.0,observed,valid,operator_signed,operator_signed,bms_meter,features-v0.1.0,policy-thresholds-v0.1.0,h100e-normalization-v0.1.0,sha256:65aa4ee12767062d003058b66e3d73f17b0f5d67a22145ffbe4a3607c21be963,false,false,false,training_primary_semantic
feat_951b02b564fbc6ee85970a0a,synthetic_v0_seed_20260510,20260510,site_b,topology_domain,fabricdom_hmac_c4da8c36be4d,2026-05-29T15:18:25Z,2026-05-30T15:18:25Z,86400,episode_reserved_but_unused_capacity_00163,reserved_but_unused_capacity,1,0.82,capacity-only evidence is capped at training possible,synthetic_latent_truth_plus_composite_rules,true,9.1786,2048.0,1761,0.865,0.94,0.0,0.0,1013.96,111.23,9.1786,0.4951,0.86,reserved,true,,,,,,3.0,12.0,0.0,2.0,0.08,0.038,0.2743,0.0,,,false,0.0255,0.0,0.0,0.03,0,0.0,0.08,0.0,0.96,0.2221,2.3099,0.0,4.6346,0.22,0.1305,0.3475,0.3277,0.3664,1013,none,0.852,1013,false,0.0,0.0,0.0,0.0,false,,,,false,false,0.98,0.0,true,0.98,0.01,73,0,false,false,,,,1.0,observed,1.0,observed,1.0,observed,1.0,observed,0.0,routine_profiler_disabled,1.0,observed,1.0,observed,1.0,observed,1.0,observed,1.0,observed,1.0,observed,0.0,privacy_redacted,1.0,observed,1.0,observed,1.0,observed,0.0,not_scheduled,1.0,observed,valid,operator_signed,operator_signed,bms_meter,features-v0.1.0,policy-thresholds-v0.1.0,h100e-normalization-v0.1.0,sha256:dda33b532d13b339425d6d406fceb99805165d75188e6a466828b7b60b4dd489,true,false,false,capacity_only
feat_e5ed993721f10e1e66fa546b,synthetic_v0_seed_20260510,20260510,site_a,topology_domain,fabricdom_hmac_564c4396575e,2026-05-29T15:49:24Z,2026-05-30T15:49:24Z,86400,episode_large_batch_inference_00144,large_batch_inference,2,0.78,large_batch_inference is a high-load false-positive class requiring cross-checks,synthetic_latent_truth_plus_composite_rules,true,0.2561,4096.0,3522,0.83,0.94,0.0,0.0,216.16,14.56,0.2561,0.0528,0.78,inference,false,,,,,,68.0,88.0,0.62,72.0,0.62,0.803,0.9352,0.0,,,false,0.187,0.138,0.0,0.22,37,0.15,0.1325,0.0248,0.96,0.45,4.4398,22003.392,0.6067,0.1208,0.4006,0.8233,0.471,0.495,216,large_batch_inference,0.796,216,false,37.58,0.0,0.0,0.0,false,,,,false,false,0.98,0.0,true,0.98,0.01,66,0,false,false,,,,1.0,observed,1.0,observed,0.0,not_applicable,1.0,observed,0.0,routine_profiler_disabled,1.0,observed,1.0,observed,1.0,observed,1.0,observed,1.0,observed,1.0,observed,0.0,privacy_redacted,1.0,observed,1.0,observed,1.0,observed,0.0,not_scheduled,1.0,observed,valid,operator_signed,operator_signed,bms_meter,features-v0.1.0,policy-thresholds-v0.1.0,h100e-normalization-v0.1.0,sha256:9778e3c715940718506b348e8366e6f36e2347a27b397109b5480e5d1064ecdd,false,false,false,false_positive_primary
feat_2959e712866097b7043f9ea8,synthetic_v0_seed_20260510,20260510,site_a,topology_domain,fabricdom_hmac_b90d79f09787,2026-05-29T17:12:28Z,2026-05-30T17:12:28Z,86400,episode_normal_inference_00204,normal_inference,1,0.78,routine inference on capable monitored capacity leaves training possible but not elevated,synthetic_latent_truth_plus_composite_rules,true,0.0781,4096.0,3522,0.83,0.94,0.0,0.0,98.22,9.77,0.0781,0.024,0.5914,inference,false,,,,,,34.0,53.94,0.2575,28.27,0.503,0.3801,0.6391,0.0,,,false,0.0206,0.1135,0.0,0.0242,13,0.1234,0.1232,0.0022,0.96,0.2301,4.4398,0.0,0.4071,0.1788,0.2148,0.6102,0.2995,0.3411,98,tensorrt_llm_serving,0.664,98,false,0.0,0.0,0.0,0.0,false,,,,false,false,0.98,0.0,true,0.98,0.01,75,0,false,false,,,,1.0,observed,1.0,observed,0.0,not_applicable,1.0,observed,0.0,routine_profiler_disabled,1.0,observed,1.0,observed,1.0,observed,1.0,observed,1.0,observed,1.0,observed,0.0,privacy_redacted,1.0,observed,1.0,observed,1.0,observed,0.0,not_scheduled,1.0,observed,valid,operator_signed,operator_signed,bms_meter,features-v0.1.0,policy-thresholds-v0.1.0,h100e-normalization-v0.1.0,sha256:16ce6e8be74f46a33e639be2a7b9b04b73547aa9ce19ba58a92c6bd69fbc044e,false,false,false,none
feat_8716bf65b162c093316dee09,synthetic_v0_seed_20260510,20260510,site_b,topology_domain,fabricdom_hmac_b0e2f3dcfba7,2026-05-29T18:40:18Z,2026-05-30T18:40:18Z,86400,episode_normal_inference_00040,normal_inference,1,0.78,routine inference on capable monitored capacity leaves training possible but not elevated,synthetic_latent_truth_plus_composite_rules,true,0.1518,2048.0,1761,0.865,0.94,0.0,0.0,227.23,8.21,0.1518,0.111,0.4581,inference,false,,,,,,53.93,47.54,0.2219,50.92,0.2569,0.5225,0.5834,0.0,,,false,0.0644,0.0438,0.0,0.0757,12,0.0476,0.0967,0.0027,0.96,0.2611,2.3099,0.0,0.3421,0.1845,0.1963,0.57,0.3237,0.3628,227,ray_batch_inference,0.5707,227,false,0.0,0.0,0.0,0.0,false,,,,false,false,0.98,0.0,true,0.98,0.01,25,0,false,false,,,,1.0,observed,1.0,observed,1.0,observed,1.0,observed,0.0,routine_profiler_disabled,1.0,observed,1.0,observed,1.0,observed,1.0,observed,1.0,observed,1.0,observed,0.0,privacy_redacted,1.0,observed,1.0,observed,1.0,observed,0.0,not_scheduled,1.0,observed,valid,operator_signed,operator_signed,bms_meter,features-v0.1.0,policy-thresholds-v0.1.0,h100e-normalization-v0.1.0,sha256:46ac9b43d66bc2b4ebd5af55b3575a2fbbc36ce27286cadd4690bf623f4e7a6b,false,false,false,none
feat_165acfa7ddd29bf1642b7e16,synthetic_v0_seed_20260510,20260510,site_b,linked_job_group,jobgrp_hmac_cca20bfca31a,2026-05-29T19:01:35Z,2026-05-30T19:01:35Z,86400,episode_cloud_reservation_used_for_training_00053,cloud_reservation_used_for_training,3,0.89,two independent primary layers plus corroboration support likely training,synthetic_latent_truth_plus_composite_rules,true,10.3629,2048.0,1761,0.865,0.94,0.0,0.0,593.91,214.41,10.3629,0.29,0.9065,train,true,593,214.41,0.8811,0.8955,12.41,85.59,94.59,0.8708,94.48,0.8634,1.0,0.9925,0.0,,,false,0.6267,0.787,0.0,0.7373,534,0.8554,0.3794,0.473,0.96,0.45,2.3099,9813.696,8.9337,0.0807,0.1622,0.8646,0.471,0.495,593,pytorch_distributed_training,0.8846,593,true,278.81,1.406,0.705,0.6295,false,324.65,1818.64,357034,true,true,0.98,0.0,true,0.98,0.01,76,0,false,false,,,,1.0,observed,1.0,observed,1.0,observed,1.0,observed,0.0,routine_profiler_disabled,1.0,observed,1.0,observed,1.0,observed,1.0,observed,1.0,observed,1.0,observed,0.6815,delayed_log_delivery,1.0,observed,1.0,observed,1.0,observed,0.0,not_scheduled,1.0,observed,valid,operator_signed,operator_signed,bms_meter,features-v0.1.0,policy-thresholds-v0.1.0,h100e-normalization-v0.1.0,sha256:67b88c008b789394f216795446605b480636847dc9103f5e6520545888fb1078,false,false,false,training_primary_semantic
feat_a408036efe0ffdaed2748836,synthetic_v0_seed_20260510,20260510,site_a,linked_job_group,jobgrp_hmac_e170fc3a39c6,2026-05-29T19:25:59Z,2026-05-30T19:25:59Z,86400,episode_adversarial_fragmented_training_00138,adversarial_fragmented_training,2,0.78,fragmented sub-threshold activity is elevated until jobs/accounts are linked,synthetic_latent_truth_plus_composite_rules,true,6.3623,4096.0,3522,0.83,0.94,0.0,0.4511,717.77,108.92,6.3623,0.1752,0.42,unknown,true,,,,,,76.0,91.0,0.78,86.0,0.74,0.959,0.9613,0.0,,,false,0.408,0.506,0.0,0.48,453,0.55,0.2725,0.198,0.96,0.45,4.4398,22003.392,4.5383,0.0952,0.2816,0.8421,0.471,0.495,717,pytorch_distributed_training,0.544,717,true,0.0,0.658,0.6374,0.0,false,,,,false,false,0.98,0.0,true,0.98,0.01,32,0,false,false,,,,1.0,observed,1.0,observed,0.0,not_applicable,1.0,observed,0.0,routine_profiler_disabled,1.0,observed,1.0,observed,1.0,observed,1.0,observed,1.0,observed,1.0,observed,0.0,privacy_redacted,1.0,observed,1.0,observed,1.0,observed,0.0,not_scheduled,1.0,observed,valid,operator_signed,operator_signed,bms_meter,features-v0.1.0,policy-thresholds-v0.1.0,h100e-normalization-v0.1.0,sha256:fdbd82be5894eac3892d6e933c4745bf148cd9fbb8165fa82ce51437d531396b,false,false,false,training_fragmented
feat_c5440a2fb57615bd6e0d359d,synthetic_v0_seed_20260510,20260510,site_a,topology_domain,fabricdom_hmac_d171e1cc4813,2026-05-29T21:18:54Z,2026-05-30T21:18:54Z,86400,episode_hpc_mpi_simulation_00207,hpc_mpi_simulation,2,0.78,hpc_mpi_simulation is a high-load false-positive class requiring cross-checks,synthetic_latent_truth_plus_composite_rules,true,0.858,4096.0,3522,0.83,0.94,0.0,0.0,568.66,18.54,0.858,0.1388,0.86,hpc,false,,,,,,70.0,92.0,0.68,42.0,0.46,0.493,0.97,0.0,0.3584,0.5156,true,0.612,0.5336,0.0,0.72,379,0.58,0.283,0.3132,0.96,0.45,4.4398,22003.392,0.7725,0.1112,0.3154,0.8484,0.471,0.495,568,mpi_hpc_simulation,0.852,568,true,0.0,0.0,0.08,0.0,false,,,,false,false,0.98,0.0,true,0.98,0.01,77,0,false,false,,,,1.0,observed,1.0,observed,0.0,not_applicable,1.0,observed,0.5872,privacy_redacted,1.0,observed,1.0,observed,1.0,observed,1.0,observed,1.0,observed,1.0,observed,0.0,privacy_redacted,1.0,observed,1.0,observed,1.0,observed,0.0,not_scheduled,1.0,observed,valid,operator_signed,operator_signed,bms_meter,features-v0.1.0,policy-thresholds-v0.1.0,h100e-normalization-v0.1.0,sha256:6719009718a847bb089055496b8938b6ffab1137673ff748fff1b36e6a7acad6,false,false,false,false_positive_primary
feat_27c1b496245e4c997b108ad6,synthetic_v0_seed_20260510,20260510,site_a,linked_job_group,jobgrp_hmac_3d31c094519f,2026-05-29T21:55:12Z,2026-05-30T21:55:12Z,86400,episode_counter_suppressed_candidate_window_00177,counter_suppressed_candidate_window,2,0.74,one primary layer is materially elevated,synthetic_latent_truth_plus_composite_rules,true,3.4519,4096.0,3522,0.83,0.94,0.0,0.0,836.46,50.71,3.4519,0.2042,0.88,unknown,true,,,,,,,,,,,,,0.0,,,false,0.578,0.6624,0.0,0.68,692,0.72,0.332,0.3672,0.96,0.7947,4.4398,58733.3004,2.1129,0.22,0.2452,0.2724,0.2916,0.334,836,unknown_cc_mode,0.866,836,true,0.0,0.0,0.0,0.0,false,,,,false,false,0.98,0.9468,true,0.1932,0.8068,12,0,false,false,0.658,2.1905,0.6714,1.0,observed,1.0,observed,0.0,not_applicable,0.1932,counter_disabled_by_cc_mode,0.0,routine_profiler_disabled,1.0,observed,1.0,observed,1.0,observed,1.0,observed,1.0,observed,1.0,observed,0.0,privacy_redacted,1.0,observed,1.0,observed,1.0,observed,1.0,observed,1.0,observed,valid,operator_signed,operator_signed,bms_meter,features-v0.1.0,policy-thresholds-v0.1.0,h100e-normalization-v0.1.0,sha256:50b3df977ddaac9a16eec7ce97852b485299db3de657a33e03fcf44616c0016d,false,false,false,training_suppressed_counters
feat_985c44c73b35db7491771959,synthetic_v0_seed_20260510,20260510,site_b,linked_job_group,jobgrp_hmac_b0c919eb7771,2026-05-29T23:53:15Z,2026-05-30T23:53:15Z,86400,episode_cloud_reservation_used_for_training_00148,cloud_reservation_used_for_training,3,0.89,two independent primary layers plus corroboration support likely training,synthetic_latent_truth_plus_composite_rules,true,4.3548,2048.0,1761,0.865,0.94,0.0,0.0,575.56,92.97,4.3548,0.281,0.8443,train,true,575,92.97,0.8583,0.9672,117.35,86.29,95.29,0.8566,91.21,0.8489,1.0,0.9986,0.0,,,false,0.5981,0.8374,0.0,0.7036,517,0.9102,0.3986,0.4803,0.96,0.45,2.3099,9813.696,3.8737,0.0829,0.1694,0.869,0.471,0.495,575,pytorch_distributed_training,0.841,575,true,342.57,0.543,0.9035,0.6825,false,,,,false,false,0.98,0.0,true,0.98,0.01,47,0,false,false,,,,1.0,observed,1.0,observed,1.0,observed,1.0,observed,0.0,routine_profiler_disabled,1.0,observed,1.0,observed,1.0,observed,1.0,observed,1.0,observed,1.0,observed,0.0,privacy_redacted,1.0,observed,1.0,observed,1.0,observed,0.0,not_scheduled,1.0,observed,valid,operator_signed,operator_signed,bms_meter,features-v0.1.0,policy-thresholds-v0.1.0,h100e-normalization-v0.1.0,sha256:44dcae218bae2c3c9fc99ea22bc0d9fd75df7000365bfdc661023cbd3ccc77c3,false,false,false,training_primary_semantic
feat_bb1c90f289afbaf9bc0a1fdd,synthetic_v0_seed_20260510,20260510,site_b,linked_job_group,jobgrp_hmac_55e0294358c8,2026-05-29T23:55:27Z,2026-05-30T23:55:27Z,86400,episode_underclocked_long_duration_training_00075,underclocked_long_duration_training,3,0.86,one strong primary layer plus semantic/supportive corroboration supports likely training,synthetic_latent_truth_plus_composite_rules,true,22.9192,2048.0,1761,0.865,0.94,0.0,0.0,754.69,373.18,22.9192,0.3685,0.86,unknown,true,,,,,,58.0,76.0,0.62,72.0,0.7,0.823,0.8309,0.0,,,false,0.4675,0.644,0.0,0.55,607,0.7,0.325,0.2888,0.96,0.4384,2.3099,9170.6143,15.5492,0.1208,0.0016,0.7482,0.462,0.4869,754,pytorch_distributed_training,0.852,754,true,0.0,0.897,0.7612,0.0,false,,,,false,false,0.98,0.0,true,0.98,0.01,35,0,false,false,,,,1.0,observed,1.0,observed,1.0,observed,1.0,observed,0.0,routine_profiler_disabled,1.0,observed,1.0,observed,1.0,observed,1.0,observed,1.0,observed,1.0,observed,0.0,privacy_redacted,1.0,observed,1.0,observed,1.0,observed,0.0,not_scheduled,1.0,observed,valid,operator_signed,operator_signed,bms_meter,features-v0.1.0,policy-thresholds-v0.1.0,h100e-normalization-v0.1.0,sha256:5b15cf6f78f23f5cfa5998806e31c778533b358b356254cde110e601076134cb,false,false,false,training_primary_semantic
feat_9be8cb4e2089227197d7e497,synthetic_v0_seed_20260510,20260510,site_a,linked_job_group,jobgrp_hmac_ab869290b1d8,2026-05-30T00:31:38Z,2026-05-31T00:31:38Z,86400,episode_pretraining_00025,pretraining,4,0.93,"scheduler, GPU, fabric, power, and storage cohere under high integrity",synthetic_latent_truth_plus_composite_rules,true,68.8809,4096.0,3522,0.83,0.94,0.0,0.0,2035.13,415.9,68.8809,0.4969,0.927,train,true,,,,,,91.83,98.0,0.912,88.05,0.8755,1.0,1.0,0.0,0.5971,0.8256,true,0.7456,0.8409,0.0,0.8771,1831,0.9141,0.3999,0.6013,0.96,0.5998,4.4398,37965.5048,17.3292,0.0741,0.1029,0.87,0.5878,0.5999,2035,pytorch_distributed_training,0.8989,2035,true,167.27,0.504,0.8767,0.7689,false,415.89,3719.61,378511,true,true,0.98,0.0,true,0.98,0.01,67,0,false,false,,,,1.0,observed,1.0,observed,0.0,not_applicable,1.0,observed,0.5176,privacy_redacted,1.0,observed,1.0,observed,1.0,observed,1.0,observed,1.0,observed,1.0,observed,0.8707,delayed_log_delivery,1.0,observed,1.0,observed,1.0,observed,0.0,not_scheduled,1.0,observed,valid,operator_signed,operator_signed,bms_meter,features-v0.1.0,policy-thresholds-v0.1.0,h100e-normalization-v0.1.0,sha256:423271793e14dfa1441cdb1fd04670c8fba3fcc383729b8bf36cbfedf6b7fe86,false,false,false,training_primary_semantic
feat_644b4d34ccd200b9b5007f76,synthetic_v0_seed_20260510,20260510,site_b,linked_job_group,jobgrp_hmac_b803ed4b7467,2026-05-30T01:50:35Z,2026-05-31T01:50:35Z,86400,episode_small_fine_tune_00162,small_fine_tune,1,0.8,small fine-tune remains below policy compute threshold,synthetic_latent_truth_plus_composite_rules,true,0.1363,2048.0,1761,0.865,0.94,0.0,0.0,172.66,9.7,0.1363,0.0843,0.82,fine_tune,false,,,,,,68.0,89.0,0.7,78.0,0.68,0.872,0.9439,0.0,,,false,0.272,0.4784,0.0,0.32,103,0.52,0.262,0.1248,0.96,0.45,2.3099,9813.696,0.4042,0.108,0.3704,0.8296,0.471,0.495,172,pytorch_distributed_training,0.824,172,true,0.0,0.198,0.48,0.0,true,3.38,8.68,3679,true,true,0.98,0.0,true,0.98,0.01,32,0,false,false,,,,1.0,observed,1.0,observed,1.0,observed,1.0,observed,0.0,routine_profiler_disabled,1.0,observed,1.0,observed,1.0,observed,1.0,observed,1.0,observed,1.0,observed,0.55,delayed_log_delivery,1.0,observed,1.0,observed,1.0,observed,0.0,not_scheduled,1.0,observed,valid,operator_signed,operator_signed,bms_meter,features-v0.1.0,policy-thresholds-v0.1.0,h100e-normalization-v0.1.0,sha256:65076bf026ebdc9f62cce1dd0b80ded1ae5e30a63de3231441c35a6301f7fc3b,false,false,false,none
feat_568cdd28d113526bce785ce7,synthetic_v0_seed_20260510,20260510,site_a,linked_job_group,jobgrp_hmac_bafb33a322d8,2026-05-30T02:28:01Z,2026-05-31T02:28:01Z,86400,episode_pretraining_00201,pretraining,4,0.96,authenticated ML evidence crosses the policy compute threshold,synthetic_latent_truth_plus_composite_rules,true,45.3298,4096.0,3522,0.83,0.94,0.0,0.0,2419.17,230.25,45.3298,0.5906,0.8307,train,true,,,,,,84.32,93.32,0.8736,87.86,0.7407,0.976,0.9815,0.0,,,false,0.6976,0.7215,0.0,0.8207,2177,0.7842,0.3545,0.4827,0.96,0.6499,4.4398,43303.9684,9.5938,0.0802,0.0702,0.8567,0.6269,0.6349,2419,pytorch_distributed_training,0.8315,2419,true,467.24,1.455,0.8082,0.7224,true,84.64,2433.32,18109,true,true,0.98,0.0,true,0.98,0.01,53,0,false,false,,,,1.0,observed,1.0,observed,0.0,not_applicable,1.0,observed,0.0,routine_profiler_disabled,1.0,observed,1.0,observed,1.0,observed,1.0,observed,1.0,observed,1.0,observed,0.9276,delayed_log_delivery,1.0,observed,1.0,observed,1.0,observed,0.0,not_scheduled,1.0,observed,valid,operator_signed,operator_signed,bms_meter,features-v0.1.0,policy-thresholds-v0.1.0,h100e-normalization-v0.1.0,sha256:35be8421629a51f4c0e226d25c524adf29868f0207b456d345ac7bafb6285dce,false,false,false,training_primary_semantic
feat_215043cae5f083e7d6cbcf4d,synthetic_v0_seed_20260510,20260510,site_a,topology_domain,fabricdom_hmac_e583d3d368,2026-05-30T05:18:21Z,2026-05-31T05:18:21Z,86400,episode_idle_00087,idle,0,0.94,idle window has strong critical-layer coverage,synthetic_latent_truth_plus_composite_rules,true,0.0,4096.0,3522,0.83,0.94,0.0,0.0,0.0,0.0,0.0,0.0,0.0,none,false,,,,,,0.0,0.0,0.0,0.0,0.0,0.0,0.18,0.0,,,false,0.0,0.0,0.0,0.0,0,0.0,0.0,0.0,0.96,0.1404,4.4398,0.0,0.8825,0.1349,0.0,0.08,0.1,0.12,0,none,0.0,0,false,0.0,0.0,0.0,0.0,false,,,,false,false,0.98,0.0,true,0.98,0.01,15,0,false,false,,,,1.0,observed,1.0,observed,0.0,not_applicable,1.0,observed,0.0,routine_profiler_disabled,1.0,observed,1.0,observed,1.0,observed,1.0,observed,1.0,observed,1.0,observed,0.0,privacy_redacted,1.0,observed,1.0,observed,1.0,observed,0.0,not_scheduled,1.0,observed,valid,operator_signed,operator_signed,bms_meter,features-v0.1.0,policy-thresholds-v0.1.0,h100e-normalization-v0.1.0,sha256:655d4d7306290798c025564055b866210f3dee67d372772fd88529883906af51,false,false,false,none
feat_9bcde629bb01f7575337607c,synthetic_v0_seed_20260510,20260510,site_b,linked_job_group,jobgrp_hmac_baa6a83d71b6,2026-05-30T06:09:13Z,2026-05-31T06:09:13Z,86400,episode_large_fine_tune_00142,large_fine_tune,3,0.89,two independent primary layers plus corroboration support likely training,synthetic_latent_truth_plus_composite_rules,true,11.5706,2048.0,1761,0.865,0.94,0.0,0.0,659.12,215.71,11.5706,0.3218,0.8367,train,true,,,,,,83.6,92.6,0.8002,93.39,0.8054,1.0,0.9753,0.0,0.6436,0.6108,true,0.7061,0.841,0.0,0.8307,593,0.9141,0.4,0.5695,0.96,0.4525,2.3099,9952.2912,8.9879,0.092,0.1386,0.8522,0.473,0.4967,659,pytorch_distributed_training,0.8357,659,true,382.18,1.8,0.6751,0.7817,false,,,,false,false,0.98,0.0,true,0.98,0.01,63,0,false,false,,,,1.0,observed,1.0,observed,1.0,observed,1.0,observed,0.7835,privacy_redacted,1.0,observed,1.0,observed,1.0,observed,1.0,observed,1.0,observed,1.0,observed,0.0,privacy_redacted,1.0,observed,1.0,observed,1.0,observed,0.0,not_scheduled,1.0,observed,valid,operator_signed,operator_signed,bms_meter,features-v0.1.0,policy-thresholds-v0.1.0,h100e-normalization-v0.1.0,sha256:498410697db22bdb808e72b26a7d5308cb59d83ae00ef1b80dee5224c0a4b797,false,false,false,training_primary_semantic
feat_b1964082139e9019723166b1,synthetic_v0_seed_20260510,20260510,site_b,topology_domain,fabricdom_hmac_27cc60d9ca58,2026-05-30T06:11:13Z,2026-05-31T06:11:13Z,86400,episode_synthetic_data_generation_00010,synthetic_data_generation,2,0.78,synthetic_data_generation is a high-load false-positive class requiring cross-checks,synthetic_latent_truth_plus_composite_rules,true,2.7389,2048.0,1761,0.865,0.94,0.0,0.0,495.51,67.92,2.7389,0.2419,0.75,synthetic_data,false,,,,,,72.0,91.0,0.72,80.0,0.7,0.895,0.9613,0.0,,,false,0.2975,0.23,0.0,0.35,142,0.25,0.1675,0.0656,0.96,0.45,2.3099,9813.696,2.83,0.1048,0.2175,0.8421,0.471,0.495,495,synthetic_data_generation_pipeline,0.775,495,false,302.26,0.0,0.0,0.28,false,,,,false,false,0.98,0.0,true,0.98,0.01,31,0,false,false,,,,1.0,observed,1.0,observed,1.0,observed,1.0,observed,0.0,routine_profiler_disabled,1.0,observed,1.0,observed,1.0,observed,1.0,observed,1.0,observed,1.0,observed,0.0,privacy_redacted,1.0,observed,1.0,observed,1.0,observed,0.0,not_scheduled,1.0,observed,valid,operator_signed,operator_signed,bms_meter,features-v0.1.0,policy-thresholds-v0.1.0,h100e-normalization-v0.1.0,sha256:51dd99a07c9b8afa8ff217bf2fca1a1db0afe1e5f21086e714a5b2a3695cb874,false,false,false,false_positive_primary
feat_2d819b6652f6e8bdd9e4129b,synthetic_v0_seed_20260510,20260510,site_b,linked_job_group,jobgrp_hmac_13fed90caf43,2026-05-30T08:01:12Z,2026-05-31T08:01:12Z,86400,episode_large_fine_tune_00018,large_fine_tune,4,0.96,authenticated ML evidence crosses the policy compute threshold,synthetic_latent_truth_plus_composite_rules,true,30.8334,2048.0,1761,0.865,0.94,0.0,0.0,1692.14,223.91,30.8334,0.8262,0.8884,train,true,,,,,,88.8,97.8,0.8866,95.81,0.792,1.0,1.0,0.0,0.6795,0.6926,true,0.6454,0.6828,0.0,0.7593,1444,0.7422,0.3398,0.4226,0.96,0.8503,2.3099,32005.5594,9.3296,0.0781,0.0241,0.87,0.7832,0.7752,1692,pytorch_distributed_training,0.8719,1692,true,311.71,2.273,0.8662,0.8896,true,95.69,2705.03,440924,true,true,0.98,0.0,true,0.98,0.01,50,0,false,false,,,,1.0,observed,1.0,observed,1.0,observed,1.0,observed,0.734,privacy_redacted,1.0,observed,1.0,observed,1.0,observed,1.0,observed,1.0,observed,1.0,observed,0.8891,delayed_log_delivery,1.0,observed,1.0,observed,1.0,observed,0.0,not_scheduled,1.0,observed,valid,operator_signed,operator_signed,bms_meter,features-v0.1.0,policy-thresholds-v0.1.0,h100e-normalization-v0.1.0,sha256:f2f3710df1f3166c1762f338d69368ede9f103fd12af22a91400cb65adfbd45b,false,false,false,training_primary_semantic
feat_4371c48d9c6f891bd86c557c,synthetic_v0_seed_20260510,20260510,site_b,topology_domain,fabricdom_hmac_1c4d77c04e4b,2026-05-30T08:47:57Z,2026-05-31T08:47:57Z,86400,episode_normal_inference_00170,normal_inference,1,0.78,routine inference on capable monitored capacity leaves training possible but not elevated,synthetic_latent_truth_plus_composite_rules,true,0.0248,2048.0,1761,0.865,0.94,0.0,0.0,14.98,20.38,0.0248,0.0073,0.3372,inference,false,,,,,,25.37,49.91,0.1717,52.91,0.4659,0.5926,0.604,0.0,,,false,0.0393,0.044,0.0,0.0463,0,0.0478,0.0967,0.0017,0.96,0.2228,2.3099,0.0,0.8492,0.1925,0.2184,0.5849,0.2938,0.336,14,ray_batch_inference,0.486,14,false,0.0,0.0,0.0,0.0,false,,,,false,false,0.98,0.0,true,0.98,0.01,40,0,false,false,,,,1.0,observed,1.0,observed,1.0,observed,1.0,observed,0.0,routine_profiler_disabled,1.0,observed,1.0,observed,1.0,observed,1.0,observed,1.0,observed,1.0,observed,0.0,privacy_redacted,1.0,observed,1.0,observed,1.0,observed,0.0,not_scheduled,1.0,observed,valid,operator_signed,operator_signed,bms_meter,features-v0.1.0,policy-thresholds-v0.1.0,h100e-normalization-v0.1.0,sha256:119bce61222b58944f617b864e45664a3d88d893071d4defa63ae8959e81f8b1,false,false,false,none
feat_4419c6e382af2cffa8823fbe,synthetic_v0_seed_20260510,20260510,site_b,linked_job_group,jobgrp_hmac_6bd35a790f62,2026-05-30T09:58:41Z,2026-05-31T09:58:41Z,86400,episode_pretraining_00065,pretraining,4,0.93,"scheduler, GPU, fabric, power, and storage cohere under high integrity",synthetic_latent_truth_plus_composite_rules,true,21.4581,2048.0,1761,0.865,0.94,0.0,0.0,1563.14,168.68,21.4581,0.7633,0.8303,train,true,,,,,,81.99,90.99,0.8953,92.8,0.7808,1.0,0.9612,0.0,,,false,0.651,0.7271,0.0,0.7659,1406,0.7904,0.3566,0.454,0.96,0.7617,2.3099,27093.7455,7.0283,0.0768,0.028,0.8421,0.7141,0.7132,1563,pytorch_distributed_training,0.8312,1563,true,670.37,2.201,0.7265,0.9306,false,203.71,4195.81,416197,true,true,0.98,0.0,true,0.98,0.01,23,0,false,false,,,,1.0,observed,1.0,observed,1.0,observed,1.0,observed,0.0,routine_profiler_disabled,1.0,observed,1.0,observed,1.0,observed,1.0,observed,1.0,observed,1.0,observed,0.664,delayed_log_delivery,1.0,observed,1.0,observed,1.0,observed,0.0,not_scheduled,1.0,observed,valid,operator_signed,operator_signed,bms_meter,features-v0.1.0,policy-thresholds-v0.1.0,h100e-normalization-v0.1.0,sha256:814fedba729179b057a79cd69810c7d52cc3936d45c7b01556eb7f7490ae7d30,false,false,false,training_primary_semantic
feat_578b8fd727b8c7eecb480ac2,synthetic_v0_seed_20260510,20260510,site_a,topology_domain,fabricdom_hmac_2bf0704e96e3,2026-05-30T10:17:02Z,2026-05-31T10:17:02Z,86400,episode_large_batch_inference_00095,large_batch_inference,2,0.78,large_batch_inference is a high-load false-positive class requiring cross-checks,synthetic_latent_truth_plus_composite_rules,true,0.2661,4096.0,3522,0.83,0.94,0.0,0.0,855.53,3.82,0.2661,0.2089,0.78,inference,false,,,,,,68.0,88.0,0.62,72.0,0.62,0.803,0.9352,0.0,,,false,0.187,0.138,0.0,0.22,147,0.15,0.1325,0.0248,0.96,0.45,4.4398,22003.392,0.1592,0.1208,0.2546,0.8233,0.471,0.495,855,large_batch_inference,0.796,855,false,44.68,0.0,0.0,0.0,false,,,,false,false,0.98,0.0,true,0.98,0.01,4,0,false,false,,,,1.0,observed,1.0,observed,0.0,not_applicable,1.0,observed,0.0,routine_profiler_disabled,1.0,observed,1.0,observed,1.0,observed,1.0,observed,1.0,observed,1.0,observed,0.0,privacy_redacted,1.0,observed,1.0,observed,1.0,observed,0.0,not_scheduled,1.0,observed,valid,operator_signed,operator_signed,bms_meter,features-v0.1.0,policy-thresholds-v0.1.0,h100e-normalization-v0.1.0,sha256:1835f4688dce56e404c7f245f3322e0c0907a66b15dedbc22e39b3dbc8d86971,false,false,false,false_positive_primary
feat_ae90a41327dddc267582c16e,synthetic_v0_seed_20260510,20260510,site_b,linked_job_group,jobgrp_hmac_a2cad38cb9d8,2026-05-30T10:26:48Z,2026-05-31T10:26:48Z,86400,episode_cloud_reservation_used_for_training_00037,cloud_reservation_used_for_training,4,0.93,"scheduler, GPU, fabric, power, and storage cohere under high integrity",synthetic_latent_truth_plus_composite_rules,true,20.24,2048.0,1761,0.865,0.94,0.0,0.0,1693.61,146.85,20.24,0.827,0.8858,train,true,1693,146.85,0.9944,0.9531,84.7,81.72,90.72,0.7848,89.61,0.8666,1.0,0.9589,0.0,0.634,0.674,true,0.7459,0.8386,0.0,0.8775,1524,0.9115,0.399,0.5999,0.96,0.8052,2.3099,29505.302,6.1187,0.0944,0.0122,0.8404,0.7481,0.7436,1693,pytorch_distributed_training,0.87,1693,true,572.72,2.078,0.7923,0.7703,false,,,,false,false,0.98,0.0,true,0.98,0.01,74,0,false,false,,,,1.0,observed,1.0,observed,1.0,observed,1.0,observed,0.6735,privacy_redacted,1.0,observed,1.0,observed,1.0,observed,1.0,observed,1.0,observed,1.0,observed,0.0,privacy_redacted,1.0,observed,1.0,observed,1.0,observed,0.0,not_scheduled,1.0,observed,valid,operator_signed,operator_signed,bms_meter,features-v0.1.0,policy-thresholds-v0.1.0,h100e-normalization-v0.1.0,sha256:49966558c6934a610c7b2aaa3273cc62cf614057c67bd0fac9c5eb90da573342,false,false,false,training_primary_semantic
feat_71a195a2200ba86be42624dc,synthetic_v0_seed_20260510,20260510,site_a,topology_domain,fabricdom_hmac_8602140a6ef1,2026-05-30T11:24:57Z,2026-05-31T11:24:57Z,86400,episode_synthetic_data_generation_00152,synthetic_data_generation,2,0.78,synthetic_data_generation is a high-load false-positive class requiring cross-checks,synthetic_latent_truth_plus_composite_rules,true,0.9378,4096.0,3522,0.83,0.94,0.0,0.0,490.63,23.49,0.9378,0.1198,0.75,synthetic_data,false,,,,,,72.0,91.0,0.72,80.0,0.7,0.895,0.9613,0.0,,,false,0.2975,0.23,0.0,0.35,141,0.25,0.1675,0.0656,0.96,0.45,4.4398,22003.392,0.9787,0.1048,0.3348,0.8421,0.471,0.495,490,synthetic_data_generation_pipeline,0.775,490,false,148.53,0.0,0.0,0.28,false,,,,false,false,0.98,0.0,true,0.98,0.01,4,0,false,false,,,,1.0,observed,1.0,observed,0.0,not_applicable,1.0,observed,0.0,routine_profiler_disabled,1.0,observed,1.0,observed,1.0,observed,1.0,observed,1.0,observed,1.0,observed,0.0,privacy_redacted,1.0,observed,1.0,observed,1.0,observed,0.0,not_scheduled,1.0,observed,valid,operator_signed,operator_signed,bms_meter,features-v0.1.0,policy-thresholds-v0.1.0,h100e-normalization-v0.1.0,sha256:9c03696b794149c54b8ddcc4eeee6770399859f16f9872616ff72794ab0f3f12,false,false,false,false_positive_primary
feat_cf528e3b4919ea556f38776f,synthetic_v0_seed_20260510,20260510,site_a,topology_domain,fabricdom_hmac_e583d3d368,2026-05-30T13:43:56Z,2026-05-31T13:43:56Z,86400,episode_storage_rebuild_00063,storage_rebuild,1,0.72,physical activity alone is weak and non-semantic,synthetic_latent_truth_plus_composite_rules,true,0.0,4096.0,3522,0.83,0.94,0.0,0.0,0.0,24.5667,0.0,0.0,0.0,none,false,,,,,,0.0,0.0,0.0,0.0,0.0,0.0,0.18,0.0,,,false,0.0,0.0,0.0,0.0,0,0.0,0.0,0.0,0.96,0.5074,4.4398,28119.7156,1.0236,0.18,0.0,0.08,0.1,0.12,0,storage_rebuild,0.0,0,false,305.3,0.0,0.0,0.1195,false,,,,false,false,0.98,0.0,true,0.98,0.01,3,0,false,false,,,,1.0,observed,1.0,observed,0.0,not_applicable,1.0,observed,0.0,routine_profiler_disabled,1.0,observed,1.0,observed,1.0,observed,1.0,observed,1.0,observed,1.0,observed,0.0,privacy_redacted,1.0,observed,1.0,observed,1.0,observed,0.0,not_scheduled,1.0,observed,valid,operator_signed,operator_signed,bms_meter,features-v0.1.0,policy-thresholds-v0.1.0,h100e-normalization-v0.1.0,sha256:38425967afce8686461eb8b50a128cce08717552740a07d919f4d13b09577d56,false,false,true,physical_only
feat_5dd151e85f58d1512381a21c,synthetic_v0_seed_20260510,20260510,site_a,linked_job_group,jobgrp_hmac_ec0ffcd61dd9,2026-05-30T14:08:37Z,2026-05-31T14:08:37Z,86400,episode_adversarial_fragmented_training_00072,adversarial_fragmented_training,2,0.78,fragmented sub-threshold activity is elevated until jobs/accounts are linked,synthetic_latent_truth_plus_composite_rules,true,19.3456,4096.0,3522,0.83,0.94,0.0,0.2805,884.41,268.79,19.3456,0.2159,0.42,unknown,true,,,,,,76.0,91.0,0.78,86.0,0.74,0.959,0.9613,0.0,,,false,0.408,0.506,0.0,0.48,559,0.55,0.2725,0.198,0.96,0.45,4.4398,22003.392,11.1996,0.0952,0.2425,0.8421,0.471,0.495,884,pytorch_distributed_training,0.544,884,true,0.0,0.303,0.6078,0.0,false,,,,false,false,0.98,0.0,true,0.98,0.01,53,0,false,false,,,,1.0,observed,1.0,observed,0.0,not_applicable,1.0,observed,0.0,routine_profiler_disabled,1.0,observed,1.0,observed,1.0,observed,1.0,observed,1.0,observed,1.0,observed,0.0,privacy_redacted,1.0,observed,1.0,observed,1.0,observed,0.0,not_scheduled,1.0,observed,valid,operator_signed,operator_signed,bms_meter,features-v0.1.0,policy-thresholds-v0.1.0,h100e-normalization-v0.1.0,sha256:e415020461ddad7be064863da774a6239a1177609ba3254642b6289998d95e2b,false,false,false,training_fragmented
feat_32e5ed4c677818ff0a584511,synthetic_v0_seed_20260510,20260510,site_b,topology_domain,fabricdom_hmac_c4da8c36be4d,2026-05-30T15:18:25Z,2026-05-31T15:18:25Z,86400,episode_reserved_but_unused_capacity_00163,reserved_but_unused_capacity,1,0.82,capacity-only evidence is capped at training possible,synthetic_latent_truth_plus_composite_rules,true,9.1786,2048.0,1761,0.865,0.94,0.0,0.0,1013.96,111.23,9.1786,0.4951,0.86,reserved,true,,,,,,3.0,12.0,0.0,2.0,0.08,0.038,0.2743,0.0,,,false,0.0255,0.0,0.0,0.03,0,0.0,0.08,0.0,0.96,0.2221,2.3099,0.0,4.6346,0.22,0.1305,0.3475,0.3277,0.3664,1013,none,0.852,1013,false,0.0,0.0,0.0,0.0,false,,,,false,false,0.98,0.0,true,0.98,0.01,73,0,false,false,,,,1.0,observed,1.0,observed,1.0,observed,1.0,observed,0.0,routine_profiler_disabled,1.0,observed,1.0,observed,1.0,observed,1.0,observed,1.0,observed,1.0,observed,0.0,privacy_redacted,1.0,observed,1.0,observed,1.0,observed,0.0,not_scheduled,1.0,observed,valid,operator_signed,operator_signed,bms_meter,features-v0.1.0,policy-thresholds-v0.1.0,h100e-normalization-v0.1.0,sha256:d59fec526bb18477ef05e507a65c3cba78ccf0c465a64370e865e849d65b2fb3,true,false,false,capacity_only
feat_6f21bab6a0554c020972bd36,synthetic_v0_seed_20260510,20260510,site_a,topology_domain,fabricdom_hmac_e583d3d368,2026-05-30T16:26:53Z,2026-05-31T16:26:53Z,86400,episode_storage_rebuild_00107,storage_rebuild,1,0.72,physical activity alone is weak and non-semantic,synthetic_latent_truth_plus_composite_rules,true,0.0,4096.0,3522,0.83,0.94,0.0,0.0,0.0,23.8889,0.0,0.0,0.0,none,false,,,,,,0.0,0.0,0.0,0.0,0.0,0.0,0.18,0.0,,,false,0.0,0.0,0.0,0.0,0,0.0,0.0,0.0,0.96,0.6345,4.4398,41663.0035,0.9954,0.18,0.0,0.08,0.1,0.12,0,storage_rebuild,0.0,0,false,534.04,0.0,0.0,0.1115,false,,,,false,false,0.98,0.0,true,0.98,0.01,54,0,false,false,,,,1.0,observed,1.0,observed,0.0,not_applicable,1.0,observed,0.0,routine_profiler_disabled,1.0,observed,1.0,observed,1.0,observed,1.0,observed,1.0,observed,1.0,observed,0.0,privacy_redacted,1.0,observed,1.0,observed,1.0,observed,0.0,not_scheduled,1.0,observed,valid,operator_signed,operator_signed,bms_meter,features-v0.1.0,policy-thresholds-v0.1.0,h100e-normalization-v0.1.0,sha256:bca77861f5c065051cf8a65c1314f1c06b732cafe9d9163816807ab88a6ed236,false,false,true,physical_only
feat_3e1d0f5e71ebf8b8ab1bd7c5,synthetic_v0_seed_20260510,20260510,site_b,linked_job_group,jobgrp_hmac_cca20bfca31a,2026-05-30T19:01:35Z,2026-05-31T19:01:35Z,86400,episode_cloud_reservation_used_for_training_00053,cloud_reservation_used_for_training,3,0.89,two independent primary layers plus corroboration support likely training,synthetic_latent_truth_plus_composite_rules,true,10.3629,2048.0,1761,0.865,0.94,0.0,0.0,593.91,214.41,10.3629,0.29,0.9065,train,true,593,214.41,0.8811,0.8955,12.41,85.59,94.59,0.8708,94.48,0.8634,1.0,0.9925,0.0,,,false,0.6267,0.787,0.0,0.7373,534,0.8554,0.3794,0.473,0.96,0.45,2.3099,9813.696,8.9337,0.0807,0.1622,0.8646,0.471,0.495,593,pytorch_distributed_training,0.8846,593,true,278.81,1.406,0.705,0.6295,false,324.65,1818.64,357034,true,true,0.98,0.0,true,0.98,0.01,76,0,false,false,,,,1.0,observed,1.0,observed,1.0,observed,1.0,observed,0.0,routine_profiler_disabled,1.0,observed,1.0,observed,1.0,observed,1.0,observed,1.0,observed,1.0,observed,0.6815,delayed_log_delivery,1.0,observed,1.0,observed,1.0,observed,0.0,not_scheduled,1.0,observed,valid,operator_signed,operator_signed,bms_meter,features-v0.1.0,policy-thresholds-v0.1.0,h100e-normalization-v0.1.0,sha256:83e4c881a83e3d7919c957edfe547271e68134279f7cbd1bec09a3df7b385170,false,false,false,training_primary_semantic
feat_39044a3e07a1ef3c235073ee,synthetic_v0_seed_20260510,20260510,site_a,linked_job_group,jobgrp_hmac_38ac8f414528,2026-05-30T19:12:30Z,2026-05-31T19:12:30Z,86400,episode_large_fine_tune_00193,large_fine_tune,3,0.89,two independent primary layers plus corroboration support likely training,synthetic_latent_truth_plus_composite_rules,true,2.7186,4096.0,3522,0.83,0.94,0.0,0.0,554.33,60.26,2.7186,0.1353,0.8297,train,true,,,,,,82.0,91.0,0.9188,83.76,0.8044,0.9549,0.9613,0.0,,,false,0.7327,0.7557,0.0,0.8621,498,0.8214,0.3675,0.5311,0.96,0.45,4.4398,22003.392,2.5108,0.073,0.3199,0.8421,0.471,0.495,554,pytorch_distributed_training,0.8308,554,true,699.01,1.307,0.6423,0.8896,false,263.92,3130.92,76938,true,true,0.98,0.0,true,0.98,0.01,26,0,false,false,,,,1.0,observed,1.0,observed,0.0,not_applicable,1.0,observed,0.0,routine_profiler_disabled,1.0,observed,1.0,observed,1.0,observed,1.0,observed,1.0,observed,1.0,observed,0.7447,delayed_log_delivery,1.0,observed,1.0,observed,1.0,observed,0.0,not_scheduled,1.0,observed,valid,operator_signed,operator_signed,bms_meter,features-v0.1.0,policy-thresholds-v0.1.0,h100e-normalization-v0.1.0,sha256:ee3315bec2b5b7c25ea8a469ff2ed6714fa638badc78c9b9381cab42ea28e736,false,false,false,training_primary_semantic
feat_3f658b9188e6e32853b2a710,synthetic_v0_seed_20260510,20260510,site_a,linked_job_group,jobgrp_hmac_e170fc3a39c6,2026-05-30T19:25:59Z,2026-05-31T19:25:59Z,86400,episode_adversarial_fragmented_training_00138,adversarial_fragmented_training,2,0.78,fragmented sub-threshold activity is elevated until jobs/accounts are linked,synthetic_latent_truth_plus_composite_rules,true,6.3623,4096.0,3522,0.83,0.94,0.0,0.4511,717.77,108.92,6.3623,0.1752,0.42,unknown,true,,,,,,76.0,91.0,0.78,86.0,0.74,0.959,0.9613,0.0,,,false,0.408,0.506,0.0,0.48,453,0.55,0.2725,0.198,0.96,0.45,4.4398,22003.392,4.5383,0.0952,0.2816,0.8421,0.471,0.495,717,pytorch_distributed_training,0.544,717,true,0.0,0.658,0.6374,0.0,false,,,,false,false,0.98,0.0,true,0.98,0.01,32,0,false,false,,,,1.0,observed,1.0,observed,0.0,not_applicable,1.0,observed,0.0,routine_profiler_disabled,1.0,observed,1.0,observed,1.0,observed,1.0,observed,1.0,observed,1.0,observed,0.0,privacy_redacted,1.0,observed,1.0,observed,1.0,observed,0.0,not_scheduled,1.0,observed,valid,operator_signed,operator_signed,bms_meter,features-v0.1.0,policy-thresholds-v0.1.0,h100e-normalization-v0.1.0,sha256:c8978d420aa27c953b6507e17456dcee9bc74c58a9e5bd612a75f84803326184,false,false,false,training_fragmented
feat_bb6705e471e9fbfcaff924fe,synthetic_v0_seed_20260510,20260510,site_b,topology_domain,fabricdom_hmac_ca83d7c3af00,2026-05-30T21:06:59Z,2026-05-31T21:06:59Z,86400,episode_nccl_benchmark_00023,nccl_benchmark,2,0.78,nccl_benchmark is a high-load false-positive class requiring cross-checks,synthetic_latent_truth_plus_composite_rules,true,0.3163,2048.0,1761,0.865,0.94,0.0,0.0,564.54,6.88,0.3163,0.2757,0.92,benchmark,false,,,,,,58.0,96.0,0.52,84.0,0.4,0.856,1.0,0.0,,,false,0.782,0.7912,0.0,0.92,508,0.86,0.381,0.5934,0.96,0.45,2.3099,9813.696,0.2867,0.1368,0.1743,0.87,0.471,0.495,564,nccl_benchmark,0.894,564,true,0.0,0.0,0.0,0.0,false,,,,false,false,0.98,0.0,true,0.98,0.01,30,0,false,false,,,,1.0,observed,1.0,observed,1.0,observed,1.0,observed,0.0,routine_profiler_disabled,1.0,observed,1.0,observed,1.0,observed,1.0,observed,1.0,observed,1.0,observed,0.0,privacy_redacted,1.0,observed,1.0,observed,1.0,observed,0.0,not_scheduled,1.0,observed,valid,operator_signed,operator_signed,bms_meter,features-v0.1.0,policy-thresholds-v0.1.0,h100e-normalization-v0.1.0,sha256:57cda4be45b83c2228c70daba189fe31710cbe61baa9f6885b7293ee3b3c3377,false,false,false,false_positive_primary
feat_0ad274db92c1aebaf0752c35,synthetic_v0_seed_20260510,20260510,site_c,topology_domain,fabricdom_hmac_4df57581ae57,2026-05-30T23:25:02Z,2026-05-31T23:25:02Z,86400,episode_normal_inference_00195,normal_inference,0,0.95,capacity below policy threshold with strong coverage,synthetic_latent_truth_plus_composite_rules,false,0.0023,384.0,276,0.9,0.66,0.0,0.0,6.25,4.47,0.0023,0.0163,0.5581,inference,false,,,,,,52.07,70.23,0.2662,54.05,0.3502,0.574,0.7807,0.0,,,false,0.0561,0.1233,0.0,0.066,0,0.134,0.1269,0.0066,0.96,0.38,0.5794,0.0,0.1862,0.1774,0.3673,0.7121,0.4164,0.446,6,vllm_inference,0.6406,6,false,0.0,0.0,0.0,0.0,false,,,,false,false,0.98,0.0,true,0.98,0.01,26,0,false,false,,,,1.0,observed,1.0,observed,1.0,observed,1.0,observed,0.0,routine_profiler_disabled,1.0,observed,1.0,observed,1.0,observed,1.0,observed,1.0,observed,1.0,observed,0.0,privacy_redacted,1.0,observed,1.0,observed,1.0,observed,0.0,not_scheduled,1.0,observed,valid,auditor_reconciled,auditor_reconciled,bms_meter,features-v0.1.0,policy-thresholds-v0.1.0,h100e-normalization-v0.1.0,sha256:214197097add2ecc8c1808e335602aa16ab854cba9a436c841251d97aa6b2e6c,false,false,false,none
feat_7e1bc9013a27ce6e08782674,synthetic_v0_seed_20260510,20260510,site_b,linked_job_group,jobgrp_hmac_b0b12f5b4744,2026-05-30T23:55:27Z,2026-05-31T23:55:27Z,86400,episode_cloud_reservation_used_for_training_00013,cloud_reservation_used_for_training,3,0.89,two independent primary layers plus corroboration support likely training,synthetic_latent_truth_plus_composite_rules,true,5.7047,2048.0,1761,0.865,0.94,0.0,0.0,805.9,86.98,5.7047,0.3935,0.9065,train,true,805,86.98,0.8819,0.9722,98.82,83.45,92.45,0.935,86.88,0.7524,0.97,0.9739,0.0,0.7952,0.7759,true,0.5897,0.8635,0.0,0.6938,725,0.9386,0.4085,0.4884,0.96,0.5038,2.3099,12796.2647,3.6242,0.0704,0.1206,0.8512,0.513,0.5327,805,pytorch_distributed_training,0.8846,805,true,403.58,0.328,0.8189,0.9111,false,,,,false,false,0.98,0.0,true,0.98,0.01,35,0,false,false,,,,1.0,observed,1.0,observed,1.0,observed,1.0,observed,0.7329,privacy_redacted,1.0,observed,1.0,observed,1.0,observed,1.0,observed,1.0,observed,1.0,observed,0.0,privacy_redacted,1.0,observed,1.0,observed,1.0,observed,0.0,not_scheduled,1.0,observed,valid,operator_signed,operator_signed,bms_meter,features-v0.1.0,policy-thresholds-v0.1.0,h100e-normalization-v0.1.0,sha256:78274985fb6444a7d25fcc1a548b2074cf77fc9ac1042cd0b6d4ea8e91141d92,false,false,false,training_primary_semantic
feat_e0b70dd32f7ea1e83b77b83f,synthetic_v0_seed_20260510,20260510,site_a,topology_domain,fabricdom_hmac_e583d3d368,2026-05-31T00:56:23Z,2026-06-01T00:56:23Z,86400,episode_maintenance_window_00057,maintenance_window,1,0.64,integrity anomaly without primary activity is not direct training evidence,synthetic_latent_truth_plus_composite_rules,true,0.0,4096.0,3522,0.83,0.94,0.0,0.0,0.0,1.3522,0.0,0.0,0.0,none,false,,,,,,0.0,0.0,0.0,0.0,0.0,0.0,0.18,0.0,,,false,0.0,0.0,0.0,0.0,0,0.0,0.0,0.0,0.96,0.2,4.4398,0.0,0.0563,0.18,0.0,0.08,0.1,0.12,0,none,0.0,0,false,0.0,0.0,0.0,0.0,false,,,,false,false,0.98,0.0,true,0.7422,0.2578,41,4,false,true,,,,1.0,observed,1.0,observed,0.0,not_applicable,0.7422,collector_gap,0.0,routine_profiler_disabled,1.0,observed,0.7422,collector_gap,1.0,observed,1.0,observed,1.0,observed,1.0,observed,0.0,privacy_redacted,1.0,observed,0.7422,collector_gap,1.0,observed,0.0,not_scheduled,1.0,observed,valid,operator_signed,operator_signed,bms_meter,features-v0.1.0,policy-thresholds-v0.1.0,h100e-normalization-v0.1.0,sha256:f61782ed0f47320d3cd2e89f9484a2c6ec5ecf37892c6a640b808ccd4ea8d845,false,true,false,integrity_only
feat_3769c553c9e13be4d01b8496,synthetic_v0_seed_20260510,20260510,site_a,topology_domain,fabricdom_hmac_4be588f70122,2026-05-31T02:02:22Z,2026-06-01T02:02:22Z,86400,episode_normal_inference_00134,normal_inference,1,0.78,routine inference on capable monitored capacity leaves training possible but not elevated,synthetic_latent_truth_plus_composite_rules,true,0.0362,4096.0,3522,0.83,0.94,0.0,0.0,158.97,2.8,0.0362,0.0388,0.6428,inference,false,,,,,,29.16,64.54,0.293,26.81,0.3953,0.3401,0.7312,0.0,,,false,0.0571,0.0782,0.0,0.0672,15,0.085,0.1097,0.0043,0.96,0.2395,4.4398,0.0,0.1167,0.1731,0.2111,0.6765,0.3068,0.3477,158,ray_batch_inference,0.7,158,false,0.0,0.0,0.0,0.0,false,,,,false,false,0.98,0.0,true,0.98,0.01,35,0,false,false,,,,1.0,observed,1.0,observed,0.0,not_applicable,1.0,observed,0.0,routine_profiler_disabled,1.0,observed,1.0,observed,1.0,observed,1.0,observed,1.0,observed,1.0,observed,0.0,privacy_redacted,1.0,observed,1.0,observed,1.0,observed,0.0,not_scheduled,1.0,observed,valid,operator_signed,operator_signed,bms_meter,features-v0.1.0,policy-thresholds-v0.1.0,h100e-normalization-v0.1.0,sha256:f32e02ceeb1dcecd0987ce91e5451371340c4760aef1e1041f504232a633af99,false,false,false,none
feat_36dc5e60dffd1943530fd94a,synthetic_v0_seed_20260510,20260510,site_b,linked_job_group,jobgrp_hmac_baa6a83d71b6,2026-05-31T06:09:13Z,2026-06-01T06:09:13Z,86400,episode_large_fine_tune_00142,large_fine_tune,3,0.89,two independent primary layers plus corroboration support likely training,synthetic_latent_truth_plus_composite_rules,true,11.5706,2048.0,1761,0.865,0.94,0.0,0.0,659.12,215.71,11.5706,0.3218,0.8367,train,true,,,,,,83.6,92.6,0.8002,93.39,0.8054,1.0,0.9753,0.0,0.6436,0.6108,true,0.7061,0.841,0.0,0.8307,593,0.9141,0.4,0.5695,0.96,0.4525,2.3099,9952.2912,8.9879,0.092,0.1386,0.8522,0.473,0.4967,659,pytorch_distributed_training,0.8357,659,true,382.18,1.8,0.6751,0.7817,false,,,,false,false,0.98,0.0,true,0.98,0.01,63,0,false,false,,,,1.0,observed,1.0,observed,1.0,observed,1.0,observed,0.7835,privacy_redacted,1.0,observed,1.0,observed,1.0,observed,1.0,observed,1.0,observed,1.0,observed,0.0,privacy_redacted,1.0,observed,1.0,observed,1.0,observed,0.0,not_scheduled,1.0,observed,valid,operator_signed,operator_signed,bms_meter,features-v0.1.0,policy-thresholds-v0.1.0,h100e-normalization-v0.1.0,sha256:819c690c58e837113d952ed291d5ee1e0661151b4772bc72abce84c3b6bb6d9f,false,false,false,training_primary_semantic
feat_75731415ef0c878444333c2c,synthetic_v0_seed_20260510,20260510,site_a,linked_job_group,jobgrp_hmac_bafb33a322d8,2026-05-31T07:55:53Z,2026-06-01T07:55:53Z,86400,episode_pretraining_00201,pretraining,4,0.96,authenticated ML evidence crosses the policy compute threshold,synthetic_latent_truth_plus_composite_rules,true,45.3298,4096.0,3522,0.83,0.94,0.0,0.0,2419.17,230.25,45.3298,0.5906,0.8307,train,true,,,,,,84.32,93.32,0.8736,87.86,0.7407,0.976,0.9815,0.0,,,false,0.6976,0.7215,0.0,0.8207,2177,0.7842,0.3545,0.4827,0.96,0.6499,4.4398,43303.9684,9.5938,0.0802,0.0702,0.8567,0.6269,0.6349,2419,pytorch_distributed_training,0.8315,2419,true,467.24,1.455,0.8082,0.7224,true,84.64,2433.32,18109,true,true,0.98,0.0,true,0.98,0.01,53,0,false,false,,,,1.0,observed,1.0,observed,0.0,not_applicable,1.0,observed,0.0,routine_profiler_disabled,1.0,observed,1.0,observed,1.0,observed,1.0,observed,1.0,observed,1.0,observed,0.9276,delayed_log_delivery,1.0,observed,1.0,observed,1.0,observed,0.0,not_scheduled,1.0,observed,valid,operator_signed,operator_signed,bms_meter,features-v0.1.0,policy-thresholds-v0.1.0,h100e-normalization-v0.1.0,sha256:69506b4f051bd5b106d6a103fc3daccc53e9ce31469a9d65923dadcfa9f6e3eb,false,false,false,training_primary_semantic
feat_26a6b32d8bb66f7cedec2dc6,synthetic_v0_seed_20260510,20260510,site_b,linked_job_group,jobgrp_hmac_6bd35a790f62,2026-05-31T09:58:41Z,2026-06-01T09:58:41Z,86400,episode_pretraining_00065,pretraining,4,0.93,"scheduler, GPU, fabric, power, and storage cohere under high integrity",synthetic_latent_truth_plus_composite_rules,true,21.4581,2048.0,1761,0.865,0.94,0.0,0.0,1563.14,168.68,21.4581,0.7633,0.8303,train,true,,,,,,81.99,90.99,0.8953,92.8,0.7808,1.0,0.9612,0.0,,,false,0.651,0.7271,0.0,0.7659,1406,0.7904,0.3566,0.454,0.96,0.7617,2.3099,27093.7455,7.0283,0.0768,0.028,0.8421,0.7141,0.7132,1563,pytorch_distributed_training,0.8312,1563,true,670.37,2.201,0.7265,0.9306,false,203.71,4195.81,416197,true,true,0.98,0.0,true,0.98,0.01,23,0,false,false,,,,1.0,observed,1.0,observed,1.0,observed,1.0,observed,0.0,routine_profiler_disabled,1.0,observed,1.0,observed,1.0,observed,1.0,observed,1.0,observed,1.0,observed,0.664,delayed_log_delivery,1.0,observed,1.0,observed,1.0,observed,0.0,not_scheduled,1.0,observed,valid,operator_signed,operator_signed,bms_meter,features-v0.1.0,policy-thresholds-v0.1.0,h100e-normalization-v0.1.0,sha256:04b68c78aa5a927f8e241c637e5e10ac7728d78cf990e07736585794369723c5,false,false,false,training_primary_semantic
feat_87f01763160c43cc6b19e045,synthetic_v0_seed_20260510,20260510,site_b,linked_job_group,jobgrp_hmac_a2cad38cb9d8,2026-05-31T10:26:48Z,2026-06-01T10:26:48Z,86400,episode_cloud_reservation_used_for_training_00037,cloud_reservation_used_for_training,4,0.93,"scheduler, GPU, fabric, power, and storage cohere under high integrity",synthetic_latent_truth_plus_composite_rules,true,20.24,2048.0,1761,0.865,0.94,0.0,0.0,1693.61,146.85,20.24,0.827,0.8858,train,true,1693,146.85,0.9944,0.9531,84.7,81.72,90.72,0.7848,89.61,0.8666,1.0,0.9589,0.0,0.634,0.674,true,0.7459,0.8386,0.0,0.8775,1524,0.9115,0.399,0.5999,0.96,0.8052,2.3099,29505.302,6.1187,0.0944,0.0122,0.8404,0.7481,0.7436,1693,pytorch_distributed_training,0.87,1693,true,572.72,2.078,0.7923,0.7703,false,,,,false,false,0.98,0.0,true,0.98,0.01,74,0,false,false,,,,1.0,observed,1.0,observed,1.0,observed,1.0,observed,0.6735,privacy_redacted,1.0,observed,1.0,observed,1.0,observed,1.0,observed,1.0,observed,1.0,observed,0.0,privacy_redacted,1.0,observed,1.0,observed,1.0,observed,0.0,not_scheduled,1.0,observed,valid,operator_signed,operator_signed,bms_meter,features-v0.1.0,policy-thresholds-v0.1.0,h100e-normalization-v0.1.0,sha256:7c21d7baac35f6723adbf102dd8b7a5d0c5ab01cb107d90dc71a4ac7a6a5bc4d,false,false,false,training_primary_semantic
feat_8dca667b480e408a94355c47,synthetic_v0_seed_20260510,20260510,site_c,topology_domain,fabricdom_hmac_552782a028c0,2026-05-31T10:51:17Z,2026-06-01T10:51:17Z,86400,episode_synthetic_data_generation_00094,synthetic_data_generation,0,0.95,capacity below policy threshold with strong coverage,synthetic_latent_truth_plus_composite_rules,false,0.081,384.0,276,0.9,0.66,0.0,0.0,153.9,6.47,0.081,0.4008,0.75,synthetic_data,false,,,,,,72.0,91.0,0.72,80.0,0.7,0.895,0.9613,0.0,,,false,0.2975,0.23,0.0,0.35,44,0.25,0.1675,0.0656,0.96,0.5045,0.5794,667.3709,0.2696,0.1048,0.1192,0.8421,0.5135,0.5332,153,synthetic_data_generation_pipeline,0.775,153,false,397.68,0.0,0.0,0.28,false,,,,false,false,0.98,0.0,true,0.98,0.01,57,0,false,false,,,,1.0,observed,1.0,observed,1.0,observed,1.0,observed,0.0,routine_profiler_disabled,1.0,observed,1.0,observed,1.0,observed,1.0,observed,1.0,observed,1.0,observed,0.0,privacy_redacted,1.0,observed,1.0,observed,1.0,observed,0.0,not_scheduled,1.0,observed,valid,auditor_reconciled,auditor_reconciled,bms_meter,features-v0.1.0,policy-thresholds-v0.1.0,h100e-normalization-v0.1.0,sha256:c0d70bb6093b7a36a0064a620e72068c5d49ac8a6a7b41b320fac536b03bba43,false,false,false,false_positive_primary
feat_07854ee7eb540071baf1cad6,synthetic_v0_seed_20260510,20260510,site_b,linked_job_group,jobgrp_hmac_13fed90caf43,2026-05-31T12:34:41Z,2026-06-01T12:34:41Z,86400,episode_large_fine_tune_00018,large_fine_tune,4,0.96,authenticated ML evidence crosses the policy compute threshold,synthetic_latent_truth_plus_composite_rules,true,30.8334,2048.0,1761,0.865,0.94,0.0,0.0,1692.14,223.91,30.8334,0.8262,0.8884,train,true,,,,,,88.8,97.8,0.8866,95.81,0.792,1.0,1.0,0.0,0.6795,0.6926,true,0.6454,0.6828,0.0,0.7593,1444,0.7422,0.3398,0.4226,0.96,0.8503,2.3099,32005.5594,9.3296,0.0781,0.0241,0.87,0.7832,0.7752,1692,pytorch_distributed_training,0.8719,1692,true,311.71,2.273,0.8662,0.8896,true,95.69,2705.03,440924,true,true,0.98,0.0,true,0.98,0.01,50,0,false,false,,,,1.0,observed,1.0,observed,1.0,observed,1.0,observed,0.734,privacy_redacted,1.0,observed,1.0,observed,1.0,observed,1.0,observed,1.0,observed,1.0,observed,0.8891,delayed_log_delivery,1.0,observed,1.0,observed,1.0,observed,0.0,not_scheduled,1.0,observed,valid,operator_signed,operator_signed,bms_meter,features-v0.1.0,policy-thresholds-v0.1.0,h100e-normalization-v0.1.0,sha256:bbbc135562d1d17f7b6c1ab2b0bfb6784ebee7cd6deddf2cf55292fbf443a12e,false,false,false,training_primary_semantic
feat_868ee789492d315067cc89e4,synthetic_v0_seed_20260510,20260510,site_b,topology_domain,fabricdom_hmac_c4da8c36be4d,2026-05-31T15:18:25Z,2026-06-01T15:18:25Z,86400,episode_reserved_but_unused_capacity_00163,reserved_but_unused_capacity,1,0.82,capacity-only evidence is capped at training possible,synthetic_latent_truth_plus_composite_rules,true,9.1786,2048.0,1761,0.865,0.94,0.0,0.0,1013.96,111.23,9.1786,0.4951,0.86,reserved,true,,,,,,3.0,12.0,0.0,2.0,0.08,0.038,0.2743,0.0,,,false,0.0255,0.0,0.0,0.03,0,0.0,0.08,0.0,0.96,0.2221,2.3099,0.0,4.6346,0.22,0.1305,0.3475,0.3277,0.3664,1013,none,0.852,1013,false,0.0,0.0,0.0,0.0,false,,,,false,false,0.98,0.0,true,0.98,0.01,73,0,false,false,,,,1.0,observed,1.0,observed,1.0,observed,1.0,observed,0.0,routine_profiler_disabled,1.0,observed,1.0,observed,1.0,observed,1.0,observed,1.0,observed,1.0,observed,0.0,privacy_redacted,1.0,observed,1.0,observed,1.0,observed,0.0,not_scheduled,1.0,observed,valid,operator_signed,operator_signed,bms_meter,features-v0.1.0,policy-thresholds-v0.1.0,h100e-normalization-v0.1.0,sha256:b51bee7271b134f8e78d5ada4f9fd1e10f89865346bbc8d096c6591ece620b1c,true,false,false,capacity_only
feat_15854efff48b920726e2f019,synthetic_v0_seed_20260510,20260510,site_c,topology_domain,fabricdom_hmac_effdfc7a62c3,2026-05-31T18:49:09Z,2026-06-01T18:49:09Z,86400,episode_large_batch_inference_00054,large_batch_inference,0,0.95,capacity below policy threshold with strong coverage,synthetic_latent_truth_plus_composite_rules,false,0.0826,384.0,276,0.9,0.66,0.0,0.0,185.51,5.47,0.0826,0.4831,0.78,inference,false,,,,,,68.0,88.0,0.62,72.0,0.62,0.803,0.9352,0.0,,,false,0.187,0.138,0.0,0.22,32,0.15,0.1325,0.0248,0.96,0.5516,0.5794,1322.2794,0.2279,0.1208,0.0998,0.8233,0.5502,0.5661,185,large_batch_inference,0.796,185,false,19.55,0.0,0.0,0.0,false,,,,false,false,0.98,0.0,true,0.98,0.01,16,0,false,false,,,,1.0,observed,1.0,observed,1.0,observed,1.0,observed,0.0,routine_profiler_disabled,1.0,observed,1.0,observed,1.0,observed,1.0,observed,1.0,observed,1.0,observed,0.0,privacy_redacted,1.0,observed,1.0,observed,1.0,observed,0.0,not_scheduled,1.0,observed,valid,auditor_reconciled,auditor_reconciled,bms_meter,features-v0.1.0,policy-thresholds-v0.1.0,h100e-normalization-v0.1.0,sha256:39b84204af47fef901b3531f74df12aed64956e39a241f87a7843498efa26c4d,false,false,false,false_positive_primary
feat_7643c86af9544e94da9dc1ea,synthetic_v0_seed_20260510,20260510,site_b,linked_job_group,jobgrp_hmac_cca20bfca31a,2026-05-31T19:01:35Z,2026-06-01T19:01:35Z,86400,episode_cloud_reservation_used_for_training_00053,cloud_reservation_used_for_training,3,0.89,two independent primary layers plus corroboration support likely training,synthetic_latent_truth_plus_composite_rules,true,10.3629,2048.0,1761,0.865,0.94,0.0,0.0,593.91,214.41,10.3629,0.29,0.9065,train,true,593,214.41,0.8811,0.8955,12.41,85.59,94.59,0.8708,94.48,0.8634,1.0,0.9925,0.0,,,false,0.6267,0.787,0.0,0.7373,534,0.8554,0.3794,0.473,0.96,0.45,2.3099,9813.696,8.9337,0.0807,0.1622,0.8646,0.471,0.495,593,pytorch_distributed_training,0.8846,593,true,278.81,1.406,0.705,0.6295,false,324.65,1818.64,357034,true,true,0.98,0.0,true,0.98,0.01,76,0,false,false,,,,1.0,observed,1.0,observed,1.0,observed,1.0,observed,0.0,routine_profiler_disabled,1.0,observed,1.0,observed,1.0,observed,1.0,observed,1.0,observed,1.0,observed,0.6815,delayed_log_delivery,1.0,observed,1.0,observed,1.0,observed,0.0,not_scheduled,1.0,observed,valid,operator_signed,operator_signed,bms_meter,features-v0.1.0,policy-thresholds-v0.1.0,h100e-normalization-v0.1.0,sha256:3193d0200e059584b03a453f3e7ba4352c1167007ed7f0e6d14b41919c79ba1f,false,false,false,training_primary_semantic
feat_1e6c162c721845e2ad737d08,synthetic_v0_seed_20260510,20260510,site_a,linked_job_group,jobgrp_hmac_38ac8f414528,2026-05-31T19:12:30Z,2026-06-01T19:12:30Z,86400,episode_large_fine_tune_00193,large_fine_tune,3,0.89,two independent primary layers plus corroboration support likely training,synthetic_latent_truth_plus_composite_rules,true,2.7186,4096.0,3522,0.83,0.94,0.0,0.0,554.33,60.26,2.7186,0.1353,0.8297,train,true,,,,,,82.0,91.0,0.9188,83.76,0.8044,0.9549,0.9613,0.0,,,false,0.7327,0.7557,0.0,0.8621,498,0.8214,0.3675,0.5311,0.96,0.45,4.4398,22003.392,2.5108,0.073,0.3199,0.8421,0.471,0.495,554,pytorch_distributed_training,0.8308,554,true,699.01,1.307,0.6423,0.8896,false,263.92,3130.92,76938,true,true,0.98,0.0,true,0.98,0.01,26,0,false,false,,,,1.0,observed,1.0,observed,0.0,not_applicable,1.0,observed,0.0,routine_profiler_disabled,1.0,observed,1.0,observed,1.0,observed,1.0,observed,1.0,observed,1.0,observed,0.7447,delayed_log_delivery,1.0,observed,1.0,observed,1.0,observed,0.0,not_scheduled,1.0,observed,valid,operator_signed,operator_signed,bms_meter,features-v0.1.0,policy-thresholds-v0.1.0,h100e-normalization-v0.1.0,sha256:8313900896dd5a99ab78db16c859e3c5863c7b1d385753bfb7c0134617114073,false,false,false,training_primary_semantic
feat_d4e28bed5a55b023021ca791,synthetic_v0_seed_20260510,20260510,site_a,linked_job_group,jobgrp_hmac_e170fc3a39c6,2026-05-31T19:25:59Z,2026-06-01T19:25:59Z,86400,episode_adversarial_fragmented_training_00138,adversarial_fragmented_training,2,0.78,fragmented sub-threshold activity is elevated until jobs/accounts are linked,synthetic_latent_truth_plus_composite_rules,true,6.3623,4096.0,3522,0.83,0.94,0.0,0.4511,717.77,108.92,6.3623,0.1752,0.42,unknown,true,,,,,,76.0,91.0,0.78,86.0,0.74,0.959,0.9613,0.0,,,false,0.408,0.506,0.0,0.48,453,0.55,0.2725,0.198,0.96,0.45,4.4398,22003.392,4.5383,0.0952,0.2816,0.8421,0.471,0.495,717,pytorch_distributed_training,0.544,717,true,0.0,0.658,0.6374,0.0,false,,,,false,false,0.98,0.0,true,0.98,0.01,32,0,false,false,,,,1.0,observed,1.0,observed,0.0,not_applicable,1.0,observed,0.0,routine_profiler_disabled,1.0,observed,1.0,observed,1.0,observed,1.0,observed,1.0,observed,1.0,observed,0.0,privacy_redacted,1.0,observed,1.0,observed,1.0,observed,0.0,not_scheduled,1.0,observed,valid,operator_signed,operator_signed,bms_meter,features-v0.1.0,policy-thresholds-v0.1.0,h100e-normalization-v0.1.0,sha256:19e2358c130560fb51b4e4edcf8b98ea925b116ac6bda7de71a410957c7c325f,false,false,false,training_fragmented
feat_f1f60887916424f4e3b425b0,synthetic_v0_seed_20260510,20260510,site_b,topology_domain,fabricdom_hmac_48bcd142b37f,2026-05-31T22:02:27Z,2026-06-01T22:02:27Z,86400,episode_normal_inference_00070,normal_inference,1,0.78,routine inference on capable monitored capacity leaves training possible but not elevated,synthetic_latent_truth_plus_composite_rules,true,0.0086,2048.0,1761,0.865,0.94,0.0,0.0,42.51,2.49,0.0086,0.0208,0.6546,inference,false,,,,,,25.4,67.23,0.3287,36.6,0.2668,0.3961,0.7546,0.0,,,false,0.1091,0.0639,0.0,0.1284,3,0.0695,0.1043,0.0067,0.96,0.2309,2.3099,0.0,0.1038,0.1674,0.2152,0.6933,0.3001,0.3416,42,ray_batch_inference,0.7082,42,false,0.0,0.0,0.0,0.0,false,,,,false,false,0.98,0.0,true,0.98,0.01,13,0,false,false,,,,1.0,observed,1.0,observed,1.0,observed,1.0,observed,0.0,routine_profiler_disabled,1.0,observed,1.0,observed,1.0,observed,1.0,observed,1.0,observed,1.0,observed,0.0,privacy_redacted,1.0,observed,1.0,observed,1.0,observed,0.0,not_scheduled,1.0,observed,valid,operator_signed,operator_signed,bms_meter,features-v0.1.0,policy-thresholds-v0.1.0,h100e-normalization-v0.1.0,sha256:dcce4d206024df33711288154cdca7b308247da620741cd52a322c4bb401fbe0,false,false,false,none
feat_d14d153f758873289a09370b,synthetic_v0_seed_20260510,20260510,site_b,linked_job_group,jobgrp_hmac_b0b12f5b4744,2026-05-31T23:55:27Z,2026-06-01T23:55:27Z,86400,episode_cloud_reservation_used_for_training_00013,cloud_reservation_used_for_training,3,0.89,two independent primary layers plus corroboration support likely training,synthetic_latent_truth_plus_composite_rules,true,5.7047,2048.0,1761,0.865,0.94,0.0,0.0,805.9,86.98,5.7047,0.3935,0.9065,train,true,805,86.98,0.8819,0.9722,98.82,83.45,92.45,0.935,86.88,0.7524,0.97,0.9739,0.0,0.7952,0.7759,true,0.5897,0.8635,0.0,0.6938,725,0.9386,0.4085,0.4884,0.96,0.5038,2.3099,12796.2647,3.6242,0.0704,0.1206,0.8512,0.513,0.5327,805,pytorch_distributed_training,0.8846,805,true,403.58,0.328,0.8189,0.9111,false,,,,false,false,0.98,0.0,true,0.98,0.01,35,0,false,false,,,,1.0,observed,1.0,observed,1.0,observed,1.0,observed,0.7329,privacy_redacted,1.0,observed,1.0,observed,1.0,observed,1.0,observed,1.0,observed,1.0,observed,0.0,privacy_redacted,1.0,observed,1.0,observed,1.0,observed,0.0,not_scheduled,1.0,observed,valid,operator_signed,operator_signed,bms_meter,features-v0.1.0,policy-thresholds-v0.1.0,h100e-normalization-v0.1.0,sha256:b782f70260c1f93b456217b316b43b9b7bc601757c6ba896f292b50126a5d60a,false,false,false,training_primary_semantic
feat_4ff951b820249fba84da25f4,synthetic_v0_seed_20260510,20260510,site_a,linked_job_group,jobgrp_hmac_ec0ffcd61dd9,2026-06-01T01:06:48Z,2026-06-02T01:06:48Z,86400,episode_adversarial_fragmented_training_00072,adversarial_fragmented_training,2,0.78,fragmented sub-threshold activity is elevated until jobs/accounts are linked,synthetic_latent_truth_plus_composite_rules,true,19.3456,4096.0,3522,0.83,0.94,0.0,0.2805,884.41,268.79,19.3456,0.2159,0.42,unknown,true,,,,,,76.0,91.0,0.78,86.0,0.74,0.959,0.9613,0.0,,,false,0.408,0.506,0.0,0.48,559,0.55,0.2725,0.198,0.96,0.45,4.4398,22003.392,11.1996,0.0952,0.2425,0.8421,0.471,0.495,884,pytorch_distributed_training,0.544,884,true,0.0,0.303,0.6078,0.0,false,,,,false,false,0.98,0.0,true,0.98,0.01,53,0,false,false,,,,1.0,observed,1.0,observed,0.0,not_applicable,1.0,observed,0.0,routine_profiler_disabled,1.0,observed,1.0,observed,1.0,observed,1.0,observed,1.0,observed,1.0,observed,0.0,privacy_redacted,1.0,observed,1.0,observed,1.0,observed,0.0,not_scheduled,1.0,observed,valid,operator_signed,operator_signed,bms_meter,features-v0.1.0,policy-thresholds-v0.1.0,h100e-normalization-v0.1.0,sha256:4bd8dba4a8982bc256fddc8d13c4628d44dac98f94eb1d9cb3e97109df9df8b4,false,false,false,training_fragmented
feat_08cf29f8ef54a5d4f36a4b1e,synthetic_v0_seed_20260510,20260510,site_b,linked_job_group,jobgrp_hmac_55e0294358c8,2026-06-01T01:48:23Z,2026-06-02T01:48:23Z,86400,episode_underclocked_long_duration_training_00075,underclocked_long_duration_training,3,0.86,one strong primary layer plus semantic/supportive corroboration supports likely training,synthetic_latent_truth_plus_composite_rules,true,22.9192,2048.0,1761,0.865,0.94,0.0,0.0,754.69,373.18,22.9192,0.3685,0.86,unknown,true,,,,,,58.0,76.0,0.62,72.0,0.7,0.823,0.8309,0.0,,,false,0.4675,0.644,0.0,0.55,607,0.7,0.325,0.2888,0.96,0.4384,2.3099,9170.6143,15.5492,0.1208,0.0016,0.7482,0.462,0.4869,754,pytorch_distributed_training,0.852,754,true,0.0,0.897,0.7612,0.0,false,,,,false,false,0.98,0.0,true,0.98,0.01,35,0,false,false,,,,1.0,observed,1.0,observed,1.0,observed,1.0,observed,0.0,routine_profiler_disabled,1.0,observed,1.0,observed,1.0,observed,1.0,observed,1.0,observed,1.0,observed,0.0,privacy_redacted,1.0,observed,1.0,observed,1.0,observed,0.0,not_scheduled,1.0,observed,valid,operator_signed,operator_signed,bms_meter,features-v0.1.0,policy-thresholds-v0.1.0,h100e-normalization-v0.1.0,sha256:ab69da954e240b1af4fc518cea209869d8105a193ce0348b84380de43b96e6c5,false,false,false,training_primary_semantic
feat_4fc2d9b63b203e973bba73a1,synthetic_v0_seed_20260510,20260510,site_b,topology_domain,fabricdom_hmac_0aaadf0369e8,2026-06-01T05:35:44Z,2026-06-02T05:35:44Z,86400,episode_hpc_mpi_simulation_00183,hpc_mpi_simulation,2,0.78,hpc_mpi_simulation is a high-load false-positive class requiring cross-checks,synthetic_latent_truth_plus_composite_rules,true,1.9403,2048.0,1761,0.865,0.94,0.0,0.0,780.34,30.55,1.9403,0.381,0.86,hpc,true,,,,,,70.0,92.0,0.68,42.0,0.46,0.493,0.97,0.0,0.5394,0.6233,true,0.612,0.5336,0.0,0.72,520,0.58,0.283,0.3132,0.96,0.4934,2.3099,12219.7087,1.2729,0.1112,0.1238,0.8484,0.5049,0.5254,780,mpi_hpc_simulation,0.852,780,true,0.0,0.0,0.08,0.0,false,,,,false,false,0.98,0.0,true,0.98,0.01,9,0,false,false,,,,1.0,observed,1.0,observed,1.0,observed,1.0,observed,0.5344,privacy_redacted,1.0,observed,1.0,observed,1.0,observed,1.0,observed,1.0,observed,1.0,observed,0.0,privacy_redacted,1.0,observed,1.0,observed,1.0,observed,0.0,not_scheduled,1.0,observed,valid,operator_signed,operator_signed,bms_meter,features-v0.1.0,policy-thresholds-v0.1.0,h100e-normalization-v0.1.0,sha256:7453e0be9b3e0f37407d1ae1114fe6f8856f3407ed15d748161d75b1369f152c,false,false,false,false_positive_primary
feat_d5a96a8baeaaa2b0a684e9af,synthetic_v0_seed_20260510,20260510,site_b,linked_job_group,jobgrp_hmac_baa6a83d71b6,2026-06-01T06:09:13Z,2026-06-02T06:09:13Z,86400,episode_large_fine_tune_00142,large_fine_tune,3,0.89,two independent primary layers plus corroboration support likely training,synthetic_latent_truth_plus_composite_rules,true,11.5706,2048.0,1761,0.865,0.94,0.0,0.0,659.12,215.71,11.5706,0.3218,0.8367,train,true,,,,,,83.6,92.6,0.8002,93.39,0.8054,1.0,0.9753,0.0,0.6436,0.6108,true,0.7061,0.841,0.0,0.8307,593,0.9141,0.4,0.5695,0.96,0.4525,2.3099,9952.2912,8.9879,0.092,0.1386,0.8522,0.473,0.4967,659,pytorch_distributed_training,0.8357,659,true,382.18,1.8,0.6751,0.7817,false,,,,false,false,0.98,0.0,true,0.98,0.01,63,0,false,false,,,,1.0,observed,1.0,observed,1.0,observed,1.0,observed,0.7835,privacy_redacted,1.0,observed,1.0,observed,1.0,observed,1.0,observed,1.0,observed,1.0,observed,0.0,privacy_redacted,1.0,observed,1.0,observed,1.0,observed,0.0,not_scheduled,1.0,observed,valid,operator_signed,operator_signed,bms_meter,features-v0.1.0,policy-thresholds-v0.1.0,h100e-normalization-v0.1.0,sha256:ecd99c47a42b0b75d79906cd6b7769baddf5686d5848ab2aebec754ad66e6fdc,false,false,false,training_primary_semantic
feat_d76648a65e28e50134a76ce1,synthetic_v0_seed_20260510,20260510,site_a,linked_job_group,jobgrp_hmac_ab869290b1d8,2026-06-01T08:30:46Z,2026-06-02T08:30:46Z,86400,episode_pretraining_00025,pretraining,4,0.93,"scheduler, GPU, fabric, power, and storage cohere under high integrity",synthetic_latent_truth_plus_composite_rules,true,68.8809,4096.0,3522,0.83,0.94,0.0,0.0,2035.13,415.9,68.8809,0.4969,0.927,train,true,,,,,,91.83,98.0,0.912,88.05,0.8755,1.0,1.0,0.0,0.5971,0.8256,true,0.7456,0.8409,0.0,0.8771,1831,0.9141,0.3999,0.6013,0.96,0.5998,4.4398,37965.5048,17.3292,0.0741,0.1029,0.87,0.5878,0.5999,2035,pytorch_distributed_training,0.8989,2035,true,167.27,0.504,0.8767,0.7689,false,415.89,3719.61,378511,true,true,0.98,0.0,true,0.98,0.01,67,0,false,false,,,,1.0,observed,1.0,observed,0.0,not_applicable,1.0,observed,0.5176,privacy_redacted,1.0,observed,1.0,observed,1.0,observed,1.0,observed,1.0,observed,1.0,observed,0.8707,delayed_log_delivery,1.0,observed,1.0,observed,1.0,observed,0.0,not_scheduled,1.0,observed,valid,operator_signed,operator_signed,bms_meter,features-v0.1.0,policy-thresholds-v0.1.0,h100e-normalization-v0.1.0,sha256:ea8582c0b5f115be158e9889d34b8d4764e6508e059654b323d8eba8de5649e9,false,false,false,training_primary_semantic
feat_316eee3652ab80e4867a9226,synthetic_v0_seed_20260510,20260510,site_b,linked_job_group,jobgrp_hmac_6bd35a790f62,2026-06-01T09:58:41Z,2026-06-02T09:58:41Z,86400,episode_pretraining_00065,pretraining,4,0.93,"scheduler, GPU, fabric, power, and storage cohere under high integrity",synthetic_latent_truth_plus_composite_rules,true,21.4581,2048.0,1761,0.865,0.94,0.0,0.0,1563.14,168.68,21.4581,0.7633,0.8303,train,true,,,,,,81.99,90.99,0.8953,92.8,0.7808,1.0,0.9612,0.0,,,false,0.651,0.7271,0.0,0.7659,1406,0.7904,0.3566,0.454,0.96,0.7617,2.3099,27093.7455,7.0283,0.0768,0.028,0.8421,0.7141,0.7132,1563,pytorch_distributed_training,0.8312,1563,true,670.37,2.201,0.7265,0.9306,false,203.71,4195.81,416197,true,true,0.98,0.0,true,0.98,0.01,23,0,false,false,,,,1.0,observed,1.0,observed,1.0,observed,1.0,observed,0.0,routine_profiler_disabled,1.0,observed,1.0,observed,1.0,observed,1.0,observed,1.0,observed,1.0,observed,0.664,delayed_log_delivery,1.0,observed,1.0,observed,1.0,observed,0.0,not_scheduled,1.0,observed,valid,operator_signed,operator_signed,bms_meter,features-v0.1.0,policy-thresholds-v0.1.0,h100e-normalization-v0.1.0,sha256:b5f179c5d8e8539dada84895a5a53a92b8bb6327bd2fd8990b8065896658bf9b,false,false,false,training_primary_semantic
feat_e293891ade277fabae318a2b,synthetic_v0_seed_20260510,20260510,site_b,linked_job_group,jobgrp_hmac_a2cad38cb9d8,2026-06-01T10:26:48Z,2026-06-02T10:26:48Z,86400,episode_cloud_reservation_used_for_training_00037,cloud_reservation_used_for_training,4,0.93,"scheduler, GPU, fabric, power, and storage cohere under high integrity",synthetic_latent_truth_plus_composite_rules,true,20.24,2048.0,1761,0.865,0.94,0.0,0.0,1693.61,146.85,20.24,0.827,0.8858,train,true,1693,146.85,0.9944,0.9531,84.7,81.72,90.72,0.7848,89.61,0.8666,1.0,0.9589,0.0,0.634,0.674,true,0.7459,0.8386,0.0,0.8775,1524,0.9115,0.399,0.5999,0.96,0.8052,2.3099,29505.302,6.1187,0.0944,0.0122,0.8404,0.7481,0.7436,1693,pytorch_distributed_training,0.87,1693,true,572.72,2.078,0.7923,0.7703,false,,,,false,false,0.98,0.0,true,0.98,0.01,74,0,false,false,,,,1.0,observed,1.0,observed,1.0,observed,1.0,observed,0.6735,privacy_redacted,1.0,observed,1.0,observed,1.0,observed,1.0,observed,1.0,observed,1.0,observed,0.0,privacy_redacted,1.0,observed,1.0,observed,1.0,observed,0.0,not_scheduled,1.0,observed,valid,operator_signed,operator_signed,bms_meter,features-v0.1.0,policy-thresholds-v0.1.0,h100e-normalization-v0.1.0,sha256:a7ace2bd10248bdef6327088966cf3b600beb3e5f1a06150be124d290a82ea33,false,false,false,training_primary_semantic
feat_805425f5493ff7d023e5d106,synthetic_v0_seed_20260510,20260510,site_a,linked_job_group,jobgrp_hmac_bafb33a322d8,2026-06-01T13:23:44Z,2026-06-02T13:23:44Z,86400,episode_pretraining_00201,pretraining,4,0.96,authenticated ML evidence crosses the policy compute threshold,synthetic_latent_truth_plus_composite_rules,true,45.3298,4096.0,3522,0.83,0.94,0.0,0.0,2419.17,230.25,45.3298,0.5906,0.8307,train,true,,,,,,84.32,93.32,0.8736,87.86,0.7407,0.976,0.9815,0.0,,,false,0.6976,0.7215,0.0,0.8207,2177,0.7842,0.3545,0.4827,0.96,0.6499,4.4398,43303.9684,9.5938,0.0802,0.0702,0.8567,0.6269,0.6349,2419,pytorch_distributed_training,0.8315,2419,true,467.24,1.455,0.8082,0.7224,true,84.64,2433.32,18109,true,true,0.98,0.0,true,0.98,0.01,53,0,false,false,,,,1.0,observed,1.0,observed,0.0,not_applicable,1.0,observed,0.0,routine_profiler_disabled,1.0,observed,1.0,observed,1.0,observed,1.0,observed,1.0,observed,1.0,observed,0.9276,delayed_log_delivery,1.0,observed,1.0,observed,1.0,observed,0.0,not_scheduled,1.0,observed,valid,operator_signed,operator_signed,bms_meter,features-v0.1.0,policy-thresholds-v0.1.0,h100e-normalization-v0.1.0,sha256:b55026141d4f21ca2554b1e6563f008a4f6f5dbe95697a9b23ea2d256976e66c,false,false,false,training_primary_semantic
feat_a2a5ce6942c65060a8720887,synthetic_v0_seed_20260510,20260510,site_c,topology_domain,fabricdom_hmac_8f408e3606,2026-06-01T14:31:07Z,2026-06-02T14:31:07Z,86400,episode_storage_rebuild_00021,storage_rebuild,0,0.95,capacity below policy threshold with strong coverage,synthetic_latent_truth_plus_composite_rules,false,0.0,384.0,276,0.9,0.66,0.0,0.0,0.0,35.1632,0.0,0.0,0.0,none,false,,,,,,0.0,0.0,0.0,0.0,0.0,0.0,0.18,0.0,,,false,0.0,0.0,0.0,0.0,0,0.0,0.0,0.0,0.96,0.5372,0.5794,1122.0526,1.4651,0.18,0.0,0.08,0.1,0.12,0,storage_rebuild,0.0,0,false,393.38,0.0,0.0,0.1635,false,,,,false,false,0.98,0.0,true,0.98,0.01,8,0,false,false,,,,1.0,observed,1.0,observed,1.0,observed,1.0,observed,0.0,routine_profiler_disabled,1.0,observed,1.0,observed,1.0,observed,1.0,observed,1.0,observed,1.0,observed,0.0,privacy_redacted,1.0,observed,1.0,observed,1.0,observed,0.0,not_scheduled,1.0,observed,valid,auditor_reconciled,auditor_reconciled,bms_meter,features-v0.1.0,policy-thresholds-v0.1.0,h100e-normalization-v0.1.0,sha256:066abf2b2d32a51288225c3dadc51cdaf441cd3e5de895d8caf83f24821ead47,false,false,true,physical_only
feat_f6edcac47057ff1e9b52f134,synthetic_v0_seed_20260510,20260510,site_b,topology_domain,fabricdom_hmac_b64cf069909c,2026-06-01T15:15:52Z,2026-06-02T15:15:52Z,86400,episode_reserved_but_unused_capacity_00045,reserved_but_unused_capacity,1,0.82,capacity-only evidence is capped at training possible,synthetic_latent_truth_plus_composite_rules,true,16.3673,2048.0,1761,0.865,0.94,0.0,0.0,1813.38,110.91,16.3673,0.8854,0.86,reserved,true,,,,,,3.0,12.0,0.0,2.0,0.08,0.038,0.2743,0.0,,,false,0.0255,0.0,0.0,0.03,0,0.0,0.08,0.0,0.96,0.2406,2.3099,0.0,4.6212,0.22,0.06,0.3475,0.3563,0.392,1813,none,0.852,1813,false,0.0,0.0,0.0,0.0,false,,,,false,false,0.98,0.0,true,0.98,0.01,71,0,false,false,,,,1.0,observed,1.0,observed,1.0,observed,1.0,observed,0.0,routine_profiler_disabled,1.0,observed,1.0,observed,1.0,observed,1.0,observed,1.0,observed,1.0,observed,0.0,privacy_redacted,1.0,observed,1.0,observed,1.0,observed,0.0,not_scheduled,1.0,observed,valid,operator_signed,operator_signed,bms_meter,features-v0.1.0,policy-thresholds-v0.1.0,h100e-normalization-v0.1.0,sha256:68618e89bda379ce99bc0622c4cc61606fa66f53df98a8e73172260e799979ce,true,false,false,capacity_only
feat_4ad094b88626da82c7d065e8,synthetic_v0_seed_20260510,20260510,site_b,linked_job_group,jobgrp_hmac_13fed90caf43,2026-06-01T17:08:10Z,2026-06-02T17:08:10Z,86400,episode_large_fine_tune_00018,large_fine_tune,4,0.96,authenticated ML evidence crosses the policy compute threshold,synthetic_latent_truth_plus_composite_rules,true,30.8334,2048.0,1761,0.865,0.94,0.0,0.0,1692.14,223.91,30.8334,0.8262,0.8884,train,true,,,,,,88.8,97.8,0.8866,95.81,0.792,1.0,1.0,0.0,0.6795,0.6926,true,0.6454,0.6828,0.0,0.7593,1444,0.7422,0.3398,0.4226,0.96,0.8503,2.3099,32005.5594,9.3296,0.0781,0.0241,0.87,0.7832,0.7752,1692,pytorch_distributed_training,0.8719,1692,true,311.71,2.273,0.8662,0.8896,true,95.69,2705.03,440924,true,true,0.98,0.0,true,0.98,0.01,50,0,false,false,,,,1.0,observed,1.0,observed,1.0,observed,1.0,observed,0.734,privacy_redacted,1.0,observed,1.0,observed,1.0,observed,1.0,observed,1.0,observed,1.0,observed,0.8891,delayed_log_delivery,1.0,observed,1.0,observed,1.0,observed,0.0,not_scheduled,1.0,observed,valid,operator_signed,operator_signed,bms_meter,features-v0.1.0,policy-thresholds-v0.1.0,h100e-normalization-v0.1.0,sha256:42c4d09908f621bc7220974f88a0cfae55d9dce610698b46c198a462862df49c,false,false,false,training_primary_semantic
feat_cc50968ab52924181d6ff53c,synthetic_v0_seed_20260510,20260510,site_b,linked_job_group,jobgrp_hmac_cca20bfca31a,2026-06-01T19:01:35Z,2026-06-02T19:01:35Z,86400,episode_cloud_reservation_used_for_training_00053,cloud_reservation_used_for_training,3,0.89,two independent primary layers plus corroboration support likely training,synthetic_latent_truth_plus_composite_rules,true,10.3629,2048.0,1761,0.865,0.94,0.0,0.0,593.91,214.41,10.3629,0.29,0.9065,train,true,593,214.41,0.8811,0.8955,12.41,85.59,94.59,0.8708,94.48,0.8634,1.0,0.9925,0.0,,,false,0.6267,0.787,0.0,0.7373,534,0.8554,0.3794,0.473,0.96,0.45,2.3099,9813.696,8.9337,0.0807,0.1622,0.8646,0.471,0.495,593,pytorch_distributed_training,0.8846,593,true,278.81,1.406,0.705,0.6295,false,324.65,1818.64,357034,true,true,0.98,0.0,true,0.98,0.01,76,0,false,false,,,,1.0,observed,1.0,observed,1.0,observed,1.0,observed,0.0,routine_profiler_disabled,1.0,observed,1.0,observed,1.0,observed,1.0,observed,1.0,observed,1.0,observed,0.6815,delayed_log_delivery,1.0,observed,1.0,observed,1.0,observed,0.0,not_scheduled,1.0,observed,valid,operator_signed,operator_signed,bms_meter,features-v0.1.0,policy-thresholds-v0.1.0,h100e-normalization-v0.1.0,sha256:9b917b555bfb20104a7bee900e80f9295cfa2328280aace579ea0a1d1188102c,false,false,false,training_primary_semantic
feat_9866021a20c1c62467048877,synthetic_v0_seed_20260510,20260510,site_a,linked_job_group,jobgrp_hmac_e170fc3a39c6,2026-06-01T19:25:59Z,2026-06-02T19:25:59Z,86400,episode_adversarial_fragmented_training_00138,adversarial_fragmented_training,2,0.78,fragmented sub-threshold activity is elevated until jobs/accounts are linked,synthetic_latent_truth_plus_composite_rules,true,6.3623,4096.0,3522,0.83,0.94,0.0,0.4511,717.77,108.92,6.3623,0.1752,0.42,unknown,true,,,,,,76.0,91.0,0.78,86.0,0.74,0.959,0.9613,0.0,,,false,0.408,0.506,0.0,0.48,453,0.55,0.2725,0.198,0.96,0.45,4.4398,22003.392,4.5383,0.0952,0.2816,0.8421,0.471,0.495,717,pytorch_distributed_training,0.544,717,true,0.0,0.658,0.6374,0.0,false,,,,false,false,0.98,0.0,true,0.98,0.01,32,0,false,false,,,,1.0,observed,1.0,observed,0.0,not_applicable,1.0,observed,0.0,routine_profiler_disabled,1.0,observed,1.0,observed,1.0,observed,1.0,observed,1.0,observed,1.0,observed,0.0,privacy_redacted,1.0,observed,1.0,observed,1.0,observed,0.0,not_scheduled,1.0,observed,valid,operator_signed,operator_signed,bms_meter,features-v0.1.0,policy-thresholds-v0.1.0,h100e-normalization-v0.1.0,sha256:dbd6fc735a7c4500e8b515d7f71f9ef7fb193333a5684cdd52a3c39a25d007c6,false,false,false,training_fragmented
feat_d26a2c67dc1f114078c38f77,synthetic_v0_seed_20260510,20260510,site_c,topology_domain,fabricdom_hmac_caf542de92f7,2026-06-01T23:55:04Z,2026-06-02T23:55:04Z,86400,episode_reserved_but_unused_capacity_00083,reserved_but_unused_capacity,0,0.95,capacity below policy threshold with strong coverage,synthetic_latent_truth_plus_composite_rules,false,1.2212,384.0,276,0.9,0.66,0.0,0.0,384.0,39.08,1.2212,1.0,0.86,reserved,true,,,,,,3.0,12.0,0.0,2.0,0.08,0.038,0.2743,0.0,,,false,0.0255,0.0,0.0,0.03,0,0.0,0.08,0.0,0.96,0.2186,0.5794,0.0,1.6283,0.22,0.0393,0.3475,0.3646,0.3995,384,none,0.852,384,false,0.0,0.0,0.0,0.0,false,,,,false,false,0.98,0.0,true,0.98,0.01,72,0,false,false,,,,1.0,observed,1.0,observed,1.0,observed,1.0,observed,0.0,routine_profiler_disabled,1.0,observed,1.0,observed,1.0,observed,1.0,observed,1.0,observed,1.0,observed,0.0,privacy_redacted,1.0,observed,1.0,observed,1.0,observed,0.0,not_scheduled,1.0,observed,valid,auditor_reconciled,auditor_reconciled,bms_meter,features-v0.1.0,policy-thresholds-v0.1.0,h100e-normalization-v0.1.0,sha256:ce0e8e04433d6f38a979071aca93c0b8dde1cdb2ed689cb73b0eef0c7fbcb543,true,false,false,capacity_only
feat_353d2be4ac9394007cc2ea96,synthetic_v0_seed_20260510,20260510,site_b,linked_job_group,jobgrp_hmac_b0b12f5b4744,2026-06-01T23:55:27Z,2026-06-02T23:55:27Z,86400,episode_cloud_reservation_used_for_training_00013,cloud_reservation_used_for_training,3,0.89,two independent primary layers plus corroboration support likely training,synthetic_latent_truth_plus_composite_rules,true,5.7047,2048.0,1761,0.865,0.94,0.0,0.0,805.9,86.98,5.7047,0.3935,0.9065,train,true,805,86.98,0.8819,0.9722,98.82,83.45,92.45,0.935,86.88,0.7524,0.97,0.9739,0.0,0.7952,0.7759,true,0.5897,0.8635,0.0,0.6938,725,0.9386,0.4085,0.4884,0.96,0.5038,2.3099,12796.2647,3.6242,0.0704,0.1206,0.8512,0.513,0.5327,805,pytorch_distributed_training,0.8846,805,true,403.58,0.328,0.8189,0.9111,false,,,,false,false,0.98,0.0,true,0.98,0.01,35,0,false,false,,,,1.0,observed,1.0,observed,1.0,observed,1.0,observed,0.7329,privacy_redacted,1.0,observed,1.0,observed,1.0,observed,1.0,observed,1.0,observed,1.0,observed,0.0,privacy_redacted,1.0,observed,1.0,observed,1.0,observed,0.0,not_scheduled,1.0,observed,valid,operator_signed,operator_signed,bms_meter,features-v0.1.0,policy-thresholds-v0.1.0,h100e-normalization-v0.1.0,sha256:43324bd041de34d6b790239d31b58eb782862f28c5cfc0d32c5b2215078be0fa,false,false,false,training_primary_semantic
feat_28303124129310733aba6e92,synthetic_v0_seed_20260510,20260510,site_b,linked_job_group,jobgrp_hmac_baa6a83d71b6,2026-06-02T06:09:13Z,2026-06-03T06:09:13Z,86400,episode_large_fine_tune_00142,large_fine_tune,3,0.89,two independent primary layers plus corroboration support likely training,synthetic_latent_truth_plus_composite_rules,true,11.5706,2048.0,1761,0.865,0.94,0.0,0.0,659.12,215.71,11.5706,0.3218,0.8367,train,true,,,,,,83.6,92.6,0.8002,93.39,0.8054,1.0,0.9753,0.0,0.6436,0.6108,true,0.7061,0.841,0.0,0.8307,593,0.9141,0.4,0.5695,0.96,0.4525,2.3099,9952.2912,8.9879,0.092,0.1386,0.8522,0.473,0.4967,659,pytorch_distributed_training,0.8357,659,true,382.18,1.8,0.6751,0.7817,false,,,,false,false,0.98,0.0,true,0.98,0.01,63,0,false,false,,,,1.0,observed,1.0,observed,1.0,observed,1.0,observed,0.7835,privacy_redacted,1.0,observed,1.0,observed,1.0,observed,1.0,observed,1.0,observed,1.0,observed,0.0,privacy_redacted,1.0,observed,1.0,observed,1.0,observed,0.0,not_scheduled,1.0,observed,valid,operator_signed,operator_signed,bms_meter,features-v0.1.0,policy-thresholds-v0.1.0,h100e-normalization-v0.1.0,sha256:6f1bda3de4bd98a706a8dd5754ca2547e9e1293f89881e50d8eebf0f94bde2a4,false,false,false,training_primary_semantic
feat_7353e3054ec213ebe20bedf2,synthetic_v0_seed_20260510,20260510,site_b,topology_domain,fabricdom_hmac_e80371952bf6,2026-06-02T07:33:09Z,2026-06-03T07:33:09Z,86400,episode_large_batch_inference_00012,large_batch_inference,2,0.78,large_batch_inference is a high-load false-positive class requiring cross-checks,synthetic_latent_truth_plus_composite_rules,true,0.131,2048.0,1761,0.865,0.94,0.0,0.0,145.33,11.08,0.131,0.071,0.78,inference,false,,,,,,68.0,88.0,0.62,72.0,0.62,0.803,0.9352,0.0,,,false,0.187,0.138,0.0,0.22,25,0.15,0.1325,0.0248,0.96,0.45,2.3099,9813.696,0.4617,0.1208,0.3836,0.8233,0.471,0.495,145,large_batch_inference,0.796,145,false,51.23,0.0,0.0,0.0,false,,,,false,false,0.98,0.0,true,0.98,0.01,54,0,false,false,,,,1.0,observed,1.0,observed,1.0,observed,1.0,observed,0.0,routine_profiler_disabled,1.0,observed,1.0,observed,1.0,observed,1.0,observed,1.0,observed,1.0,observed,0.0,privacy_redacted,1.0,observed,1.0,observed,1.0,observed,0.0,not_scheduled,1.0,observed,valid,operator_signed,operator_signed,bms_meter,features-v0.1.0,policy-thresholds-v0.1.0,h100e-normalization-v0.1.0,sha256:ff29be977d2d9e7985688994e3fffbaaf9ac50b5367de337697b006015860128,false,false,false,false_positive_primary
feat_466d5f09f2b69a9545556cb4,synthetic_v0_seed_20260510,20260510,site_b,linked_job_group,jobgrp_hmac_6bd35a790f62,2026-06-02T09:58:41Z,2026-06-03T09:58:41Z,86400,episode_pretraining_00065,pretraining,4,0.93,"scheduler, GPU, fabric, power, and storage cohere under high integrity",synthetic_latent_truth_plus_composite_rules,true,21.4581,2048.0,1761,0.865,0.94,0.0,0.0,1563.14,168.68,21.4581,0.7633,0.8303,train,true,,,,,,81.99,90.99,0.8953,92.8,0.7808,1.0,0.9612,0.0,,,false,0.651,0.7271,0.0,0.7659,1406,0.7904,0.3566,0.454,0.96,0.7617,2.3099,27093.7455,7.0283,0.0768,0.028,0.8421,0.7141,0.7132,1563,pytorch_distributed_training,0.8312,1563,true,670.37,2.201,0.7265,0.9306,false,203.71,4195.81,416197,true,true,0.98,0.0,true,0.98,0.01,23,0,false,false,,,,1.0,observed,1.0,observed,1.0,observed,1.0,observed,0.0,routine_profiler_disabled,1.0,observed,1.0,observed,1.0,observed,1.0,observed,1.0,observed,1.0,observed,0.664,delayed_log_delivery,1.0,observed,1.0,observed,1.0,observed,0.0,not_scheduled,1.0,observed,valid,operator_signed,operator_signed,bms_meter,features-v0.1.0,policy-thresholds-v0.1.0,h100e-normalization-v0.1.0,sha256:fcbc2cbfe2ffedf87a2ad8e3e64e87a5da53e5db617936de95ed84fe1d27a35d,false,false,false,training_primary_semantic
feat_5f82b601b0c7768ff7f72c84,synthetic_v0_seed_20260510,20260510,site_a,linked_job_group,jobgrp_hmac_ec0ffcd61dd9,2026-06-02T12:04:58Z,2026-06-03T12:04:58Z,86400,episode_adversarial_fragmented_training_00072,adversarial_fragmented_training,2,0.78,fragmented sub-threshold activity is elevated until jobs/accounts are linked,synthetic_latent_truth_plus_composite_rules,true,19.3456,4096.0,3522,0.83,0.94,0.0,0.2805,884.41,268.79,19.3456,0.2159,0.42,unknown,true,,,,,,76.0,91.0,0.78,86.0,0.74,0.959,0.9613,0.0,,,false,0.408,0.506,0.0,0.48,559,0.55,0.2725,0.198,0.96,0.45,4.4398,22003.392,11.1996,0.0952,0.2425,0.8421,0.471,0.495,884,pytorch_distributed_training,0.544,884,true,0.0,0.303,0.6078,0.0,false,,,,false,false,0.98,0.0,true,0.98,0.01,53,0,false,false,,,,1.0,observed,1.0,observed,0.0,not_applicable,1.0,observed,0.0,routine_profiler_disabled,1.0,observed,1.0,observed,1.0,observed,1.0,observed,1.0,observed,1.0,observed,0.0,privacy_redacted,1.0,observed,1.0,observed,1.0,observed,0.0,not_scheduled,1.0,observed,valid,operator_signed,operator_signed,bms_meter,features-v0.1.0,policy-thresholds-v0.1.0,h100e-normalization-v0.1.0,sha256:3a6cfe8326980b438b5ffe4494588c44dea9f4fc7153b3601f87bed884bd42c9,false,false,false,training_fragmented
feat_c1321a9d43fa6445b7a47fe1,synthetic_v0_seed_20260510,20260510,site_c,topology_domain,fabricdom_hmac_8f408e3606,2026-06-02T12:27:23Z,2026-06-03T12:27:23Z,86400,episode_idle_00173,idle,0,0.95,capacity below policy threshold with strong coverage,synthetic_latent_truth_plus_composite_rules,false,0.0,384.0,276,0.9,0.66,0.0,0.0,0.0,0.0,0.0,0.0,0.0,none,false,,,,,,0.0,0.0,0.0,0.0,0.0,0.0,0.18,0.0,,,false,0.0,0.0,0.0,0.0,0,0.0,0.0,0.0,0.96,0.2099,0.5794,0.0,1.9421,0.1568,0.0,0.08,0.1,0.12,0,none,0.0,0,false,0.0,0.0,0.0,0.0,false,,,,false,false,0.98,0.0,true,0.98,0.01,73,0,false,false,,,,1.0,observed,1.0,observed,1.0,observed,1.0,observed,0.0,routine_profiler_disabled,1.0,observed,1.0,observed,1.0,observed,1.0,observed,1.0,observed,1.0,observed,0.0,privacy_redacted,1.0,observed,1.0,observed,1.0,observed,0.0,not_scheduled,1.0,observed,valid,auditor_reconciled,auditor_reconciled,bms_meter,features-v0.1.0,policy-thresholds-v0.1.0,h100e-normalization-v0.1.0,sha256:d2709995491b23985d37b407e6178c8ce2152c6bbcdfb63fceb5cea6045a9257,false,false,false,none
feat_84ba5e8bc6f0e81f0b50de4c,synthetic_v0_seed_20260510,20260510,site_a,linked_job_group,jobgrp_hmac_a0065ebf1063,2026-06-02T14:05:33Z,2026-06-03T14:05:33Z,86400,episode_small_fine_tune_00168,small_fine_tune,1,0.8,small fine-tune remains below policy compute threshold,synthetic_latent_truth_plus_composite_rules,true,0.0038,4096.0,3522,0.83,0.94,0.0,0.0,12.55,3.71,0.0038,0.0031,0.82,fine_tune,false,,,,,,68.0,89.0,0.7,78.0,0.68,0.872,0.9439,0.0,,,false,0.272,0.4784,0.0,0.32,7,0.52,0.262,0.1248,0.96,0.45,4.4398,22003.392,0.1546,0.108,0.4471,0.8296,0.471,0.495,12,pytorch_distributed_training,0.824,12,false,0.0,0.138,0.48,0.0,true,3.64,12.59,2802,true,true,0.98,0.0,true,0.98,0.01,23,0,false,false,,,,1.0,observed,1.0,observed,0.0,not_applicable,1.0,observed,0.0,routine_profiler_disabled,1.0,observed,1.0,observed,1.0,observed,1.0,observed,1.0,observed,1.0,observed,0.55,delayed_log_delivery,1.0,observed,1.0,observed,1.0,observed,0.0,not_scheduled,1.0,observed,valid,operator_signed,operator_signed,bms_meter,features-v0.1.0,policy-thresholds-v0.1.0,h100e-normalization-v0.1.0,sha256:ebee06071c6e451daab9f2d3c9a64d7f332afa89552fa7b7d28c7f0b4916f85b,false,false,false,none
feat_1b4fbe0c12489fc7b9226a49,synthetic_v0_seed_20260510,20260510,site_b,topology_domain,fabricdom_hmac_b64cf069909c,2026-06-02T15:15:52Z,2026-06-03T15:15:52Z,86400,episode_reserved_but_unused_capacity_00045,reserved_but_unused_capacity,1,0.82,capacity-only evidence is capped at training possible,synthetic_latent_truth_plus_composite_rules,true,16.3673,2048.0,1761,0.865,0.94,0.0,0.0,1813.38,110.91,16.3673,0.8854,0.86,reserved,true,,,,,,3.0,12.0,0.0,2.0,0.08,0.038,0.2743,0.0,,,false,0.0255,0.0,0.0,0.03,0,0.0,0.08,0.0,0.96,0.2406,2.3099,0.0,4.6212,0.22,0.06,0.3475,0.3563,0.392,1813,none,0.852,1813,false,0.0,0.0,0.0,0.0,false,,,,false,false,0.98,0.0,true,0.98,0.01,71,0,false,false,,,,1.0,observed,1.0,observed,1.0,observed,1.0,observed,0.0,routine_profiler_disabled,1.0,observed,1.0,observed,1.0,observed,1.0,observed,1.0,observed,1.0,observed,0.0,privacy_redacted,1.0,observed,1.0,observed,1.0,observed,0.0,not_scheduled,1.0,observed,valid,operator_signed,operator_signed,bms_meter,features-v0.1.0,policy-thresholds-v0.1.0,h100e-normalization-v0.1.0,sha256:69b33cd07b92f12f4695c6b82309ab5e8c919755bf7cae702eecc40a4e93c25c,true,false,false,capacity_only
feat_00d8fb0f44ce73c1861fde96,synthetic_v0_seed_20260510,20260510,site_a,linked_job_group,jobgrp_hmac_bafb33a322d8,2026-06-02T18:51:35Z,2026-06-03T18:51:35Z,86400,episode_pretraining_00201,pretraining,4,0.96,authenticated ML evidence crosses the policy compute threshold,synthetic_latent_truth_plus_composite_rules,true,45.3298,4096.0,3522,0.83,0.94,0.0,0.0,2419.17,230.25,45.3298,0.5906,0.8307,train,true,,,,,,84.32,93.32,0.8736,87.86,0.7407,0.976,0.9815,0.0,,,false,0.6976,0.7215,0.0,0.8207,2177,0.7842,0.3545,0.4827,0.96,0.6499,4.4398,43303.9684,9.5938,0.0802,0.0702,0.8567,0.6269,0.6349,2419,pytorch_distributed_training,0.8315,2419,true,467.24,1.455,0.8082,0.7224,true,84.64,2433.32,18109,true,true,0.98,0.0,true,0.98,0.01,53,0,false,false,,,,1.0,observed,1.0,observed,0.0,not_applicable,1.0,observed,0.0,routine_profiler_disabled,1.0,observed,1.0,observed,1.0,observed,1.0,observed,1.0,observed,1.0,observed,0.9276,delayed_log_delivery,1.0,observed,1.0,observed,1.0,observed,0.0,not_scheduled,1.0,observed,valid,operator_signed,operator_signed,bms_meter,features-v0.1.0,policy-thresholds-v0.1.0,h100e-normalization-v0.1.0,sha256:dbe0111f261eaf14acdef2e7da0a55c6b3b82f8891670e1117cbf6b92b3185e6,false,false,false,training_primary_semantic
feat_5ec80986879ee2399db00d93,synthetic_v0_seed_20260510,20260510,site_b,linked_job_group,jobgrp_hmac_cca20bfca31a,2026-06-02T19:01:35Z,2026-06-03T19:01:35Z,86400,episode_cloud_reservation_used_for_training_00053,cloud_reservation_used_for_training,3,0.89,two independent primary layers plus corroboration support likely training,synthetic_latent_truth_plus_composite_rules,true,10.3629,2048.0,1761,0.865,0.94,0.0,0.0,593.91,214.41,10.3629,0.29,0.9065,train,true,593,214.41,0.8811,0.8955,12.41,85.59,94.59,0.8708,94.48,0.8634,1.0,0.9925,0.0,,,false,0.6267,0.787,0.0,0.7373,534,0.8554,0.3794,0.473,0.96,0.45,2.3099,9813.696,8.9337,0.0807,0.1622,0.8646,0.471,0.495,593,pytorch_distributed_training,0.8846,593,true,278.81,1.406,0.705,0.6295,false,324.65,1818.64,357034,true,true,0.98,0.0,true,0.98,0.01,76,0,false,false,,,,1.0,observed,1.0,observed,1.0,observed,1.0,observed,0.0,routine_profiler_disabled,1.0,observed,1.0,observed,1.0,observed,1.0,observed,1.0,observed,1.0,observed,0.6815,delayed_log_delivery,1.0,observed,1.0,observed,1.0,observed,0.0,not_scheduled,1.0,observed,valid,operator_signed,operator_signed,bms_meter,features-v0.1.0,policy-thresholds-v0.1.0,h100e-normalization-v0.1.0,sha256:a271a53c686f3c2c1f59af7d36b515fe400857189df64b1db55692ad3381313b,false,false,false,training_primary_semantic
feat_dc0ffab9cd93dc39d63fdd0c,synthetic_v0_seed_20260510,20260510,site_b,linked_job_group,jobgrp_hmac_13fed90caf43,2026-06-02T21:41:40Z,2026-06-03T21:41:40Z,86400,episode_large_fine_tune_00018,large_fine_tune,4,0.96,authenticated ML evidence crosses the policy compute threshold,synthetic_latent_truth_plus_composite_rules,true,30.8334,2048.0,1761,0.865,0.94,0.0,0.0,1692.14,223.91,30.8334,0.8262,0.8884,train,true,,,,,,88.8,97.8,0.8866,95.81,0.792,1.0,1.0,0.0,0.6795,0.6926,true,0.6454,0.6828,0.0,0.7593,1444,0.7422,0.3398,0.4226,0.96,0.8503,2.3099,32005.5594,9.3296,0.0781,0.0241,0.87,0.7832,0.7752,1692,pytorch_distributed_training,0.8719,1692,true,311.71,2.273,0.8662,0.8896,true,95.69,2705.03,440924,true,true,0.98,0.0,true,0.98,0.01,50,0,false,false,,,,1.0,observed,1.0,observed,1.0,observed,1.0,observed,0.734,privacy_redacted,1.0,observed,1.0,observed,1.0,observed,1.0,observed,1.0,observed,1.0,observed,0.8891,delayed_log_delivery,1.0,observed,1.0,observed,1.0,observed,0.0,not_scheduled,1.0,observed,valid,operator_signed,operator_signed,bms_meter,features-v0.1.0,policy-thresholds-v0.1.0,h100e-normalization-v0.1.0,sha256:25db966ec96203c2919443075a9deaee91b8884ef9048fd088256d63629d761d,false,false,false,training_primary_semantic
feat_3b3599a32c97a8474346ed1d,synthetic_v0_seed_20260510,20260510,site_b,topology_domain,fabricdom_hmac_5232f26fd6ea,2026-06-03T01:42:47Z,2026-06-04T01:42:47Z,86400,episode_normal_inference_00166,normal_inference,1,0.78,routine inference on capable monitored capacity leaves training possible but not elevated,synthetic_latent_truth_plus_composite_rules,true,0.0064,2048.0,1761,0.865,0.94,0.0,0.0,28.2,2.78,0.0064,0.0138,0.5083,inference,false,,,,,,51.33,46.04,0.3178,39.01,0.5115,0.479,0.5703,0.0,,,false,0.0807,0.0439,0.0,0.095,1,0.0478,0.0967,0.0034,0.96,0.2249,2.3099,0.0,0.1158,0.1692,0.217,0.5606,0.2954,0.3374,28,ray_batch_inference,0.6058,28,false,0.0,0.0,0.0,0.0,false,,,,false,false,0.98,0.0,true,0.98,0.01,27,0,false,false,,,,1.0,observed,1.0,observed,1.0,observed,1.0,observed,0.0,routine_profiler_disabled,1.0,observed,1.0,observed,1.0,observed,1.0,observed,1.0,observed,1.0,observed,0.0,privacy_redacted,1.0,observed,1.0,observed,1.0,observed,0.0,not_scheduled,1.0,observed,valid,operator_signed,operator_signed,bms_meter,features-v0.1.0,policy-thresholds-v0.1.0,h100e-normalization-v0.1.0,sha256:1c5e635790babbe26cc9928bb56af54abe9bd7909bc6184e7b26f4b0e27d2448,false,false,false,none
feat_ed52c725621f054b89a000c8,synthetic_v0_seed_20260510,20260510,site_b,linked_job_group,jobgrp_hmac_55e0294358c8,2026-06-03T03:41:19Z,2026-06-04T03:41:19Z,86400,episode_underclocked_long_duration_training_00075,underclocked_long_duration_training,3,0.86,one strong primary layer plus semantic/supportive corroboration supports likely training,synthetic_latent_truth_plus_composite_rules,true,22.9192,2048.0,1761,0.865,0.94,0.0,0.0,754.69,373.18,22.9192,0.3685,0.86,unknown,true,,,,,,58.0,76.0,0.62,72.0,0.7,0.823,0.8309,0.0,,,false,0.4675,0.644,0.0,0.55,607,0.7,0.325,0.2888,0.96,0.4384,2.3099,9170.6143,15.5492,0.1208,0.0016,0.7482,0.462,0.4869,754,pytorch_distributed_training,0.852,754,true,0.0,0.897,0.7612,0.0,false,,,,false,false,0.98,0.0,true,0.98,0.01,35,0,false,false,,,,1.0,observed,1.0,observed,1.0,observed,1.0,observed,0.0,routine_profiler_disabled,1.0,observed,1.0,observed,1.0,observed,1.0,observed,1.0,observed,1.0,observed,0.0,privacy_redacted,1.0,observed,1.0,observed,1.0,observed,0.0,not_scheduled,1.0,observed,valid,operator_signed,operator_signed,bms_meter,features-v0.1.0,policy-thresholds-v0.1.0,h100e-normalization-v0.1.0,sha256:731e60f223a374a2562afa22f12f17cec4c7dcf93c232ecb7d383d66046cc5fd,false,false,false,training_primary_semantic
feat_f1e50394f9ccebf332c089a4,synthetic_v0_seed_20260510,20260510,site_a,linked_job_group,jobgrp_hmac_cbfa4a001a7b,2026-06-03T05:05:12Z,2026-06-04T05:05:12Z,86400,episode_adversarial_fragmented_training_00008,adversarial_fragmented_training,2,0.78,fragmented sub-threshold activity is elevated until jobs/accounts are linked,synthetic_latent_truth_plus_composite_rules,true,2.3996,4096.0,3522,0.83,0.94,0.0,0.5401,309.34,95.32,2.3996,0.0755,0.42,unknown,false,,,,,,76.0,91.0,0.78,86.0,0.74,0.959,0.9613,0.0,,,false,0.408,0.506,0.0,0.48,195,0.55,0.2725,0.198,0.96,0.45,4.4398,22003.392,3.9717,0.0952,0.3774,0.8421,0.471,0.495,309,pytorch_distributed_training,0.544,309,true,0.0,0.484,0.629,0.0,false,,,,false,false,0.98,0.0,true,0.98,0.01,61,0,false,false,,,,1.0,observed,1.0,observed,0.0,not_applicable,1.0,observed,0.0,routine_profiler_disabled,1.0,observed,1.0,observed,1.0,observed,1.0,observed,1.0,observed,1.0,observed,0.0,privacy_redacted,1.0,observed,1.0,observed,1.0,observed,0.0,not_scheduled,1.0,observed,valid,operator_signed,operator_signed,bms_meter,features-v0.1.0,policy-thresholds-v0.1.0,h100e-normalization-v0.1.0,sha256:834c67c62c0e371cf59beb7e68fe9ed59d1906cdc684ae737a468f02ae7f059d,false,false,false,training_fragmented
feat_ac12d76ddc953f5e1dee6f84,synthetic_v0_seed_20260510,20260510,site_c,topology_domain,fabricdom_hmac_8f408e3606,2026-06-03T06:00:40Z,2026-06-04T06:00:40Z,86400,episode_idle_00060,idle,0,0.95,capacity below policy threshold with strong coverage,synthetic_latent_truth_plus_composite_rules,false,0.0,384.0,276,0.9,0.66,0.0,0.0,0.0,0.0,0.0,0.0,0.0,none,false,,,,,,0.0,0.0,0.0,0.0,0.0,0.0,0.18,0.0,,,false,0.0,0.0,0.0,0.0,0,0.0,0.0,0.0,0.96,0.1593,0.5794,0.0,0.3287,0.1282,0.0,0.08,0.1,0.12,0,none,0.0,0,false,0.0,0.0,0.0,0.0,false,,,,false,false,0.98,0.0,true,0.98,0.01,18,0,false,false,,,,1.0,observed,1.0,observed,1.0,observed,1.0,observed,0.0,routine_profiler_disabled,1.0,observed,1.0,observed,1.0,observed,1.0,observed,1.0,observed,1.0,observed,0.0,privacy_redacted,1.0,observed,1.0,observed,1.0,observed,0.0,not_scheduled,1.0,observed,valid,auditor_reconciled,auditor_reconciled,bms_meter,features-v0.1.0,policy-thresholds-v0.1.0,h100e-normalization-v0.1.0,sha256:f805b89caa28395d9fe1fa9470e3494d2d6b163237f3c7214e1c8ef8f9ecd473,false,false,false,none
feat_e379c98dd5fde9cc304d01ea,synthetic_v0_seed_20260510,20260510,site_b,linked_job_group,jobgrp_hmac_baa6a83d71b6,2026-06-03T06:09:13Z,2026-06-04T06:09:13Z,86400,episode_large_fine_tune_00142,large_fine_tune,3,0.89,two independent primary layers plus corroboration support likely training,synthetic_latent_truth_plus_composite_rules,true,11.5706,2048.0,1761,0.865,0.94,0.0,0.0,659.12,215.71,11.5706,0.3218,0.8367,train,true,,,,,,83.6,92.6,0.8002,93.39,0.8054,1.0,0.9753,0.0,0.6436,0.6108,true,0.7061,0.841,0.0,0.8307,593,0.9141,0.4,0.5695,0.96,0.4525,2.3099,9952.2912,8.9879,0.092,0.1386,0.8522,0.473,0.4967,659,pytorch_distributed_training,0.8357,659,true,382.18,1.8,0.6751,0.7817,false,,,,false,false,0.98,0.0,true,0.98,0.01,63,0,false,false,,,,1.0,observed,1.0,observed,1.0,observed,1.0,observed,0.7835,privacy_redacted,1.0,observed,1.0,observed,1.0,observed,1.0,observed,1.0,observed,1.0,observed,0.0,privacy_redacted,1.0,observed,1.0,observed,1.0,observed,0.0,not_scheduled,1.0,observed,valid,operator_signed,operator_signed,bms_meter,features-v0.1.0,policy-thresholds-v0.1.0,h100e-normalization-v0.1.0,sha256:3cfa945d38494041ef4801fa3cdcf7c2915a372bb1e2b016199e3c8198ff17e5,false,false,false,training_primary_semantic
feat_50c7c19890b87bb11b2034d8,synthetic_v0_seed_20260510,20260510,site_b,linked_job_group,jobgrp_hmac_6bd35a790f62,2026-06-03T09:58:41Z,2026-06-04T09:58:41Z,86400,episode_pretraining_00065,pretraining,4,0.93,"scheduler, GPU, fabric, power, and storage cohere under high integrity",synthetic_latent_truth_plus_composite_rules,true,21.4581,2048.0,1761,0.865,0.94,0.0,0.0,1563.14,168.68,21.4581,0.7633,0.8303,train,true,,,,,,81.99,90.99,0.8953,92.8,0.7808,1.0,0.9612,0.0,,,false,0.651,0.7271,0.0,0.7659,1406,0.7904,0.3566,0.454,0.96,0.7617,2.3099,27093.7455,7.0283,0.0768,0.028,0.8421,0.7141,0.7132,1563,pytorch_distributed_training,0.8312,1563,true,670.37,2.201,0.7265,0.9306,false,203.71,4195.81,416197,true,true,0.98,0.0,true,0.98,0.01,23,0,false,false,,,,1.0,observed,1.0,observed,1.0,observed,1.0,observed,0.0,routine_profiler_disabled,1.0,observed,1.0,observed,1.0,observed,1.0,observed,1.0,observed,1.0,observed,0.664,delayed_log_delivery,1.0,observed,1.0,observed,1.0,observed,0.0,not_scheduled,1.0,observed,valid,operator_signed,operator_signed,bms_meter,features-v0.1.0,policy-thresholds-v0.1.0,h100e-normalization-v0.1.0,sha256:8c03cf1fda34f460866456381846185a9f94d20a1c6a93b1215aa239586413d8,false,false,false,training_primary_semantic
feat_f5819b707efbf7b9c0ad498f,synthetic_v0_seed_20260510,20260510,site_b,topology_domain,fabricdom_hmac_b64cf069909c,2026-06-03T15:15:52Z,2026-06-04T15:15:52Z,86400,episode_reserved_but_unused_capacity_00045,reserved_but_unused_capacity,1,0.82,capacity-only evidence is capped at training possible,synthetic_latent_truth_plus_composite_rules,true,16.3673,2048.0,1761,0.865,0.94,0.0,0.0,1813.38,110.91,16.3673,0.8854,0.86,reserved,true,,,,,,3.0,12.0,0.0,2.0,0.08,0.038,0.2743,0.0,,,false,0.0255,0.0,0.0,0.03,0,0.0,0.08,0.0,0.96,0.2406,2.3099,0.0,4.6212,0.22,0.06,0.3475,0.3563,0.392,1813,none,0.852,1813,false,0.0,0.0,0.0,0.0,false,,,,false,false,0.98,0.0,true,0.98,0.01,71,0,false,false,,,,1.0,observed,1.0,observed,1.0,observed,1.0,observed,0.0,routine_profiler_disabled,1.0,observed,1.0,observed,1.0,observed,1.0,observed,1.0,observed,1.0,observed,0.0,privacy_redacted,1.0,observed,1.0,observed,1.0,observed,0.0,not_scheduled,1.0,observed,valid,operator_signed,operator_signed,bms_meter,features-v0.1.0,policy-thresholds-v0.1.0,h100e-normalization-v0.1.0,sha256:54a44949c378a623871ebe4a3077f3280a718f0e2feaa56e764d9606f755b40b,true,false,false,capacity_only
feat_642714c03f94ccbc729bcc70,synthetic_v0_seed_20260510,20260510,site_c,topology_domain,fabricdom_hmac_2967cefd828e,2026-06-03T15:47:14Z,2026-06-04T15:47:14Z,86400,episode_hpc_mpi_simulation_00186,hpc_mpi_simulation,0,0.95,capacity below policy threshold with strong coverage,synthetic_latent_truth_plus_composite_rules,false,0.0555,384.0,276,0.9,0.66,0.0,0.0,316.88,2.15,0.0555,0.8252,0.86,hpc,false,,,,,,70.0,92.0,0.68,42.0,0.46,0.493,0.97,0.0,,,false,0.612,0.5336,0.0,0.72,211,0.58,0.283,0.3132,0.96,0.8122,0.5794,4945.8286,0.0896,0.1112,0.0118,0.8484,0.7535,0.7485,316,mpi_hpc_simulation,0.852,316,true,0.0,0.0,0.08,0.0,false,,,,false,false,0.98,0.0,true,0.98,0.01,73,0,false,false,,,,1.0,observed,1.0,observed,1.0,observed,1.0,observed,0.0,routine_profiler_disabled,1.0,observed,1.0,observed,1.0,observed,1.0,observed,1.0,observed,1.0,observed,0.0,privacy_redacted,1.0,observed,1.0,observed,1.0,observed,0.0,not_scheduled,1.0,observed,valid,auditor_reconciled,auditor_reconciled,bms_meter,features-v0.1.0,policy-thresholds-v0.1.0,h100e-normalization-v0.1.0,sha256:7971350ed553e2ca141f45716b96b9e6eb363fa96543a2faff06ed60cff029f8,false,false,false,false_positive_primary
feat_9de636951e9e0c42c8adf2bf,synthetic_v0_seed_20260510,20260510,site_a,topology_domain,fabricdom_hmac_7dfbe5a9afe5,2026-06-03T16:09:09Z,2026-06-04T16:09:09Z,86400,episode_large_etl_data_movement_00189,large_etl_data_movement,1,0.72,physical activity alone is weak and non-semantic,synthetic_latent_truth_plus_composite_rules,true,0.0153,4096.0,3522,0.83,0.94,0.0,0.0,3.5,53.65,0.0153,0.0009,0.25,data,false,,,,,301.33,22.0,48.0,0.08,12.0,0.28,0.178,0.5874,0.0,,,false,0.153,0.046,0.0,0.18,0,0.05,0.0975,0.0067,0.96,0.2203,4.4398,0.0,2.2354,0.2072,0.2198,0.5729,0.2918,0.3342,3,etl_data_pipeline,0.425,3,false,1796.08,0.0,0.0,0.0,false,,,,false,false,0.98,0.0,true,0.98,0.01,35,0,false,false,,,,1.0,observed,1.0,observed,0.0,not_applicable,1.0,observed,0.0,routine_profiler_disabled,1.0,observed,1.0,observed,1.0,observed,1.0,observed,1.0,observed,1.0,observed,0.0,privacy_redacted,1.0,observed,1.0,observed,1.0,observed,0.0,not_scheduled,1.0,observed,valid,operator_signed,operator_signed,bms_meter,features-v0.1.0,policy-thresholds-v0.1.0,h100e-normalization-v0.1.0,sha256:df5d3f636920a3ec82b69d10b32702329437453f906c450ffbea1ac026856420,false,false,true,physical_only
feat_647c0eb6f64bc7dca7bf47e9,synthetic_v0_seed_20260510,20260510,site_c,topology_domain,fabricdom_hmac_8f408e3606,2026-06-03T17:30:25Z,2026-06-04T17:30:25Z,86400,episode_idle_00156,idle,0,0.95,capacity below policy threshold with strong coverage,synthetic_latent_truth_plus_composite_rules,false,0.0,384.0,276,0.9,0.66,0.0,0.0,0.0,0.0,0.0,0.0,0.0,none,false,,,,,,0.0,0.0,0.0,0.0,0.0,0.0,0.18,0.0,,,false,0.0,0.0,0.0,0.0,0,0.0,0.0,0.0,0.96,0.1672,0.5794,0.0,1.5837,0.2204,0.0,0.08,0.1,0.12,0,none,0.0,0,false,0.0,0.0,0.0,0.0,false,,,,false,false,0.98,0.0,true,0.98,0.01,54,0,false,false,,,,1.0,observed,1.0,observed,1.0,observed,1.0,observed,0.0,routine_profiler_disabled,1.0,observed,1.0,observed,1.0,observed,1.0,observed,1.0,observed,1.0,observed,0.0,privacy_redacted,1.0,observed,1.0,observed,1.0,observed,0.0,not_scheduled,1.0,observed,valid,auditor_reconciled,auditor_reconciled,bms_meter,features-v0.1.0,policy-thresholds-v0.1.0,h100e-normalization-v0.1.0,sha256:0848622026a6b589cb43067b29bde1c1ad121b80e9ff0c9d9c1ca4fe53364495,false,false,false,none
feat_ed41e7f0b6a07dffbaba211d,synthetic_v0_seed_20260510,20260510,site_a,linked_job_group,jobgrp_hmac_bafb33a322d8,2026-06-04T00:19:26Z,2026-06-05T00:19:26Z,86400,episode_pretraining_00201,pretraining,4,0.96,authenticated ML evidence crosses the policy compute threshold,synthetic_latent_truth_plus_composite_rules,true,45.3298,4096.0,3522,0.83,0.94,0.0,0.0,2419.17,230.25,45.3298,0.5906,0.8307,train,true,,,,,,84.32,93.32,0.8736,87.86,0.7407,0.976,0.9815,0.0,,,false,0.6976,0.7215,0.0,0.8207,2177,0.7842,0.3545,0.4827,0.96,0.6499,4.4398,43303.9684,9.5938,0.0802,0.0702,0.8567,0.6269,0.6349,2419,pytorch_distributed_training,0.8315,2419,true,467.24,1.455,0.8082,0.7224,true,84.64,2433.32,18109,true,true,0.98,0.0,true,0.98,0.01,53,0,false,false,,,,1.0,observed,1.0,observed,0.0,not_applicable,1.0,observed,0.0,routine_profiler_disabled,1.0,observed,1.0,observed,1.0,observed,1.0,observed,1.0,observed,1.0,observed,0.9276,delayed_log_delivery,1.0,observed,1.0,observed,1.0,observed,0.0,not_scheduled,1.0,observed,valid,operator_signed,operator_signed,bms_meter,features-v0.1.0,policy-thresholds-v0.1.0,h100e-normalization-v0.1.0,sha256:dc15e2d580882f10084e33a2787b69e10a93f53ea34400ffb1a2011f4712fd29,false,false,false,training_primary_semantic
feat_cfe523d63a4739c0b918be8f,synthetic_v0_seed_20260510,20260510,site_b,linked_job_group,jobgrp_hmac_13fed90caf43,2026-06-04T02:15:09Z,2026-06-05T02:15:09Z,86400,episode_large_fine_tune_00018,large_fine_tune,4,0.96,authenticated ML evidence crosses the policy compute threshold,synthetic_latent_truth_plus_composite_rules,true,30.8334,2048.0,1761,0.865,0.94,0.0,0.0,1692.14,223.91,30.8334,0.8262,0.8884,train,true,,,,,,88.8,97.8,0.8866,95.81,0.792,1.0,1.0,0.0,0.6795,0.6926,true,0.6454,0.6828,0.0,0.7593,1444,0.7422,0.3398,0.4226,0.96,0.8503,2.3099,32005.5594,9.3296,0.0781,0.0241,0.87,0.7832,0.7752,1692,pytorch_distributed_training,0.8719,1692,true,311.71,2.273,0.8662,0.8896,true,95.69,2705.03,440924,true,true,0.98,0.0,true,0.98,0.01,50,0,false,false,,,,1.0,observed,1.0,observed,1.0,observed,1.0,observed,0.734,privacy_redacted,1.0,observed,1.0,observed,1.0,observed,1.0,observed,1.0,observed,1.0,observed,0.8891,delayed_log_delivery,1.0,observed,1.0,observed,1.0,observed,0.0,not_scheduled,1.0,observed,valid,operator_signed,operator_signed,bms_meter,features-v0.1.0,policy-thresholds-v0.1.0,h100e-normalization-v0.1.0,sha256:9b964fe9debcbb8150e245632ae3f4344d917212d24c0b28beb6e82e5ac7e77b,false,false,false,training_primary_semantic
feat_be151281d9ba87beed70e241,synthetic_v0_seed_20260510,20260510,site_a,topology_domain,fabricdom_hmac_f5d967f2520c,2026-06-04T02:16:14Z,2026-06-05T02:16:14Z,86400,episode_hpc_mpi_simulation_00042,hpc_mpi_simulation,2,0.78,hpc_mpi_simulation is a high-load false-positive class requiring cross-checks,synthetic_latent_truth_plus_composite_rules,true,0.399,4096.0,3522,0.83,0.94,0.0,0.0,131.04,37.41,0.399,0.032,0.86,hpc,false,,,,,,70.0,92.0,0.68,42.0,0.46,0.493,0.97,0.0,0.3085,0.5897,true,0.612,0.5336,0.0,0.72,87,0.58,0.283,0.3132,0.96,0.45,4.4398,22003.392,1.5587,0.1112,0.419,0.8484,0.471,0.495,131,mpi_hpc_simulation,0.852,131,true,0.0,0.0,0.08,0.0,false,,,,false,false,0.98,0.0,true,0.98,0.01,11,0,false,false,,,,1.0,observed,1.0,observed,0.0,not_applicable,1.0,observed,0.783,privacy_redacted,1.0,observed,1.0,observed,1.0,observed,1.0,observed,1.0,observed,1.0,observed,0.0,privacy_redacted,1.0,observed,1.0,observed,1.0,observed,0.0,not_scheduled,1.0,observed,valid,operator_signed,operator_signed,bms_meter,features-v0.1.0,policy-thresholds-v0.1.0,h100e-normalization-v0.1.0,sha256:aca2ae6370453e7b329c9c34c236792173ff1c2881908e6577accbebb4ec3016,false,false,false,false_positive_primary
feat_5fc5c87786eba199ad835030,synthetic_v0_seed_20260510,20260510,site_a,linked_job_group,jobgrp_hmac_cbfa4a001a7b,2026-06-04T05:05:12Z,2026-06-05T05:05:12Z,86400,episode_adversarial_fragmented_training_00008,adversarial_fragmented_training,2,0.78,fragmented sub-threshold activity is elevated until jobs/accounts are linked,synthetic_latent_truth_plus_composite_rules,true,2.3996,4096.0,3522,0.83,0.94,0.0,0.5401,309.34,95.32,2.3996,0.0755,0.42,unknown,false,,,,,,76.0,91.0,0.78,86.0,0.74,0.959,0.9613,0.0,,,false,0.408,0.506,0.0,0.48,195,0.55,0.2725,0.198,0.96,0.45,4.4398,22003.392,3.9717,0.0952,0.3774,0.8421,0.471,0.495,309,pytorch_distributed_training,0.544,309,true,0.0,0.484,0.629,0.0,false,,,,false,false,0.98,0.0,true,0.98,0.01,61,0,false,false,,,,1.0,observed,1.0,observed,0.0,not_applicable,1.0,observed,0.0,routine_profiler_disabled,1.0,observed,1.0,observed,1.0,observed,1.0,observed,1.0,observed,1.0,observed,0.0,privacy_redacted,1.0,observed,1.0,observed,1.0,observed,0.0,not_scheduled,1.0,observed,valid,operator_signed,operator_signed,bms_meter,features-v0.1.0,policy-thresholds-v0.1.0,h100e-normalization-v0.1.0,sha256:9a87d087c77a3bdcba1ad7a3001040a6c1b1cae48a801039c7b8bcfcb8af5bcc,false,false,false,training_fragmented
feat_14fb96eb7a3efc264183d91d,synthetic_v0_seed_20260510,20260510,site_b,topology_domain,fabricdom_hmac_91e1474b6e,2026-06-04T05:12:03Z,2026-06-05T05:12:03Z,86400,episode_idle_00200,idle,0,0.94,idle window has strong critical-layer coverage,synthetic_latent_truth_plus_composite_rules,true,0.0,2048.0,1761,0.865,0.94,0.0,0.0,0.0,0.0,0.0,0.0,0.0,none,false,,,,,,0.0,0.0,0.0,0.0,0.0,0.0,0.18,0.0,,,false,0.0,0.0,0.0,0.0,0,0.0,0.0,0.0,0.96,0.2343,2.3099,0.0,0.5046,0.2195,0.0,0.08,0.1,0.12,0,none,0.0,0,false,0.0,0.0,0.0,0.0,false,,,,false,false,0.98,0.0,true,0.98,0.01,34,0,false,false,,,,1.0,observed,1.0,observed,1.0,observed,1.0,observed,0.0,routine_profiler_disabled,1.0,observed,1.0,observed,1.0,observed,1.0,observed,1.0,observed,1.0,observed,0.0,privacy_redacted,1.0,observed,1.0,observed,1.0,observed,0.0,not_scheduled,1.0,observed,valid,operator_signed,operator_signed,bms_meter,features-v0.1.0,policy-thresholds-v0.1.0,h100e-normalization-v0.1.0,sha256:ec0e80b70e03b4a3713ec68dcd05787aa9aef8eb7980df627502d4302c904852,false,false,false,none
feat_8d45b2b1101af584c090e8b7,synthetic_v0_seed_20260510,20260510,site_b,linked_job_group,jobgrp_hmac_baa6a83d71b6,2026-06-04T06:09:13Z,2026-06-05T06:09:13Z,86400,episode_large_fine_tune_00142,large_fine_tune,3,0.89,two independent primary layers plus corroboration support likely training,synthetic_latent_truth_plus_composite_rules,true,11.5706,2048.0,1761,0.865,0.94,0.0,0.0,659.12,215.71,11.5706,0.3218,0.8367,train,true,,,,,,83.6,92.6,0.8002,93.39,0.8054,1.0,0.9753,0.0,0.6436,0.6108,true,0.7061,0.841,0.0,0.8307,593,0.9141,0.4,0.5695,0.96,0.4525,2.3099,9952.2912,8.9879,0.092,0.1386,0.8522,0.473,0.4967,659,pytorch_distributed_training,0.8357,659,true,382.18,1.8,0.6751,0.7817,false,,,,false,false,0.98,0.0,true,0.98,0.01,63,0,false,false,,,,1.0,observed,1.0,observed,1.0,observed,1.0,observed,0.7835,privacy_redacted,1.0,observed,1.0,observed,1.0,observed,1.0,observed,1.0,observed,1.0,observed,0.0,privacy_redacted,1.0,observed,1.0,observed,1.0,observed,0.0,not_scheduled,1.0,observed,valid,operator_signed,operator_signed,bms_meter,features-v0.1.0,policy-thresholds-v0.1.0,h100e-normalization-v0.1.0,sha256:a5ef163bbed22db816349a964365b784f1e5e4ce63d66016a7550f61a810d309,false,false,false,training_primary_semantic
feat_452ae2ea8db3c19e4d970d0d,synthetic_v0_seed_20260510,20260510,site_b,topology_domain,fabricdom_hmac_aa1d7781e532,2026-06-04T06:21:16Z,2026-06-05T06:21:16Z,86400,episode_large_batch_inference_00033,large_batch_inference,2,0.78,large_batch_inference is a high-load false-positive class requiring cross-checks,synthetic_latent_truth_plus_composite_rules,true,1.6995,2048.0,1761,0.865,0.94,0.0,0.0,882.57,23.66,1.6995,0.4309,0.78,inference,false,,,,,,68.0,88.0,0.62,72.0,0.62,0.803,0.9352,0.0,,,false,0.187,0.138,0.0,0.22,152,0.15,0.1325,0.0248,0.96,0.5158,2.3099,13461.5217,0.9858,0.1208,0.1128,0.8233,0.5223,0.5411,882,large_batch_inference,0.796,882,false,23.65,0.0,0.0,0.0,false,,,,false,false,0.98,0.0,true,0.98,0.01,25,0,false,false,,,,1.0,observed,1.0,observed,1.0,observed,1.0,observed,0.0,routine_profiler_disabled,1.0,observed,1.0,observed,1.0,observed,1.0,observed,1.0,observed,1.0,observed,0.0,privacy_redacted,1.0,observed,1.0,observed,1.0,observed,0.0,not_scheduled,1.0,observed,valid,operator_signed,operator_signed,bms_meter,features-v0.1.0,policy-thresholds-v0.1.0,h100e-normalization-v0.1.0,sha256:214e9818d94f4e91b14cc976108e2824d15594638d3750f831a5ce034c6de656,false,false,false,false_positive_primary
feat_b8ac3650f024472807fbeeb1,synthetic_v0_seed_20260510,20260510,site_b,topology_domain,fabricdom_hmac_91e1474b6e,2026-06-04T09:39:45Z,2026-06-05T09:39:45Z,86400,episode_idle_00136,idle,0,0.94,idle window has strong critical-layer coverage,synthetic_latent_truth_plus_composite_rules,true,0.0,2048.0,1761,0.865,0.94,0.0,0.0,0.0,0.0,0.0,0.0,0.0,none,false,,,,,,0.0,0.0,0.0,0.0,0.0,0.0,0.18,0.0,,,false,0.0,0.0,0.0,0.0,0,0.0,0.0,0.0,0.96,0.1346,2.3099,0.0,1.1925,0.1633,0.0,0.08,0.1,0.12,0,none,0.0,0,false,0.0,0.0,0.0,0.0,false,,,,false,false,0.98,0.0,true,0.98,0.01,13,0,false,false,,,,1.0,observed,1.0,observed,1.0,observed,1.0,observed,0.0,routine_profiler_disabled,1.0,observed,1.0,observed,1.0,observed,1.0,observed,1.0,observed,1.0,observed,0.0,privacy_redacted,1.0,observed,1.0,observed,1.0,observed,0.0,not_scheduled,1.0,observed,valid,operator_signed,operator_signed,bms_meter,features-v0.1.0,policy-thresholds-v0.1.0,h100e-normalization-v0.1.0,sha256:179213194fb600984ad097bbce82e1f2e74cba384df38219aac0eaf40cfccfd5,false,false,false,none
feat_378e00001f790ef2e798acb4,synthetic_v0_seed_20260510,20260510,site_b,linked_job_group,jobgrp_hmac_6bd35a790f62,2026-06-04T09:58:41Z,2026-06-05T09:58:41Z,86400,episode_pretraining_00065,pretraining,4,0.93,"scheduler, GPU, fabric, power, and storage cohere under high integrity",synthetic_latent_truth_plus_composite_rules,true,21.4581,2048.0,1761,0.865,0.94,0.0,0.0,1563.14,168.68,21.4581,0.7633,0.8303,train,true,,,,,,81.99,90.99,0.8953,92.8,0.7808,1.0,0.9612,0.0,,,false,0.651,0.7271,0.0,0.7659,1406,0.7904,0.3566,0.454,0.96,0.7617,2.3099,27093.7455,7.0283,0.0768,0.028,0.8421,0.7141,0.7132,1563,pytorch_distributed_training,0.8312,1563,true,670.37,2.201,0.7265,0.9306,false,203.71,4195.81,416197,true,true,0.98,0.0,true,0.98,0.01,23,0,false,false,,,,1.0,observed,1.0,observed,1.0,observed,1.0,observed,0.0,routine_profiler_disabled,1.0,observed,1.0,observed,1.0,observed,1.0,observed,1.0,observed,1.0,observed,0.664,delayed_log_delivery,1.0,observed,1.0,observed,1.0,observed,0.0,not_scheduled,1.0,observed,valid,operator_signed,operator_signed,bms_meter,features-v0.1.0,policy-thresholds-v0.1.0,h100e-normalization-v0.1.0,sha256:ff97ae9d24d9d4fc6cec9ba33fb407e88de8b225a04198d86b5d727b955d7960,false,false,false,training_primary_semantic
feat_72488831888e6ba7598266f7,synthetic_v0_seed_20260510,20260510,site_b,linked_job_group,jobgrp_hmac_1e51d36d1075,2026-06-04T10:11:50Z,2026-06-05T10:11:50Z,86400,episode_small_fine_tune_00001,small_fine_tune,1,0.8,small fine-tune remains below policy compute threshold,synthetic_latent_truth_plus_composite_rules,true,0.2102,2048.0,1761,0.865,0.94,0.0,0.0,111.34,23.2,0.2102,0.0544,0.82,fine_tune,false,,,,,,68.0,89.0,0.7,78.0,0.68,0.872,0.9439,0.0,,,false,0.272,0.4784,0.0,0.32,66,0.52,0.262,0.1248,0.96,0.45,2.3099,9813.696,0.9667,0.108,0.3987,0.8296,0.471,0.495,111,pytorch_distributed_training,0.824,111,true,0.0,0.204,0.48,0.0,false,7.99,13.87,4549,true,true,0.98,0.0,true,0.98,0.01,33,0,false,false,,,,1.0,observed,1.0,observed,1.0,observed,1.0,observed,0.0,routine_profiler_disabled,1.0,observed,1.0,observed,1.0,observed,1.0,observed,1.0,observed,1.0,observed,0.55,delayed_log_delivery,1.0,observed,1.0,observed,1.0,observed,0.0,not_scheduled,1.0,observed,valid,operator_signed,operator_signed,bms_meter,features-v0.1.0,policy-thresholds-v0.1.0,h100e-normalization-v0.1.0,sha256:0b5c9d5da7a4b65b8eaeae97e9ba77d99180824b5feee983ce6b9d8d9c8bbcb2,false,false,false,none
feat_522faefc37adb803c2cd3ff5,synthetic_v0_seed_20260510,20260510,site_a,topology_domain,fabricdom_hmac_1584eefd95cc,2026-06-04T11:06:33Z,2026-06-05T11:06:33Z,86400,episode_normal_inference_00155,normal_inference,1,0.78,routine inference on capable monitored capacity leaves training possible but not elevated,synthetic_latent_truth_plus_composite_rules,true,0.0429,4096.0,3522,0.83,0.94,0.0,0.0,61.19,8.61,0.0429,0.0149,0.4433,inference,false,,,,,,54.06,52.92,0.1307,55.41,0.2846,0.5699,0.6302,0.0,,,false,0.0837,0.0332,0.0,0.0985,2,0.0361,0.0926,0.0027,0.96,0.2262,4.4398,0.0,0.3587,0.1991,0.2168,0.6037,0.2964,0.3383,61,tensorrt_llm_serving,0.5603,61,false,0.0,0.0,0.0,0.0,false,,,,false,false,0.98,0.0,true,0.98,0.01,71,0,false,false,,,,1.0,observed,1.0,observed,0.0,not_applicable,1.0,observed,0.0,routine_profiler_disabled,1.0,observed,1.0,observed,1.0,observed,1.0,observed,1.0,observed,1.0,observed,0.0,privacy_redacted,1.0,observed,1.0,observed,1.0,observed,0.0,not_scheduled,1.0,observed,valid,operator_signed,operator_signed,bms_meter,features-v0.1.0,policy-thresholds-v0.1.0,h100e-normalization-v0.1.0,sha256:0590ca56d80508e5969318f0cc860e0d1931744e079c6e9090c60085cbb98106,false,false,false,none
feat_ddba8fc9833008a0aa064f03,synthetic_v0_seed_20260510,20260510,site_b,linked_job_group,jobgrp_hmac_7b15cec64a32,2026-06-04T13:36:57Z,2026-06-05T13:36:57Z,86400,episode_small_fine_tune_00028,small_fine_tune,1,0.8,small fine-tune remains below policy compute threshold,synthetic_latent_truth_plus_composite_rules,true,0.1237,2048.0,1761,0.865,0.94,0.0,0.0,95.32,15.95,0.1237,0.0465,0.82,fine_tune,false,,,,,,68.0,89.0,0.7,78.0,0.68,0.872,0.9439,0.0,,,false,0.272,0.4784,0.0,0.32,57,0.52,0.262,0.1248,0.96,0.45,2.3099,9813.696,0.6646,0.108,0.4061,0.8296,0.471,0.495,95,pytorch_distributed_training,0.824,95,true,0.0,0.215,0.48,0.0,false,11.58,17.05,784,true,true,0.98,0.0,true,0.98,0.01,42,0,false,false,,,,1.0,observed,1.0,observed,1.0,observed,1.0,observed,0.0,routine_profiler_disabled,1.0,observed,1.0,observed,1.0,observed,1.0,observed,1.0,observed,1.0,observed,0.55,delayed_log_delivery,1.0,observed,1.0,observed,1.0,observed,0.0,not_scheduled,1.0,observed,valid,operator_signed,operator_signed,bms_meter,features-v0.1.0,policy-thresholds-v0.1.0,h100e-normalization-v0.1.0,sha256:04e38baad94a87daf3371ba3069409193dad95a5d9e5927bcd8ddd1fc6b5e170,false,false,false,none
feat_95d3a6216edf484fe0e7a8cf,synthetic_v0_seed_20260510,20260510,site_b,topology_domain,fabricdom_hmac_b64cf069909c,2026-06-04T15:15:52Z,2026-06-05T15:15:52Z,86400,episode_reserved_but_unused_capacity_00045,reserved_but_unused_capacity,1,0.82,capacity-only evidence is capped at training possible,synthetic_latent_truth_plus_composite_rules,true,16.3673,2048.0,1761,0.865,0.94,0.0,0.0,1813.38,110.91,16.3673,0.8854,0.86,reserved,true,,,,,,3.0,12.0,0.0,2.0,0.08,0.038,0.2743,0.0,,,false,0.0255,0.0,0.0,0.03,0,0.0,0.08,0.0,0.96,0.2406,2.3099,0.0,4.6212,0.22,0.06,0.3475,0.3563,0.392,1813,none,0.852,1813,false,0.0,0.0,0.0,0.0,false,,,,false,false,0.98,0.0,true,0.98,0.01,71,0,false,false,,,,1.0,observed,1.0,observed,1.0,observed,1.0,observed,0.0,routine_profiler_disabled,1.0,observed,1.0,observed,1.0,observed,1.0,observed,1.0,observed,1.0,observed,0.0,privacy_redacted,1.0,observed,1.0,observed,1.0,observed,0.0,not_scheduled,1.0,observed,valid,operator_signed,operator_signed,bms_meter,features-v0.1.0,policy-thresholds-v0.1.0,h100e-normalization-v0.1.0,sha256:ce3b4766b5814ae9dd9f5edb1fb753bf4e5bc72281680232b5b20421433672c4,true,false,false,capacity_only
feat_19d82752d1adc1f3c58a1ff8,synthetic_v0_seed_20260510,20260510,site_a,topology_domain,fabricdom_hmac_e583d3d368,2026-06-04T15:35:52Z,2026-06-05T15:35:52Z,86400,episode_idle_00137,idle,0,0.94,idle window has strong critical-layer coverage,synthetic_latent_truth_plus_composite_rules,true,0.0,4096.0,3522,0.83,0.94,0.0,0.0,0.0,0.0,0.0,0.0,0.0,none,false,,,,,,0.0,0.0,0.0,0.0,0.0,0.0,0.18,0.0,,,false,0.0,0.0,0.0,0.0,0,0.0,0.0,0.0,0.96,0.2304,4.4398,0.0,1.9117,0.1689,0.0,0.08,0.1,0.12,0,none,0.0,0,false,0.0,0.0,0.0,0.0,false,,,,false,false,0.98,0.0,true,0.98,0.01,7,0,false,false,,,,1.0,observed,1.0,observed,0.0,not_applicable,1.0,observed,0.0,routine_profiler_disabled,1.0,observed,1.0,observed,1.0,observed,1.0,observed,1.0,observed,1.0,observed,0.0,privacy_redacted,1.0,observed,1.0,observed,1.0,observed,0.0,not_scheduled,1.0,observed,valid,operator_signed,operator_signed,bms_meter,features-v0.1.0,policy-thresholds-v0.1.0,h100e-normalization-v0.1.0,sha256:c7510586e75175b48642c7d8b6a60eb7a614e54aeda3d48535dfbccd10816777,false,false,false,none
feat_48e0a1955a986b2d6abbdecf,synthetic_v0_seed_20260510,20260510,site_a,topology_domain,fabricdom_hmac_7dfbe5a9afe5,2026-06-04T16:09:09Z,2026-06-05T16:09:09Z,86400,episode_large_etl_data_movement_00189,large_etl_data_movement,1,0.72,physical activity alone is weak and non-semantic,synthetic_latent_truth_plus_composite_rules,true,0.0153,4096.0,3522,0.83,0.94,0.0,0.0,3.5,53.65,0.0153,0.0009,0.25,data,false,,,,,301.33,22.0,48.0,0.08,12.0,0.28,0.178,0.5874,0.0,,,false,0.153,0.046,0.0,0.18,0,0.05,0.0975,0.0067,0.96,0.2203,4.4398,0.0,2.2354,0.2072,0.2198,0.5729,0.2918,0.3342,3,etl_data_pipeline,0.425,3,false,1796.08,0.0,0.0,0.0,false,,,,false,false,0.98,0.0,true,0.98,0.01,35,0,false,false,,,,1.0,observed,1.0,observed,0.0,not_applicable,1.0,observed,0.0,routine_profiler_disabled,1.0,observed,1.0,observed,1.0,observed,1.0,observed,1.0,observed,1.0,observed,0.0,privacy_redacted,1.0,observed,1.0,observed,1.0,observed,0.0,not_scheduled,1.0,observed,valid,operator_signed,operator_signed,bms_meter,features-v0.1.0,policy-thresholds-v0.1.0,h100e-normalization-v0.1.0,sha256:434c97ff124636a1097f24c763b774f90f92d9e46f0c491a76088b20a6d5aac8,false,false,true,physical_only
feat_78a0ae0aa0b96f3d34cc00ee,synthetic_v0_seed_20260510,20260510,site_c,topology_domain,fabricdom_hmac_8f408e3606,2026-06-04T16:31:20Z,2026-06-05T16:31:20Z,86400,episode_storage_rebuild_00046,storage_rebuild,0,0.95,capacity below policy threshold with strong coverage,synthetic_latent_truth_plus_composite_rules,false,0.0,384.0,276,0.9,0.66,0.0,0.0,0.0,5.0714,0.0,0.0,0.0,none,false,,,,,,0.0,0.0,0.0,0.0,0.0,0.0,0.18,0.0,,,false,0.0,0.0,0.0,0.0,0,0.0,0.0,0.0,0.96,0.4337,0.5794,0.0,0.2113,0.18,0.0,0.08,0.1,0.12,0,storage_rebuild,0.0,0,false,546.72,0.0,0.0,0.0716,false,,,,false,false,0.98,0.0,true,0.98,0.01,34,0,false,false,,,,1.0,observed,1.0,observed,1.0,observed,1.0,observed,0.0,routine_profiler_disabled,1.0,observed,1.0,observed,1.0,observed,1.0,observed,1.0,observed,1.0,observed,0.0,privacy_redacted,1.0,observed,1.0,observed,1.0,observed,0.0,not_scheduled,1.0,observed,valid,auditor_reconciled,auditor_reconciled,bms_meter,features-v0.1.0,policy-thresholds-v0.1.0,h100e-normalization-v0.1.0,sha256:5c1ed103f0be0f887f474d266dbb0921afe9234b2e9ac59a1171d1088c17fb97,false,false,true,physical_only
feat_38ec547c7062e932d98c11ad,synthetic_v0_seed_20260510,20260510,site_b,linked_job_group,jobgrp_hmac_398e11a41f95,2026-06-04T23:26:56Z,2026-06-05T23:26:56Z,86400,episode_small_fine_tune_00096,small_fine_tune,1,0.8,small fine-tune remains below policy compute threshold,synthetic_latent_truth_plus_composite_rules,true,0.0259,2048.0,1761,0.865,0.94,0.0,0.0,101.3,3.15,0.0259,0.0495,0.82,fine_tune,false,,,,,,68.0,89.0,0.7,78.0,0.68,0.872,0.9439,0.0,,,false,0.272,0.4784,0.0,0.32,60,0.52,0.262,0.1248,0.96,0.45,2.3099,9813.696,0.1313,0.108,0.4033,0.8296,0.471,0.495,101,pytorch_distributed_training,0.824,101,true,0.0,0.105,0.48,0.0,false,2.43,8.89,2059,true,true,0.98,0.0,true,0.98,0.01,59,0,false,false,,,,1.0,observed,1.0,observed,1.0,observed,1.0,observed,0.0,routine_profiler_disabled,1.0,observed,1.0,observed,1.0,observed,1.0,observed,1.0,observed,1.0,observed,0.55,delayed_log_delivery,1.0,observed,1.0,observed,1.0,observed,0.0,not_scheduled,1.0,observed,valid,operator_signed,operator_signed,bms_meter,features-v0.1.0,policy-thresholds-v0.1.0,h100e-normalization-v0.1.0,sha256:773de3b485d85e2d98263308b2afb2ef193f2dde85552f8aa3d8d1758cb06740,false,false,false,none
feat_da014d7b25d5cd8aede2f3b9,synthetic_v0_seed_20260510,20260510,site_a,topology_domain,fabricdom_hmac_3865fdfd7116,2026-06-05T01:21:48Z,2026-06-06T01:21:48Z,86400,episode_normal_inference_00009,normal_inference,1,0.78,routine inference on capable monitored capacity leaves training possible but not elevated,synthetic_latent_truth_plus_composite_rules,true,0.0474,4096.0,3522,0.83,0.94,0.0,0.0,30.0,19.4,0.0474,0.0073,0.4626,inference,false,,,,,,39.95,65.12,0.177,40.49,0.285,0.4357,0.7362,0.0,,,false,0.0589,0.1545,0.0,0.0693,5,0.1679,0.1388,0.0087,0.96,0.2237,4.4398,0.0,0.8083,0.1917,0.2183,0.6801,0.2945,0.3366,29,ray_batch_inference,0.5738,29,false,0.0,0.0,0.0,0.0,false,,,,false,false,0.98,0.0,true,0.98,0.01,51,0,false,false,,,,1.0,observed,1.0,observed,0.0,not_applicable,1.0,observed,0.0,routine_profiler_disabled,1.0,observed,1.0,observed,1.0,observed,1.0,observed,1.0,observed,1.0,observed,0.0,privacy_redacted,1.0,observed,1.0,observed,1.0,observed,0.0,not_scheduled,1.0,observed,valid,operator_signed,operator_signed,bms_meter,features-v0.1.0,policy-thresholds-v0.1.0,h100e-normalization-v0.1.0,sha256:8c189853bc6b5e89eccb36112d942f99b359b0d0ff9f82c570d1e670c014a54f,false,false,false,none
feat_a24b74a1ad4690075890f3cb,synthetic_v0_seed_20260510,20260510,site_c,topology_domain,fabricdom_hmac_671f37937533,2026-06-05T01:49:49Z,2026-06-06T01:49:49Z,86400,episode_large_batch_inference_00113,large_batch_inference,0,0.95,capacity below policy threshold with strong coverage,synthetic_latent_truth_plus_composite_rules,false,0.083,384.0,276,0.9,0.66,0.0,0.0,180.43,5.65,0.083,0.4699,0.78,inference,false,,,,,,68.0,88.0,0.62,72.0,0.62,0.803,0.9352,0.0,,,false,0.187,0.138,0.0,0.22,31,0.15,0.1325,0.0248,0.96,0.5425,0.5794,1195.7472,0.2354,0.1208,0.103,0.8233,0.5432,0.5597,180,large_batch_inference,0.796,180,false,79.63,0.0,0.0,0.0,false,,,,false,false,0.98,0.0,true,0.98,0.01,58,0,false,false,,,,1.0,observed,1.0,observed,1.0,observed,1.0,observed,0.0,routine_profiler_disabled,1.0,observed,1.0,observed,1.0,observed,1.0,observed,1.0,observed,1.0,observed,0.0,privacy_redacted,1.0,observed,1.0,observed,1.0,observed,0.0,not_scheduled,1.0,observed,valid,auditor_reconciled,auditor_reconciled,bms_meter,features-v0.1.0,policy-thresholds-v0.1.0,h100e-normalization-v0.1.0,sha256:ef7ee87ac46caf47af39444fce45221ff8c8de711803966f45c228c6309f0da9,false,false,false,false_positive_primary
feat_2ae7b4a2f1c33dec8a5ecca2,synthetic_v0_seed_20260510,20260510,site_a,linked_job_group,jobgrp_hmac_cbfa4a001a7b,2026-06-05T05:05:12Z,2026-06-06T05:05:12Z,86400,episode_adversarial_fragmented_training_00008,adversarial_fragmented_training,2,0.78,fragmented sub-threshold activity is elevated until jobs/accounts are linked,synthetic_latent_truth_plus_composite_rules,true,2.3996,4096.0,3522,0.83,0.94,0.0,0.5401,309.34,95.32,2.3996,0.0755,0.42,unknown,false,,,,,,76.0,91.0,0.78,86.0,0.74,0.959,0.9613,0.0,,,false,0.408,0.506,0.0,0.48,195,0.55,0.2725,0.198,0.96,0.45,4.4398,22003.392,3.9717,0.0952,0.3774,0.8421,0.471,0.495,309,pytorch_distributed_training,0.544,309,true,0.0,0.484,0.629,0.0,false,,,,false,false,0.98,0.0,true,0.98,0.01,61,0,false,false,,,,1.0,observed,1.0,observed,0.0,not_applicable,1.0,observed,0.0,routine_profiler_disabled,1.0,observed,1.0,observed,1.0,observed,1.0,observed,1.0,observed,1.0,observed,0.0,privacy_redacted,1.0,observed,1.0,observed,1.0,observed,0.0,not_scheduled,1.0,observed,valid,operator_signed,operator_signed,bms_meter,features-v0.1.0,policy-thresholds-v0.1.0,h100e-normalization-v0.1.0,sha256:fb010efa46fe202d85b6d389484b44a1e600d446174928bc51e5654370da91bf,false,false,false,training_fragmented
feat_0a36dcc3e28a19cd0ccb469b,synthetic_v0_seed_20260510,20260510,site_b,linked_job_group,jobgrp_hmac_55e0294358c8,2026-06-05T05:34:14Z,2026-06-06T05:34:14Z,86400,episode_underclocked_long_duration_training_00075,underclocked_long_duration_training,3,0.86,one strong primary layer plus semantic/supportive corroboration supports likely training,synthetic_latent_truth_plus_composite_rules,true,22.9192,2048.0,1761,0.865,0.94,0.0,0.0,754.69,373.18,22.9192,0.3685,0.86,unknown,true,,,,,,58.0,76.0,0.62,72.0,0.7,0.823,0.8309,0.0,,,false,0.4675,0.644,0.0,0.55,607,0.7,0.325,0.2888,0.96,0.4384,2.3099,9170.6143,15.5492,0.1208,0.0016,0.7482,0.462,0.4869,754,pytorch_distributed_training,0.852,754,true,0.0,0.897,0.7612,0.0,false,,,,false,false,0.98,0.0,true,0.98,0.01,35,0,false,false,,,,1.0,observed,1.0,observed,1.0,observed,1.0,observed,0.0,routine_profiler_disabled,1.0,observed,1.0,observed,1.0,observed,1.0,observed,1.0,observed,1.0,observed,0.0,privacy_redacted,1.0,observed,1.0,observed,1.0,observed,0.0,not_scheduled,1.0,observed,valid,operator_signed,operator_signed,bms_meter,features-v0.1.0,policy-thresholds-v0.1.0,h100e-normalization-v0.1.0,sha256:ad1e7549c781c4d4725b1a8e4ddcb7eb492b63ec98eaada9c01877fd2e7314ba,false,false,false,training_primary_semantic
feat_aed22c6be768533976086757,synthetic_v0_seed_20260510,20260510,site_a,linked_job_group,jobgrp_hmac_bafb33a322d8,2026-06-05T05:47:18Z,2026-06-06T05:47:18Z,86400,episode_pretraining_00201,pretraining,4,0.96,authenticated ML evidence crosses the policy compute threshold,synthetic_latent_truth_plus_composite_rules,true,45.3298,4096.0,3522,0.83,0.94,0.0,0.0,2419.17,230.25,45.3298,0.5906,0.8307,train,true,,,,,,84.32,93.32,0.8736,87.86,0.7407,0.976,0.9815,0.0,,,false,0.6976,0.7215,0.0,0.8207,2177,0.7842,0.3545,0.4827,0.96,0.6499,4.4398,43303.9684,9.5938,0.0802,0.0702,0.8567,0.6269,0.6349,2419,pytorch_distributed_training,0.8315,2419,true,467.24,1.455,0.8082,0.7224,true,84.64,2433.32,18109,true,true,0.98,0.0,true,0.98,0.01,53,0,false,false,,,,1.0,observed,1.0,observed,0.0,not_applicable,1.0,observed,0.0,routine_profiler_disabled,1.0,observed,1.0,observed,1.0,observed,1.0,observed,1.0,observed,1.0,observed,0.9276,delayed_log_delivery,1.0,observed,1.0,observed,1.0,observed,0.0,not_scheduled,1.0,observed,valid,operator_signed,operator_signed,bms_meter,features-v0.1.0,policy-thresholds-v0.1.0,h100e-normalization-v0.1.0,sha256:709855d2101afa1e81bf9bd8959ed8113d67d60f216d13e1000e3076be3f417a,false,false,false,training_primary_semantic
feat_666512c25eba939d76cac4ae,synthetic_v0_seed_20260510,20260510,site_b,linked_job_group,jobgrp_hmac_baa6a83d71b6,2026-06-05T06:09:13Z,2026-06-06T06:09:13Z,86400,episode_large_fine_tune_00142,large_fine_tune,3,0.89,two independent primary layers plus corroboration support likely training,synthetic_latent_truth_plus_composite_rules,true,11.5706,2048.0,1761,0.865,0.94,0.0,0.0,659.12,215.71,11.5706,0.3218,0.8367,train,true,,,,,,83.6,92.6,0.8002,93.39,0.8054,1.0,0.9753,0.0,0.6436,0.6108,true,0.7061,0.841,0.0,0.8307,593,0.9141,0.4,0.5695,0.96,0.4525,2.3099,9952.2912,8.9879,0.092,0.1386,0.8522,0.473,0.4967,659,pytorch_distributed_training,0.8357,659,true,382.18,1.8,0.6751,0.7817,false,,,,false,false,0.98,0.0,true,0.98,0.01,63,0,false,false,,,,1.0,observed,1.0,observed,1.0,observed,1.0,observed,0.7835,privacy_redacted,1.0,observed,1.0,observed,1.0,observed,1.0,observed,1.0,observed,1.0,observed,0.0,privacy_redacted,1.0,observed,1.0,observed,1.0,observed,0.0,not_scheduled,1.0,observed,valid,operator_signed,operator_signed,bms_meter,features-v0.1.0,policy-thresholds-v0.1.0,h100e-normalization-v0.1.0,sha256:3b18ba49cac23b36b18bf0b2115fcd773becd4b08dc4f6a03d3df477351c59ff,false,false,false,training_primary_semantic
feat_72895ecca8e582a640964a5b,synthetic_v0_seed_20260510,20260510,site_c,topology_domain,fabricdom_hmac_8f408e3606,2026-06-05T09:26:48Z,2026-06-06T09:26:48Z,86400,episode_idle_00135,idle,0,0.95,capacity below policy threshold with strong coverage,synthetic_latent_truth_plus_composite_rules,false,0.0,384.0,276,0.9,0.66,0.0,0.0,0.0,0.0,0.0,0.0,0.0,none,false,,,,,,0.0,0.0,0.0,0.0,0.0,0.0,0.18,0.0,,,false,0.0,0.0,0.0,0.0,0,0.0,0.0,0.0,0.96,0.2208,0.5794,0.0,1.5775,0.122,0.0,0.08,0.1,0.12,0,none,0.0,0,false,0.0,0.0,0.0,0.0,false,,,,false,false,0.98,0.0,true,0.98,0.01,56,0,false,false,,,,1.0,observed,1.0,observed,1.0,observed,1.0,observed,0.0,routine_profiler_disabled,1.0,observed,1.0,observed,1.0,observed,1.0,observed,1.0,observed,1.0,observed,0.0,privacy_redacted,1.0,observed,1.0,observed,1.0,observed,0.0,not_scheduled,1.0,observed,valid,auditor_reconciled,auditor_reconciled,bms_meter,features-v0.1.0,policy-thresholds-v0.1.0,h100e-normalization-v0.1.0,sha256:de0262441eb6b7ae0dfc179440716d2af4d2e0f0b1955cea953bf8e6e9ca3650,false,false,false,none
feat_6f627a3216435a3e37cb6858,synthetic_v0_seed_20260510,20260510,site_b,linked_job_group,jobgrp_hmac_6bd35a790f62,2026-06-05T09:58:41Z,2026-06-06T09:58:41Z,86400,episode_pretraining_00065,pretraining,4,0.93,"scheduler, GPU, fabric, power, and storage cohere under high integrity",synthetic_latent_truth_plus_composite_rules,true,21.4581,2048.0,1761,0.865,0.94,0.0,0.0,1563.14,168.68,21.4581,0.7633,0.8303,train,true,,,,,,81.99,90.99,0.8953,92.8,0.7808,1.0,0.9612,0.0,,,false,0.651,0.7271,0.0,0.7659,1406,0.7904,0.3566,0.454,0.96,0.7617,2.3099,27093.7455,7.0283,0.0768,0.028,0.8421,0.7141,0.7132,1563,pytorch_distributed_training,0.8312,1563,true,670.37,2.201,0.7265,0.9306,false,203.71,4195.81,416197,true,true,0.98,0.0,true,0.98,0.01,23,0,false,false,,,,1.0,observed,1.0,observed,1.0,observed,1.0,observed,0.0,routine_profiler_disabled,1.0,observed,1.0,observed,1.0,observed,1.0,observed,1.0,observed,1.0,observed,0.664,delayed_log_delivery,1.0,observed,1.0,observed,1.0,observed,0.0,not_scheduled,1.0,observed,valid,operator_signed,operator_signed,bms_meter,features-v0.1.0,policy-thresholds-v0.1.0,h100e-normalization-v0.1.0,sha256:13aca22c3c57ab02f623ba24d0d8c46f636c163721821bf162ac72e68d1f7a64,false,false,false,training_primary_semantic
feat_901298bf69f9d2c5116c639f,synthetic_v0_seed_20260510,20260510,site_c,topology_domain,fabricdom_hmac_16184d72d7c1,2026-06-05T10:57:24Z,2026-06-06T10:57:24Z,86400,episode_normal_inference_00029,normal_inference,0,0.95,capacity below policy threshold with strong coverage,synthetic_latent_truth_plus_composite_rules,false,0.0056,384.0,276,0.9,0.66,0.0,0.0,4.14,16.49,0.0056,0.0108,0.6653,inference,false,,,,,,52.57,72.56,0.2753,42.76,0.3901,0.4824,0.8009,0.0,,,false,0.0375,0.0152,0.0,0.0441,0,0.0165,0.0858,0.0005,0.96,0.38,0.5794,0.0,0.6871,0.176,0.3714,0.7266,0.4164,0.446,4,ray_batch_inference,0.7157,4,false,0.0,0.0,0.0,0.0,false,,,,false,false,0.98,0.0,true,0.98,0.01,36,0,false,false,,,,1.0,observed,1.0,observed,1.0,observed,1.0,observed,0.0,routine_profiler_disabled,1.0,observed,1.0,observed,1.0,observed,1.0,observed,1.0,observed,1.0,observed,0.0,privacy_redacted,1.0,observed,1.0,observed,1.0,observed,0.0,not_scheduled,1.0,observed,valid,auditor_reconciled,auditor_reconciled,bms_meter,features-v0.1.0,policy-thresholds-v0.1.0,h100e-normalization-v0.1.0,sha256:156f8e03d9c11e8cfb1561cc5c005a292eaf8f3aa4ee0d0fa0d56f14c7465f6d,false,false,false,none
feat_48243a346a366df04d7501e1,synthetic_v0_seed_20260510,20260510,site_b,topology_domain,fabricdom_hmac_bdc3bf96c390,2026-06-05T11:29:38Z,2026-06-06T11:29:38Z,86400,episode_synthetic_data_generation_00124,synthetic_data_generation,2,0.78,synthetic_data_generation is a high-load false-positive class requiring cross-checks,synthetic_latent_truth_plus_composite_rules,true,0.8004,2048.0,1761,0.865,0.94,0.0,0.0,940.75,10.45,0.8004,0.4593,0.75,synthetic_data,false,,,,,,72.0,91.0,0.72,80.0,0.7,0.895,0.9613,0.0,,,false,0.2975,0.23,0.0,0.35,270,0.25,0.1675,0.0656,0.96,0.546,2.3099,15135.7517,0.4354,0.1048,0.1045,0.8421,0.5459,0.5622,940,synthetic_data_generation_pipeline,0.775,940,false,287.28,0.0,0.0,0.28,false,,,,false,false,0.98,0.0,true,0.98,0.01,39,0,false,false,,,,1.0,observed,1.0,observed,1.0,observed,1.0,observed,0.0,routine_profiler_disabled,1.0,observed,1.0,observed,1.0,observed,1.0,observed,1.0,observed,1.0,observed,0.0,privacy_redacted,1.0,observed,1.0,observed,1.0,observed,0.0,not_scheduled,1.0,observed,valid,operator_signed,operator_signed,bms_meter,features-v0.1.0,policy-thresholds-v0.1.0,h100e-normalization-v0.1.0,sha256:39c59c7e6eba0e8b9d4d86a60d565d90a865bdb536e8c3885df9281b788c1523,false,false,false,false_positive_primary
feat_287c8451e70473b5e7c3388f,synthetic_v0_seed_20260510,20260510,site_c,topology_domain,fabricdom_hmac_0566c65cdf5d,2026-06-05T16:45:02Z,2026-06-06T16:45:02Z,86400,episode_synthetic_data_generation_00016,synthetic_data_generation,0,0.95,capacity below policy threshold with strong coverage,synthetic_latent_truth_plus_composite_rules,false,0.1541,384.0,276,0.9,0.66,0.0,0.0,194.11,9.76,0.1541,0.5055,0.75,synthetic_data,false,,,,,,72.0,91.0,0.72,80.0,0.7,0.895,0.9613,0.0,,,false,0.2975,0.23,0.0,0.35,55,0.25,0.1675,0.0656,0.96,0.5788,0.5794,1700.4856,0.4067,0.1048,0.0929,0.8421,0.5715,0.5852,194,synthetic_data_generation_pipeline,0.775,194,false,180.57,0.0,0.0,0.28,false,,,,false,false,0.98,0.0,true,0.98,0.01,6,0,false,false,,,,1.0,observed,1.0,observed,1.0,observed,1.0,observed,0.0,routine_profiler_disabled,1.0,observed,1.0,observed,1.0,observed,1.0,observed,1.0,observed,1.0,observed,0.0,privacy_redacted,1.0,observed,1.0,observed,1.0,observed,0.0,not_scheduled,1.0,observed,valid,auditor_reconciled,auditor_reconciled,bms_meter,features-v0.1.0,policy-thresholds-v0.1.0,h100e-normalization-v0.1.0,sha256:3e54a84f11358302f1dcec9ad9d577cf3961a6097342b3f505b4e51c5904672f,false,false,false,false_positive_primary
feat_84689c4fd4770f33d1fc856b,synthetic_v0_seed_20260510,20260510,site_b,topology_domain,fabricdom_hmac_275345f94fd7,2026-06-05T17:15:12Z,2026-06-06T17:15:12Z,86400,episode_hpc_mpi_simulation_00078,hpc_mpi_simulation,2,0.78,hpc_mpi_simulation is a high-load false-positive class requiring cross-checks,synthetic_latent_truth_plus_composite_rules,true,3.7412,2048.0,1761,0.865,0.94,0.0,0.0,1024.08,44.89,3.7412,0.5,0.86,hpc,true,,,,,,70.0,92.0,0.68,42.0,0.46,0.493,0.97,0.0,0.4748,0.495,true,0.612,0.5336,0.0,0.72,683,0.58,0.283,0.3132,0.96,0.5788,2.3099,16954.1207,1.8704,0.1112,0.0938,0.8484,0.5715,0.5852,1024,mpi_hpc_simulation,0.852,1024,true,0.0,0.0,0.08,0.0,false,,,,false,false,0.98,0.0,true,0.98,0.01,46,0,false,false,,,,1.0,observed,1.0,observed,1.0,observed,1.0,observed,0.3605,privacy_redacted,1.0,observed,1.0,observed,1.0,observed,1.0,observed,1.0,observed,1.0,observed,0.0,privacy_redacted,1.0,observed,1.0,observed,1.0,observed,0.0,not_scheduled,1.0,observed,valid,operator_signed,operator_signed,bms_meter,features-v0.1.0,policy-thresholds-v0.1.0,h100e-normalization-v0.1.0,sha256:a036bd27291df5e83889d9f87f482ba046af6cea4191d4ceb3d20246585f763a,false,false,false,false_positive_primary
feat_4854a43b1e6d0066a8eee751,synthetic_v0_seed_20260510,20260510,site_a,topology_domain,fabricdom_hmac_631230d27529,2026-06-05T23:48:29Z,2026-06-06T23:48:29Z,86400,episode_hpc_mpi_simulation_00101,hpc_mpi_simulation,2,0.78,hpc_mpi_simulation is a high-load false-positive class requiring cross-checks,synthetic_latent_truth_plus_composite_rules,true,0.7534,4096.0,3522,0.83,0.94,0.0,0.0,715.9,12.93,0.7534,0.1748,0.86,hpc,false,,,,,,70.0,92.0,0.68,42.0,0.46,0.493,0.97,0.0,0.3207,0.4928,true,0.612,0.5336,0.0,0.72,477,0.58,0.283,0.3132,0.96,0.45,4.4398,22003.392,0.5387,0.1112,0.2804,0.8484,0.471,0.495,715,mpi_hpc_simulation,0.852,715,true,0.0,0.0,0.08,0.0,false,,,,false,false,0.98,0.0,true,0.98,0.01,43,0,false,false,,,,1.0,observed,1.0,observed,0.0,not_applicable,1.0,observed,0.7193,privacy_redacted,1.0,observed,1.0,observed,1.0,observed,1.0,observed,1.0,observed,1.0,observed,0.0,privacy_redacted,1.0,observed,1.0,observed,1.0,observed,0.0,not_scheduled,1.0,observed,valid,operator_signed,operator_signed,bms_meter,features-v0.1.0,policy-thresholds-v0.1.0,h100e-normalization-v0.1.0,sha256:d8a634df64c36555afaaeb9a859af8e16e504f40501752bed1a0d06837e78675,false,false,false,false_positive_primary
feat_27ef3629b3b18c6219a3519f,synthetic_v0_seed_20260510,20260510,site_a,topology_domain,fabricdom_hmac_d1f32bccd730,2026-06-06T01:39:36Z,2026-06-07T01:39:36Z,86400,episode_normal_inference_00022,normal_inference,1,0.78,routine inference on capable monitored capacity leaves training possible but not elevated,synthetic_latent_truth_plus_composite_rules,true,0.0018,4096.0,3522,0.83,0.94,0.0,0.0,8.41,2.56,0.0018,0.0021,0.5488,inference,false,,,,,,28.32,72.28,0.2186,53.0,0.374,0.5705,0.7985,0.0,,,false,0.0821,0.0004,0.0,0.0966,0,0.0004,0.0801,0.0,0.96,0.38,4.4398,14544.4608,0.1067,0.185,0.3783,0.7249,0.4164,0.446,8,ray_batch_inference,0.6341,8,false,0.0,0.0,0.0,0.0,false,,,,false,false,0.98,0.0,true,0.98,0.01,61,0,false,false,,,,1.0,observed,1.0,observed,0.0,not_applicable,1.0,observed,0.0,routine_profiler_disabled,1.0,observed,1.0,observed,1.0,observed,1.0,observed,1.0,observed,1.0,observed,0.0,privacy_redacted,1.0,observed,1.0,observed,1.0,observed,0.0,not_scheduled,1.0,observed,valid,operator_signed,operator_signed,bms_meter,features-v0.1.0,policy-thresholds-v0.1.0,h100e-normalization-v0.1.0,sha256:0ff0da405a4559221d4319b3fec49d8b9c02cc80c1f011a5463425fd9e05537e,false,false,false,none
feat_cfdd0d60c29c4274f879183c,synthetic_v0_seed_20260510,20260510,site_c,topology_domain,fabricdom_hmac_76a3fd739912,2026-06-06T03:23:19Z,2026-06-07T03:23:19Z,86400,episode_normal_inference_00055,normal_inference,0,0.95,capacity below policy threshold with strong coverage,synthetic_latent_truth_plus_composite_rules,false,0.0244,384.0,276,0.9,0.66,0.0,0.0,7.76,38.62,0.0244,0.0202,0.3712,inference,false,,,,,,55.91,75.93,0.3708,45.49,0.2988,0.4841,0.8302,0.0,,,false,0.0355,0.0577,0.0,0.0418,0,0.0627,0.102,0.002,0.96,0.38,0.5794,0.0,1.6092,0.1607,0.3632,0.7477,0.4164,0.446,7,tensorrt_llm_serving,0.5098,7,false,0.0,0.0,0.0,0.0,false,,,,false,false,0.98,0.0,true,0.98,0.01,78,0,false,false,,,,1.0,observed,1.0,observed,1.0,observed,1.0,observed,0.0,routine_profiler_disabled,1.0,observed,1.0,observed,1.0,observed,1.0,observed,1.0,observed,1.0,observed,0.0,privacy_redacted,1.0,observed,1.0,observed,1.0,observed,0.0,not_scheduled,1.0,observed,valid,auditor_reconciled,auditor_reconciled,bms_meter,features-v0.1.0,policy-thresholds-v0.1.0,h100e-normalization-v0.1.0,sha256:2b62824d90a0b017efed399e359773085bab1a67e4a59f6ba38b387decfad2ae,false,false,false,none
feat_5d04203cc2de33512104bf3b,synthetic_v0_seed_20260510,20260510,site_b,topology_domain,fabricdom_hmac_5fd4d776a053,2026-06-06T03:43:27Z,2026-06-07T03:43:27Z,86400,episode_synthetic_data_generation_00161,synthetic_data_generation,2,0.78,synthetic_data_generation is a high-load false-positive class requiring cross-checks,synthetic_latent_truth_plus_composite_rules,true,0.9324,2048.0,1761,0.865,0.94,0.0,0.0,477.1,24.01,0.9324,0.233,0.75,synthetic_data,false,,,,,,72.0,91.0,0.72,80.0,0.7,0.895,0.9613,0.0,,,false,0.2975,0.23,0.0,0.35,137,0.25,0.1675,0.0656,0.96,0.45,2.3099,9813.696,1.0004,0.1048,0.226,0.8421,0.471,0.495,477,synthetic_data_generation_pipeline,0.775,477,false,416.43,0.0,0.0,0.28,false,,,,false,false,0.98,0.0,true,0.98,0.01,77,0,false,false,,,,1.0,observed,1.0,observed,1.0,observed,1.0,observed,0.0,routine_profiler_disabled,1.0,observed,1.0,observed,1.0,observed,1.0,observed,1.0,observed,1.0,observed,0.0,privacy_redacted,1.0,observed,1.0,observed,1.0,observed,0.0,not_scheduled,1.0,observed,valid,operator_signed,operator_signed,bms_meter,features-v0.1.0,policy-thresholds-v0.1.0,h100e-normalization-v0.1.0,sha256:f8e97a6e2c0d85263ce0ee1327d3b4f29a153ea8a5cff860667c1a4b2e4a8de6,false,false,false,false_positive_primary
feat_f803462a9c87e6385f13c04b,synthetic_v0_seed_20260510,20260510,site_c,topology_domain,fabricdom_hmac_8f408e3606,2026-06-06T05:39:09Z,2026-06-07T05:39:09Z,86400,episode_idle_00133,idle,0,0.95,capacity below policy threshold with strong coverage,synthetic_latent_truth_plus_composite_rules,false,0.0,384.0,276,0.9,0.66,0.0,0.0,0.0,0.0,0.0,0.0,0.0,none,false,,,,,,0.0,0.0,0.0,0.0,0.0,0.0,0.18,0.0,,,false,0.0,0.0,0.0,0.0,0,0.0,0.0,0.0,0.96,0.1493,0.5794,0.0,1.4783,0.1985,0.0,0.08,0.1,0.12,0,none,0.0,0,false,0.0,0.0,0.0,0.0,false,,,,false,false,0.98,0.0,true,0.98,0.01,23,0,false,false,,,,1.0,observed,1.0,observed,1.0,observed,1.0,observed,0.0,routine_profiler_disabled,1.0,observed,1.0,observed,1.0,observed,1.0,observed,1.0,observed,1.0,observed,0.0,privacy_redacted,1.0,observed,1.0,observed,1.0,observed,0.0,not_scheduled,1.0,observed,valid,auditor_reconciled,auditor_reconciled,bms_meter,features-v0.1.0,policy-thresholds-v0.1.0,h100e-normalization-v0.1.0,sha256:30e5f5a2843f4bb1999a5bfdb215ee502a3250c5588f6ceeb7fc8e024b54f9e9,false,false,false,none
feat_196c2276354f9c28de63e172,synthetic_v0_seed_20260510,20260510,site_b,linked_job_group,jobgrp_hmac_bf0c0dd9e3bf,2026-06-06T07:38:30Z,2026-06-07T07:38:30Z,86400,episode_small_fine_tune_00038,small_fine_tune,1,0.8,small fine-tune remains below policy compute threshold,synthetic_latent_truth_plus_composite_rules,true,0.0338,2048.0,1761,0.865,0.94,0.0,0.0,19.29,21.52,0.0338,0.0094,0.82,fine_tune,false,,,,,,68.0,89.0,0.7,78.0,0.68,0.872,0.9439,0.0,,,false,0.272,0.4784,0.0,0.32,11,0.52,0.262,0.1248,0.96,0.45,2.3099,9813.696,0.8967,0.108,0.4411,0.8296,0.471,0.495,19,pytorch_distributed_training,0.824,19,true,0.0,0.21,0.48,0.0,false,1.54,8.66,3910,true,true,0.98,0.0,true,0.98,0.01,13,0,false,false,,,,1.0,observed,1.0,observed,1.0,observed,1.0,observed,0.0,routine_profiler_disabled,1.0,observed,1.0,observed,1.0,observed,1.0,observed,1.0,observed,1.0,observed,0.55,delayed_log_delivery,1.0,observed,1.0,observed,1.0,observed,0.0,not_scheduled,1.0,observed,valid,operator_signed,operator_signed,bms_meter,features-v0.1.0,policy-thresholds-v0.1.0,h100e-normalization-v0.1.0,sha256:9a01f8c2778aa53e8b796e9cf4d1de85b840404ae294202626d61732437cfa8c,false,false,false,none
feat_b1e3b1fb214fcd86ae422f5e,synthetic_v0_seed_20260510,20260510,site_c,topology_domain,fabricdom_hmac_8f408e3606,2026-06-06T08:51:42Z,2026-06-07T08:51:42Z,86400,episode_idle_00032,idle,0,0.95,capacity below policy threshold with strong coverage,synthetic_latent_truth_plus_composite_rules,false,0.0,384.0,276,0.9,0.66,0.0,0.0,0.0,0.0,0.0,0.0,0.0,none,false,,,,,,0.0,0.0,0.0,0.0,0.0,0.0,0.18,0.0,,,false,0.0,0.0,0.0,0.0,0,0.0,0.0,0.0,0.96,0.2133,0.5794,0.0,2.3817,0.2021,0.0,0.08,0.1,0.12,0,none,0.0,0,false,0.0,0.0,0.0,0.0,false,,,,false,false,0.98,0.0,true,0.98,0.01,34,0,false,false,,,,1.0,observed,1.0,observed,1.0,observed,1.0,observed,0.0,routine_profiler_disabled,1.0,observed,1.0,observed,1.0,observed,1.0,observed,1.0,observed,1.0,observed,0.0,privacy_redacted,1.0,observed,1.0,observed,1.0,observed,0.0,not_scheduled,1.0,observed,valid,auditor_reconciled,auditor_reconciled,bms_meter,features-v0.1.0,policy-thresholds-v0.1.0,h100e-normalization-v0.1.0,sha256:177b36ef73f1957f0ce2e9d99e46c888f132df69469bc5540793362059375856,false,false,false,none
feat_307659b7429c8205d4156c15,synthetic_v0_seed_20260510,20260510,site_c,topology_domain,fabricdom_hmac_8f408e3606,2026-06-06T09:03:57Z,2026-06-07T09:03:57Z,86400,episode_maintenance_window_00153,maintenance_window,1,0.63,"capacity below threshold, but coverage is not strong enough for negative certification",synthetic_latent_truth_plus_composite_rules,false,0.0,384.0,276,0.9,0.66,0.0,0.0,0.0,7.9124,0.0,0.0,0.0,none,false,,,,,,0.0,0.0,0.0,0.0,0.0,0.0,0.18,0.0,,,false,0.0,0.0,0.0,0.0,0,0.0,0.0,0.0,0.96,0.2,0.5794,0.0,0.3297,0.18,0.0,0.08,0.1,0.12,0,none,0.0,0,false,0.0,0.0,0.0,0.0,false,,,,false,false,0.98,0.0,true,0.629,0.371,22,1,false,true,,,,1.0,observed,1.0,observed,1.0,observed,0.629,collector_gap,0.0,routine_profiler_disabled,1.0,observed,0.629,collector_gap,1.0,observed,1.0,observed,1.0,observed,1.0,observed,0.0,privacy_redacted,1.0,observed,0.629,collector_gap,1.0,observed,0.0,not_scheduled,1.0,observed,valid,auditor_reconciled,auditor_reconciled,bms_meter,features-v0.1.0,policy-thresholds-v0.1.0,h100e-normalization-v0.1.0,sha256:d54902f8fde128c97e044d37d2cac184d07c29622d94a511c9a7e7f7ba475f9d,false,true,false,integrity_only
feat_abdf1f805b1bc7757cbb315f,synthetic_v0_seed_20260510,20260510,site_a,linked_job_group,jobgrp_hmac_bafb33a322d8,2026-06-06T11:15:09Z,2026-06-07T11:15:09Z,86400,episode_pretraining_00201,pretraining,4,0.96,authenticated ML evidence crosses the policy compute threshold,synthetic_latent_truth_plus_composite_rules,true,45.3298,4096.0,3522,0.83,0.94,0.0,0.0,2419.17,230.25,45.3298,0.5906,0.8307,train,true,,,,,,84.32,93.32,0.8736,87.86,0.7407,0.976,0.9815,0.0,,,false,0.6976,0.7215,0.0,0.8207,2177,0.7842,0.3545,0.4827,0.96,0.6499,4.4398,43303.9684,9.5938,0.0802,0.0702,0.8567,0.6269,0.6349,2419,pytorch_distributed_training,0.8315,2419,true,467.24,1.455,0.8082,0.7224,true,84.64,2433.32,18109,true,true,0.98,0.0,true,0.98,0.01,53,0,false,false,,,,1.0,observed,1.0,observed,0.0,not_applicable,1.0,observed,0.0,routine_profiler_disabled,1.0,observed,1.0,observed,1.0,observed,1.0,observed,1.0,observed,1.0,observed,0.9276,delayed_log_delivery,1.0,observed,1.0,observed,1.0,observed,0.0,not_scheduled,1.0,observed,valid,operator_signed,operator_signed,bms_meter,features-v0.1.0,policy-thresholds-v0.1.0,h100e-normalization-v0.1.0,sha256:cfc55eac2a580d2af6d9d12b796f24c811e2a7496a5b8010e5230814269bdc5d,false,false,false,training_primary_semantic
feat_249f38724727cc95e8fe3e7e,synthetic_v0_seed_20260510,20260510,site_b,linked_job_group,jobgrp_hmac_55e0294358c8,2026-06-07T07:27:10Z,2026-06-08T07:27:10Z,86400,episode_underclocked_long_duration_training_00075,underclocked_long_duration_training,3,0.86,one strong primary layer plus semantic/supportive corroboration supports likely training,synthetic_latent_truth_plus_composite_rules,true,22.9192,2048.0,1761,0.865,0.94,0.0,0.0,754.69,373.18,22.9192,0.3685,0.86,unknown,true,,,,,,58.0,76.0,0.62,72.0,0.7,0.823,0.8309,0.0,,,false,0.4675,0.644,0.0,0.55,607,0.7,0.325,0.2888,0.96,0.4384,2.3099,9170.6143,15.5492,0.1208,0.0016,0.7482,0.462,0.4869,754,pytorch_distributed_training,0.852,754,true,0.0,0.897,0.7612,0.0,false,,,,false,false,0.98,0.0,true,0.98,0.01,35,0,false,false,,,,1.0,observed,1.0,observed,1.0,observed,1.0,observed,0.0,routine_profiler_disabled,1.0,observed,1.0,observed,1.0,observed,1.0,observed,1.0,observed,1.0,observed,0.0,privacy_redacted,1.0,observed,1.0,observed,1.0,observed,0.0,not_scheduled,1.0,observed,valid,operator_signed,operator_signed,bms_meter,features-v0.1.0,policy-thresholds-v0.1.0,h100e-normalization-v0.1.0,sha256:151125fad1c08742bf13481cb6e05c2ada4f6523bf0c4bb3640998957bc8731a,false,false,false,training_primary_semantic
feat_15c702d855c0fae123d6fbb7,synthetic_v0_seed_20260510,20260510,site_c,topology_domain,fabricdom_hmac_8f408e3606,2026-06-07T08:51:42Z,2026-06-08T08:51:42Z,86400,episode_idle_00032,idle,0,0.95,capacity below policy threshold with strong coverage,synthetic_latent_truth_plus_composite_rules,false,0.0,384.0,276,0.9,0.66,0.0,0.0,0.0,0.0,0.0,0.0,0.0,none,false,,,,,,0.0,0.0,0.0,0.0,0.0,0.0,0.18,0.0,,,false,0.0,0.0,0.0,0.0,0,0.0,0.0,0.0,0.96,0.2133,0.5794,0.0,2.3817,0.2021,0.0,0.08,0.1,0.12,0,none,0.0,0,false,0.0,0.0,0.0,0.0,false,,,,false,false,0.98,0.0,true,0.98,0.01,34,0,false,false,,,,1.0,observed,1.0,observed,1.0,observed,1.0,observed,0.0,routine_profiler_disabled,1.0,observed,1.0,observed,1.0,observed,1.0,observed,1.0,observed,1.0,observed,0.0,privacy_redacted,1.0,observed,1.0,observed,1.0,observed,0.0,not_scheduled,1.0,observed,valid,auditor_reconciled,auditor_reconciled,bms_meter,features-v0.1.0,policy-thresholds-v0.1.0,h100e-normalization-v0.1.0,sha256:7414ea376df4bb5f96a770a445eccbdb91064dba8ecc00ef7f0d5dc21b274034,false,false,false,none
feat_d51818944f77d6e50d6e5535,synthetic_v0_seed_20260510,20260510,site_a,topology_domain,fabricdom_hmac_e583d3d368,2026-06-07T13:01:29Z,2026-06-08T13:01:29Z,86400,episode_idle_00002,idle,0,0.94,idle window has strong critical-layer coverage,synthetic_latent_truth_plus_composite_rules,true,0.0,4096.0,3522,0.83,0.94,0.0,0.0,0.0,0.0,0.0,0.0,0.0,none,false,,,,,,0.0,0.0,0.0,0.0,0.0,0.0,0.18,0.0,,,false,0.0,0.0,0.0,0.0,0,0.0,0.0,0.0,0.96,0.1817,4.4398,0.0,0.7108,0.2354,0.0,0.08,0.1,0.12,0,none,0.0,0,false,0.0,0.0,0.0,0.0,false,,,,false,false,0.98,0.0,true,0.98,0.01,71,0,false,false,,,,1.0,observed,1.0,observed,0.0,not_applicable,1.0,observed,0.0,routine_profiler_disabled,1.0,observed,1.0,observed,1.0,observed,1.0,observed,1.0,observed,1.0,observed,0.0,privacy_redacted,1.0,observed,1.0,observed,1.0,observed,0.0,not_scheduled,1.0,observed,valid,operator_signed,operator_signed,bms_meter,features-v0.1.0,policy-thresholds-v0.1.0,h100e-normalization-v0.1.0,sha256:db70a45c8b4c1e25a45641489a0df65ef121fb84dcbad584ab70c99051738f97,false,false,false,none
feat_b8dad84a7127b69d589652bd,synthetic_v0_seed_20260510,20260510,site_a,topology_domain,fabricdom_hmac_e6e566efdf11,2026-06-07T18:16:10Z,2026-06-08T18:16:10Z,86400,episode_large_batch_inference_00131,large_batch_inference,2,0.78,large_batch_inference is a high-load false-positive class requiring cross-checks,synthetic_latent_truth_plus_composite_rules,true,0.0612,4096.0,3522,0.83,0.94,0.0,0.0,304.98,2.46,0.0612,0.0745,0.78,inference,false,,,,,,68.0,88.0,0.62,72.0,0.62,0.803,0.9352,0.0,,,false,0.187,0.138,0.0,0.22,52,0.15,0.1325,0.0248,0.96,0.45,4.4398,22003.392,0.1025,0.1208,0.3803,0.8233,0.471,0.495,304,large_batch_inference,0.796,304,false,78.39,0.0,0.0,0.0,false,,,,false,false,0.98,0.0,true,0.98,0.01,6,0,false,false,,,,1.0,observed,1.0,observed,0.0,not_applicable,1.0,observed,0.0,routine_profiler_disabled,1.0,observed,1.0,observed,1.0,observed,1.0,observed,1.0,observed,1.0,observed,0.0,privacy_redacted,1.0,observed,1.0,observed,1.0,observed,0.0,not_scheduled,1.0,observed,valid,operator_signed,operator_signed,bms_meter,features-v0.1.0,policy-thresholds-v0.1.0,h100e-normalization-v0.1.0,sha256:32f193a1da1e141430edb67dfc65856ccfb6b180b0b1923030260d66a363a6c2,false,false,false,false_positive_primary
feat_5288dde3ff56554d86cbccde,synthetic_v0_seed_20260510,20260510,site_a,topology_domain,fabricdom_hmac_29c0b0b80409,2026-06-07T23:17:01Z,2026-06-08T23:17:01Z,86400,episode_large_batch_inference_00184,large_batch_inference,2,0.78,large_batch_inference is a high-load false-positive class requiring cross-checks,synthetic_latent_truth_plus_composite_rules,true,0.218,4096.0,3522,0.83,0.94,0.0,0.0,301.89,8.87,0.218,0.0737,0.78,inference,false,,,,,,68.0,88.0,0.62,72.0,0.62,0.803,0.9352,0.0,,,false,0.187,0.138,0.0,0.22,52,0.15,0.1325,0.0248,0.96,0.45,4.4398,22003.392,0.3696,0.1208,0.3811,0.8233,0.471,0.495,301,large_batch_inference,0.796,301,false,31.98,0.0,0.0,0.0,false,,,,false,false,0.98,0.0,true,0.98,0.01,15,0,false,false,,,,1.0,observed,1.0,observed,0.0,not_applicable,1.0,observed,0.0,routine_profiler_disabled,1.0,observed,1.0,observed,1.0,observed,1.0,observed,1.0,observed,1.0,observed,0.0,privacy_redacted,1.0,observed,1.0,observed,1.0,observed,0.0,not_scheduled,1.0,observed,valid,operator_signed,operator_signed,bms_meter,features-v0.1.0,policy-thresholds-v0.1.0,h100e-normalization-v0.1.0,sha256:05957c707e59febbdfa1dafbaec89b46be7fc98e9f6fc26e31083f1ff36a4ea8,false,false,false,false_positive_primary
feat_3bd34a740cf56f26e5d8278b,synthetic_v0_seed_20260510,20260510,site_a,linked_job_group,jobgrp_hmac_d026bef51aa1,2026-06-08T06:26:57Z,2026-06-09T06:26:57Z,86400,episode_small_fine_tune_00061,small_fine_tune,1,0.8,small fine-tune remains below policy compute threshold,synthetic_latent_truth_plus_composite_rules,true,0.0258,4096.0,3522,0.83,0.94,0.0,0.0,133.32,2.38,0.0258,0.0325,0.82,fine_tune,false,,,,,,68.0,89.0,0.7,78.0,0.68,0.872,0.9439,0.0,,,false,0.272,0.4784,0.0,0.32,79,0.52,0.262,0.1248,0.96,0.45,4.4398,22003.392,0.0992,0.108,0.4193,0.8296,0.471,0.495,133,pytorch_distributed_training,0.824,133,true,0.0,0.205,0.48,0.0,true,2.82,4.35,4466,true,true,0.98,0.0,true,0.98,0.01,50,0,false,false,,,,1.0,observed,1.0,observed,0.0,not_applicable,1.0,observed,0.0,routine_profiler_disabled,1.0,observed,1.0,observed,1.0,observed,1.0,observed,1.0,observed,1.0,observed,0.55,delayed_log_delivery,1.0,observed,1.0,observed,1.0,observed,0.0,not_scheduled,1.0,observed,valid,operator_signed,operator_signed,bms_meter,features-v0.1.0,policy-thresholds-v0.1.0,h100e-normalization-v0.1.0,sha256:64640e2cbb3dd24050920747f4b74ff3cf8a0977c608b68da589d5dfb763207e,false,false,false,none
feat_d83f4c74ba1799abd83bc8de,synthetic_v0_seed_20260510,20260510,site_c,topology_domain,fabricdom_hmac_6d0bf2448919,2026-06-08T10:57:23Z,2026-06-09T10:57:23Z,86400,episode_nccl_benchmark_00172,nccl_benchmark,0,0.95,capacity below policy threshold with strong coverage,synthetic_latent_truth_plus_composite_rules,false,0.0711,384.0,276,0.9,0.66,0.0,0.0,123.11,7.1,0.0711,0.3206,0.92,benchmark,false,,,,,,58.0,96.0,0.52,84.0,0.4,0.856,1.0,0.0,0.4249,0.3687,true,0.782,0.7912,0.0,0.92,110,0.86,0.381,0.5934,0.96,0.4601,0.5794,50.0049,0.2958,0.1368,0.1395,0.87,0.4789,0.5021,123,nccl_benchmark,0.894,123,true,0.0,0.0,0.0,0.0,false,,,,false,false,0.98,0.0,true,0.98,0.01,19,0,false,false,,,,1.0,observed,1.0,observed,1.0,observed,1.0,observed,0.7485,privacy_redacted,1.0,observed,1.0,observed,1.0,observed,1.0,observed,1.0,observed,1.0,observed,0.0,privacy_redacted,1.0,observed,1.0,observed,1.0,observed,0.0,not_scheduled,1.0,observed,valid,auditor_reconciled,auditor_reconciled,bms_meter,features-v0.1.0,policy-thresholds-v0.1.0,h100e-normalization-v0.1.0,sha256:f842830c9db3af1ca269dda6ab65b3ba986b3701f3056c90b4edbb5d8e28e99e,false,false,false,false_positive_primary
feat_bb63672899f0497f9a5da93f,synthetic_v0_seed_20260510,20260510,site_c,topology_domain,fabricdom_hmac_8f408e3606,2026-06-08T17:06:14Z,2026-06-09T17:06:14Z,86400,episode_maintenance_window_00068,maintenance_window,1,0.63,"capacity below threshold, but coverage is not strong enough for negative certification",synthetic_latent_truth_plus_composite_rules,false,0.0,384.0,276,0.9,0.66,0.0,0.0,0.0,3.0541,0.0,0.0,0.0,none,false,,,,,,0.0,0.0,0.0,0.0,0.0,0.0,0.18,0.0,,,false,0.0,0.0,0.0,0.0,0,0.0,0.0,0.0,0.96,0.2,0.5794,0.0,0.1273,0.18,0.0,0.08,0.1,0.12,0,none,0.0,0,false,0.0,0.0,0.0,0.0,false,,,,false,false,0.98,0.0,true,0.5221,0.4779,18,4,true,true,,,,1.0,observed,1.0,observed,1.0,observed,0.5221,collector_gap,0.0,routine_profiler_disabled,1.0,observed,0.5221,collector_gap,1.0,observed,1.0,observed,1.0,observed,1.0,observed,0.0,privacy_redacted,1.0,observed,0.5221,collector_gap,1.0,observed,0.0,not_scheduled,1.0,observed,valid,auditor_reconciled,auditor_reconciled,bms_meter,features-v0.1.0,policy-thresholds-v0.1.0,h100e-normalization-v0.1.0,sha256:0f69e2b04d5408a8f1504365c3789f1aded84be4901181fb9b635ff20ee65d13,false,true,false,integrity_only
